5000 25000
3522 2721 49
2832 2863 30
2727 1669 100
4252 2465 87
1248 3417 25
4028 1605 68
3475 2580 90
2712 3730 9
1097 3711 66
4022 2715 79
3736 1237 100
2684 421 15
2514 3148 37
3765 2400 2
4604 1 19
1728 4029 25
1895 3856 57
1636 2921 39
3596 4018 51
3162 4393 18
2192 4481 7
2591 2165 29
3557 1031 77
1193 1149 30
2646 2105 31
2517 3833 12
3993 2081 68
3049 3717 89
2188 2314 60
1390 1828 53
3307 4020 34
4165 2963 51
4093 1520 35
2170 4066 36
351 3064 41
2181 581 26
4392 4574 7
1811 3976 77
2152 2516 43
2863 3906 23
1615 3565 95
1200 2730 58
4302 1824 30
4788 346 48
1423 697 13
1515 4230 94
441 4974 21
2799 1785 49
227 289 65
4969 3152 71
4243 1119 88
2537 3671 18
3794 4326 94
4276 4114 92
3823 1890 41
1435 4757 23
981 198 97
1453 4350 35
901 4577 24
2865 4547 29
87 3790 100
874 2680 72
743 1474 98
3789 750 64
3532 926 54
325 3713 12
1347 4694 62
2344 2499 12
1478 3400 90
2253 2617 89
2533 2704 31
3933 4930 11
4004 674 38
4753 815 40
4616 4347 66
2722 4672 80
585 1020 26
4998 4716 26
2410 2546 26
751 1151 44
4991 3685 100
3021 2618 31
84 2974 57
3621 4079 24
4260 47 71
826 4121 96
2457 4706 68
3782 4705 36
3959 3467 82
2537 570 33
2380 561 70
2631 4934 40
2813 18 66
3669 3639 45
1692 4252 93
415 1430 14
162 3887 73
929 4021 30
4116 2981 49
3497 518 19
381 4250 32
951 1881 66
490 1047 85
4356 4716 76
3652 2761 28
2996 3176 58
110 4690 97
4634 619 19
3863 1087 52
4263 4584 70
3881 1317 72
412 2268 5
3229 4111 52
4713 4819 69
1189 4823 82
3268 2820 58
426 4282 48
4174 3916 19
592 4131 58
2695 3394 42
3964 3627 59
2187 4039 80
2292 2268 43
3443 3334 14
663 875 37
644 4143 57
153 921 39
4352 1448 7
522 2040 38
2779 1088 84
972 52 11
483 3592 2
3614 884 23
856 679 57
621 2695 84
3857 3339 79
4914 4845 1
1604 549 49
2211 2424 41
3300 1555 81
2784 2528 34
2246 4363 78
748 2977 62
2870 185 93
4678 806 88
2361 1015 80
539 929 25
991 3886 26
1539 2449 50
1832 749 6
3212 4885 86
997 2132 49
3726 4232 78
987 2102 15
280 1780 73
2267 4141 88
3946 4680 70
1822 2024 56
1600 4915 5
2449 1747 6
1206 1312 44
2491 3661 76
4491 2388 8
820 4727 62
3686 1359 42
2358 4979 35
3398 277 67
367 2100 91
2574 52 7
878 2501 6
2635 3708 70
4278 2551 84
4405 3395 24
3764 567 3
225 4254 63
4818 1612 42
4904 1362 19
4671 1729 71
2813 4303 23
871 1533 77
2029 4169 37
850 3447 40
3333 4205 35
908 2969 3
3211 3195 9
1873 4365 73
1866 4270 36
2136 293 17
859 4458 21
4633 330 6
909 3711 27
3597 4561 27
3837 2895 32
3823 3803 1
4377 2014 48
4185 239 14
1958 2105 84
1093 594 29
3309 1453 87
1181 1086 17
1939 3348 28
1865 1945 42
1591 2134 37
1874 958 92
3775 335 59
222 873 50
2387 2831 56
2470 276 50
4198 3585 55
385 1119 41
3253 3058 89
4833 1275 87
974 4219 21
1362 1093 79
553 1220 67
4463 2795 40
3613 182 23
1220 2653 99
4421 3203 36
4075 4940 7
1167 4546 65
1608 731 93
3994 1705 12
4866 4419 5
345 1324 26
3863 788 21
3254 753 55
476 1973 60
4326 1394 64
1761 1821 56
3020 2988 2
984 4596 33
1576 4942 90
2739 4809 9
3644 1506 86
2121 1721 74
3393 4975 79
4847 1803 52
307 2481 98
322 594 71
1629 3614 59
1131 951 8
2715 3879 2
2357 1619 11
1417 1615 69
1802 88 90
4327 3481 17
2605 4680 72
4208 1339 53
3557 3013 100
4727 4643 14
238 774 65
1697 4841 45
3098 3550 16
661 1320 31
4729 3122 19
1871 3802 52
339 2759 84
611 3320 24
4715 1877 37
4414 1605 80
2728 3195 6
3344 4892 100
1488 2990 2
2603 3651 22
1685 4733 97
855 2956 99
4858 3295 10
3542 3906 30
4917 3622 60
4305 3036 65
3337 2116 60
4494 461 4
1845 1949 94
2747 905 98
4968 3942 83
1664 4798 39
3514 1008 34
3124 4550 41
2405 819 15
3564 1477 3
2680 4814 20
4991 660 81
2194 2506 82
2388 253 87
3937 1573 82
219 4590 32
4457 3104 40
1990 2580 43
4782 4986 62
2548 4902 39
3351 2583 5
1270 2574 66
4650 4769 24
1331 3509 29
270 3798 2
3151 4017 44
2182 4826 49
3573 3168 81
4515 4303 19
2629 1851 22
867 202 5
1624 1472 31
3041 1122 52
1964 3806 13
3844 4076 11
2297 3579 80
341 2113 6
2841 686 27
2921 202 30
4340 2831 81
2013 50 36
917 3026 8
99 2419 83
403 4383 89
4215 4579 17
3178 1877 96
1157 2218 9
315 59 47
2641 2980 49
622 3672 32
454 685 35
489 2954 13
1997 4406 33
2331 4809 68
119 4024 48
3335 2202 25
1482 4712 95
1742 1379 6
2688 372 38
3837 994 11
520 1448 48
3606 3290 3
4719 1639 9
4603 3970 18
3870 441 94
4069 128 49
1145 1610 61
439 3352 40
1144 1040 12
1182 1229 58
1244 3102 58
1991 3060 48
693 4131 87
153 3734 57
3070 3957 50
2716 3026 78
4564 4172 88
1124 963 92
415 2108 85
3726 4642 66
4383 886 20
4192 4229 81
940 1275 12
678 1428 47
4387 851 4
3536 3567 82
2814 3131 54
53 4255 18
1997 1022 78
4981 4748 20
1898 483 58
1918 4675 39
4998 1967 14
3561 2646 43
4507 2033 94
762 569 61
1396 4735 44
4849 4789 51
618 1786 73
3495 3119 73
2366 17 56
3475 3287 83
3814 3285 3
427 1847 49
3469 2706 34
3714 4821 55
2526 1217 91
4469 2418 32
2019 3037 70
591 2884 41
263 251 10
1770 3726 98
4305 3892 35
159 4320 34
2307 4141 93
4192 4208 14
1646 1734 83
188 2556 53
3519 927 90
4988 1519 75
2280 3134 78
4590 1257 4
187 1914 49
421 2073 21
207 732 62
2699 4924 22
1364 2922 9
1246 3111 65
1250 2982 92
2940 4323 63
3866 1603 50
43 1193 59
1298 2732 73
1446 4506 98
2266 4713 30
3580 2412 6
4101 3776 80
2709 1374 43
225 2624 78
2317 1916 1
3631 782 56
3080 825 2
138 3476 34
462 4922 40
2859 3541 53
2340 2121 17
3097 2574 45
1777 1636 71
1271 3213 48
3748 530 64
548 514 99
1656 3594 76
3957 85 52
3990 1899 75
4882 4759 68
486 3451 41
3503 1549 67
2999 4678 3
3870 949 17
3717 4698 99
1832 1598 13
730 3254 60
3158 2211 97
2709 2554 96
3535 2436 7
2902 4274 11
742 4129 60
2509 2129 90
2263 2351 91
231 2420 41
3730 4252 40
4094 1335 46
4405 4493 10
4801 3554 64
3449 2090 52
3207 4992 78
1417 2087 8
2528 948 89
3317 4563 40
2760 4795 60
1900 4877 64
2639 3971 51
4337 4729 96
3246 882 51
1061 4331 41
2664 2539 85
4893 308 72
4900 2837 72
3388 2506 36
579 266 31
3838 2167 60
4054 1158 31
604 1847 12
4352 93 95
302 2506 26
3342 1522 17
2726 1416 26
550 1316 63
673 1057 21
4008 1636 88
3490 1827 7
2849 2233 17
2532 4189 65
1943 3541 10
2237 3843 69
3215 3537 91
1731 2616 7
556 4518 76
3570 191 85
4091 552 73
1230 394 52
1888 4596 85
3704 2128 27
3720 423 68
3830 4013 64
2798 2228 53
4640 3959 69
2899 868 87
3826 790 31
810 1233 35
2134 3815 29
286 703 25
2022 760 5
2948 4480 81
3768 4662 94
3431 2460 22
2983 3453 33
1504 1352 53
4542 178 44
2772 2340 77
2906 4474 45
4787 4760 48
1263 3135 8
1220 1083 41
1600 1203 3
2345 4634 16
318 3970 69
3602 1826 73
2755 1368 51
4050 493 43
1578 4751 17
2922 4538 30
4970 2154 65
4129 4726 100
2769 2678 4
2424 23 90
891 1693 12
2811 295 38
1083 3050 7
885 2100 52
3027 3679 3
995 1601 94
3724 2923 48
940 3405 74
4240 2526 4
95 4950 27
584 2193 20
1396 4 67
4033 2439 18
4391 3324 70
242 2703 1
2197 3699 55
3690 3775 30
3689 1068 35
3414 1660 62
817 1755 12
3243 2339 6
3714 3735 62
4480 4121 2
4649 4864 78
3271 1459 82
571 3656 33
2177 3698 60
1707 2387 28
993 801 88
1454 1618 43
3218 1213 35
2175 1279 22
1136 759 95
2537 1761 60
3615 32 71
3748 1955 27
2580 485 25
2891 3544 64
2919 4537 65
958 992 35
753 4210 48
2887 1385 27
108 3873 38
4155 2763 99
1714 2730 83
2084 1478 39
2462 410 76
1538 4653 20
3001 2572 57
1617 4883 49
1851 636 11
4650 4875 48
2376 1335 22
3565 490 37
1516 2204 67
4498 640 97
788 4454 59
2563 992 12
2882 345 37
2739 1962 20
3587 3813 8
1350 3463 83
497 2191 70
4870 757 61
2006 2273 17
3224 1771 58
920 2560 64
378 1475 57
842 4358 54
3878 2097 17
3149 2036 30
3056 3386 46
4190 3884 37
1659 106 94
4619 2113 19
2488 337 43
997 2610 55
3960 4340 30
4268 182 88
4922 4060 37
2538 2209 74
319 1617 12
1564 2159 48
1 3819 55
546 4790 68
4717 2278 57
659 3275 19
1865 3588 60
3194 2856 42
234 2778 55
4370 316 16
1895 636 86
2807 2200 45
3954 3553 16
1560 452 7
1279 169 37
1336 828 65
354 2693 53
65 2239 9
3607 2473 88
3913 3196 56
1428 91 44
1913 4250 97
4558 4557 50
2373 1117 54
1331 2397 23
3920 85 3
4784 1791 48
4236 1857 88
1544 1816 13
2983 729 9
1091 3509 53
4834 1775 55
3482 2685 12
684 1410 82
3337 2742 79
1160 1662 16
1162 2798 7
1562 2034 16
2849 4930 32
4313 2914 13
3974 357 75
78 191 50
432 3674 35
1696 4358 45
4077 4047 39
207 2952 23
2722 750 81
4284 2784 97
3485 4067 80
2798 3333 45
1772 3690 19
1850 3881 68
3635 3907 2
331 4617 98
760 3665 37
2319 224 89
93 4298 92
873 3582 28
4221 3419 95
1953 1218 28
4797 4342 18
2615 1193 52
2182 4828 11
2535 1511 29
3732 2271 46
1220 4590 22
1661 4683 21
2852 1908 55
3179 2482 75
3926 4435 93
1653 4232 35
4423 1847 80
1074 381 60
2984 4268 23
864 3000 46
3761 573 88
1883 2234 23
655 1438 32
3009 969 14
3783 4895 49
2127 2901 33
4814 2324 80
45 3398 13
1457 2734 81
4379 3599 33
925 3712 6
3412 595 92
1935 1250 82
3718 612 52
1631 747 99
331 2875 52
3263 4041 76
4394 4086 26
2258 543 61
3038 1275 12
3170 2200 24
228 612 72
871 3899 74
2953 2617 86
2356 600 34
1654 931 61
1558 546 2
2433 4940 40
4411 2198 36
4123 1588 11
3786 1111 11
809 1339 75
1132 2210 27
2706 1515 44
4891 3871 45
2824 1878 28
4984 3436 75
2537 869 67
4177 1632 66
4064 755 6
3874 4541 17
2236 1703 8
2562 2835 19
1788 541 34
4984 1785 58
2428 961 36
2155 2298 72
3781 4835 41
348 364 74
465 4428 81
2170 4654 23
4987 1890 26
494 4453 13
4564 2593 7
150 2577 92
4607 1357 53
942 4865 3
713 3646 91
2705 3994 55
1330 811 36
2063 2982 90
985 4321 33
2962 1167 86
2774 2084 31
832 2234 9
4323 3193 18
128 487 83
3230 2552 30
3872 1609 76
3527 2940 88
314 3 22
403 2340 43
3735 1654 62
2872 780 46
955 1613 32
1615 936 77
3632 2416 64
1867 1999 16
2396 871 78
4623 750 18
2662 1064 73
3683 2820 65
377 2907 19
3239 2132 99
4536 3087 12
4420 4702 1
2496 4686 17
2412 1553 16
4879 301 88
3956 4925 90
2325 2587 55
697 2623 27
4113 3000 34
2831 2591 18
2330 2128 5
4793 1548 59
3193 396 98
4010 2808 51
1825 2688 53
1864 2996 30
2654 322 69
860 1019 92
1886 1485 45
2171 4316 36
4589 2998 16
1445 2792 16
4356 985 13
1953 4995 73
1103 3173 13
1907 37 10
3988 2691 32
3657 4903 3
2300 1789 88
3944 313 5
3180 4902 3
2247 2699 95
2863 3407 81
3875 360 28
4047 2816 1
3260 1075 39
1821 64 82
4352 73 86
4254 2373 27
642 2670 40
2698 2202 94
2752 4449 46
599 2312 53
4431 2539 66
3258 2939 82
259 1199 9
3649 3020 73
1082 3724 46
3419 2978 72
2546 4972 42
3337 4022 44
383 1775 93
1480 3726 58
4632 3157 97
4497 1415 36
3530 3026 87
3639 1675 59
163 4110 83
1761 2529 14
732 1427 38
3725 1117 13
2568 2852 40
2212 4332 66
4169 3964 23
3666 4814 38
2453 3344 65
2440 3335 92
1798 3499 54
1233 260 84
4998 992 63
3735 4717 80
2847 3637 32
86 849 16
1051 1371 81
1525 1389 95
2063 3842 91
1979 2634 27
4922 785 26
1976 2018 86
2911 3368 30
273 2103 99
105 1303 36
2788 2741 37
4804 3793 8
2136 1670 49
4282 3733 44
4772 2064 78
4950 3339 15
3627 315 85
1212 4578 53
2493 4851 57
3491 1308 12
4478 449 53
1315 1605 98
874 3741 69
1823 3023 54
2966 4147 19
3095 4098 58
4010 4077 25
4646 290 3
2299 4135 6
3407 2627 67
818 2105 16
970 4772 21
2620 647 14
4588 3822 89
1641 3140 36
2111 1235 86
920 1597 64
44 1244 6
98 4895 41
1356 3302 20
3922 4120 78
3289 1442 50
2909 4062 49
3974 2 71
3062 2996 63
2649 1459 99
1335 2380 48
450 3776 44
1207 227 39
1099 1583 41
3619 505 13
948 3794 56
3049 3055 70
2150 2029 25
3720 1443 73
4783 4092 32
3433 427 12
32 2229 41
2876 3436 68
1966 4536 51
3007 4507 8
871 1807 54
178 4856 9
4900 2006 90
4624 2079 33
3696 3214 77
4227 2999 57
3491 3031 86
2883 2259 75
1150 4226 11
2352 3585 70
411 4456 77
2264 987 85
3524 887 44
3165 511 75
4249 559 89
4425 1138 40
1381 981 23
567 3864 83
4541 14 61
4403 3718 98
124 4129 6
1300 1393 93
36 1269 80
779 4434 43
4953 3683 2
3693 3109 41
1784 4490 74
2907 1409 39
2641 2302 5
1601 3057 24
1850 3181 53
1555 833 99
2248 2222 68
179 3001 55
3622 4307 38
2623 4352 99
4115 1137 90
1589 396 51
2927 3037 6
1983 990 63
3406 2840 97
311 747 30
4961 4347 52
880 4527 6
1234 3149 65
1624 2124 69
122 2592 6
4463 4181 2
214 3460 91
4619 443 81
3433 202 73
429 1865 21
4611 1826 20
1014 4058 47
419 293 48
1835 3269 73
2604 3391 65
4509 4207 98
3163 4421 10
1205 392 53
238 177 7
2110 607 72
1082 1570 50
4402 2584 9
3600 4356 54
948 1191 75
1772 3795 66
3836 4657 73
1433 4172 46
3842 377 90
3046 615 68
3805 4078 27
1428 160 49
878 914 33
738 867 89
2243 1815 33
2017 3587 28
1534 3775 85
259 1560 9
4756 402 87
4646 4800 54
1065 4957 32
4443 1386 45
4391 3616 11
1923 4354 78
164 2949 45
4596 4966 84
4175 2852 59
3412 3111 19
1820 2868 73
1958 3866 26
2712 1283 83
3895 726 69
1591 1469 85
1554 4744 91
2383 4908 40
1380 856 58
3963 32 11
1674 3444 22
944 1616 42
617 3575 60
2794 2639 43
3576 2886 21
2097 830 90
4233 3736 87
2076 1119 47
1515 2499 4
3625 2815 88
2235 4489 84
308 1785 100
1250 2402 27
3761 1548 18
1204 1477 5
2076 4926 35
3066 4159 23
1504 1235 42
4850 4103 94
405 2728 61
992 1315 2
2727 1623 87
4727 4225 42
3005 2987 90
3923 4191 67
2727 2619 93
3713 2037 5
3435 3541 92
628 3392 47
1673 3797 27
533 1142 42
234 3869 66
1721 4948 43
1962 2954 30
103 1877 73
3370 956 93
2914 1021 30
1618 808 72
4262 1436 16
1008 3110 13
1835 3643 7
3976 230 77
4093 1951 77
3436 265 31
2117 368 60
4990 90 16
482 3005 37
4363 975 97
434 237 34
2601 1246 96
3566 4433 91
672 3409 21
3000 3855 24
277 3643 41
507 760 10
3967 750 52
4734 2584 57
1523 1948 85
4119 3734 22
4504 1336 20
2999 4902 53
1490 1926 15
1562 4927 70
4938 204 13
3578 711 73
3939 1030 76
4391 765 60
4199 3640 60
4983 2759 95
2357 2264 83
976 1615 37
381 4457 63
3195 2372 90
1216 2310 94
2880 2240 58
304 1180 88
3479 1923 5
591 1122 45
4650 1106 57
3796 4815 73
630 2143 40
2366 2524 98
2381 2071 70
970 3287 32
1116 1167 72
1973 2824 4
212 1303 27
4217 3246 50
3213 4249 8
1321 4397 23
1693 28 66
33 3746 43
4182 1127 14
703 3450 2
4534 4566 21
1957 1539 45
561 3103 1
1087 2320 99
2736 1886 48
3195 3207 46
2117 1253 26
4535 2638 24
4477 3172 4
2842 3875 6
3143 3409 72
2316 1718 63
4312 2279 66
3964 3367 39
1863 1103 25
4010 651 84
1907 2768 37
1184 3655 27
560 4484 99
1063 2327 74
1368 1822 35
2591 4138 54
1705 4803 33
2570 3767 52
2108 630 8
4884 993 59
868 4252 79
4456 1789 35
2035 2349 71
1433 4764 98
1059 2484 21
4093 1427 11
198 3132 14
3583 2054 34
334 515 16
4541 399 9
4399 2619 14
4730 3428 3
2364 463 4
834 1896 20
2984 4307 56
1956 3401 35
1418 4951 67
684 3534 73
3717 221 88
3732 1114 40
1093 1866 59
2706 1596 39
2460 3960 2
915 1146 51
486 482 10
3893 2438 11
3727 209 15
3045 893 1
4417 962 22
1305 4694 37
4944 2139 3
2554 1197 51
4945 3657 11
2798 924 9
3900 1410 44
4310 303 34
4472 382 43
4586 3427 36
4587 2845 50
1160 502 97
3848 1798 36
3402 704 34
4552 649 43
1014 4800 68
4975 3700 30
4418 3010 86
2651 2483 68
1094 2069 48
1781 3008 45
4783 521 47
2479 721 97
2314 476 53
4699 1380 55
742 2395 55
4061 3722 55
3790 3140 66
1527 2143 1
3295 4589 22
1194 2723 83
1938 2506 4
4536 4985 77
3932 2299 53
384 3351 34
3838 4093 81
3444 3154 3
399 3296 95
1716 4824 38
516 4471 28
2737 665 51
4319 2603 57
2774 2139 42
3303 2423 93
4307 2807 44
340 2998 89
1472 1442 43
4974 3193 40
4320 4909 16
4458 1777 87
4185 867 52
2987 186 55
2943 4313 46
4236 3968 69
4180 3275 28
2476 4968 78
1216 1440 73
1759 2767 66
1950 2087 28
3317 2897 5
2803 2082 72
2954 69 11
2060 4364 76
3305 4952 44
3325 485 71
1152 4313 39
3330 529 32
4654 2288 51
2819 590 38
3598 3907 36
1155 3062 70
3226 1016 92
3188 4428 8
3815 2733 61
3410 1058 98
1281 3563 11
471 3245 40
1102 2899 81
852 2070 71
4042 669 31
129 3176 93
3298 2754 62
4241 943 90
4549 1110 76
1161 4521 86
4610 2154 1
1020 3977 46
2959 1432 97
4891 3636 68
1062 4030 89
3844 4159 65
4688 3810 19
2901 4403 14
4191 304 77
918 1465 50
3703 2427 4
1404 3447 33
3701 2759 65
3898 2650 54
2517 64 84
3157 3908 96
1973 4949 6
3543 2850 9
2409 3393 14
2385 663 31
3234 4367 59
2589 2123 58
921 2176 17
2038 1074 68
1791 4943 84
1926 3100 45
1221 1425 94
678 4969 96
4539 2378 42
3704 4763 5
4334 2997 72
3744 1938 47
2954 2859 24
3570 1249 50
3189 4392 46
2873 1319 46
4169 3892 24
4062 4571 93
4509 462 71
3350 4166 86
2855 4852 35
3078 4949 73
1777 2903 84
2652 1473 34
4601 1015 26
2846 240 97
544 4409 42
4667 4823 13
111 684 75
2933 4035 93
518 3242 45
3804 1320 94
2676 3097 97
759 749 23
1444 1703 90
1522 901 82
2918 2797 91
4559 3816 66
2123 3927 50
149 1860 37
3693 3730 79
738 2534 100
4083 1562 49
3980 2322 51
3054 3766 6
3143 288 7
4824 4559 5
2266 470 73
883 3946 1
184 4095 13
3521 2789 44
99 4879 30
4350 3962 93
3051 4294 15
3853 2348 33
1358 1843 74
1116 3019 85
3672 1637 55
45 2520 1
345 4057 49
3857 2578 90
2452 4029 69
3582 4732 83
2626 2783 78
3992 1636 78
4124 4346 74
2249 462 45
4933 4135 83
4440 532 55
1540 877 12
440 1086 90
2129 4891 72
49 4825 4
3284 2451 87
4461 1443 75
690 1919 73
115 521 35
2560 454 22
1642 4894 54
4596 2787 83
2960 3227 22
2549 1709 13
2520 3110 38
2223 1394 41
1061 2207 84
2887 4250 55
4059 4365 76
2046 1925 83
519 3567 29
4525 4516 16
4407 2476 96
1728 1377 57
292 250 67
2329 2473 62
3169 4887 21
1804 4126 71
3711 3186 37
4786 1584 62
4020 2103 82
3149 1628 98
1416 2388 26
4263 468 3
3819 761 53
2838 4442 79
3251 3964 18
871 768 44
4094 4479 30
330 618 66
4843 990 22
4276 4139 2
3225 1908 90
4650 1171 11
3805 1343 72
3209 533 66
87 3784 30
4556 1007 51
1800 101 30
3581 1783 100
1947 1627 91
3768 903 82
3569 4129 90
2111 131 14
1121 3936 9
2244 2146 42
2809 3585 78
3691 3142 85
341 1294 39
2822 4875 22
922 3174 1
1364 3294 57
945 3216 38
3787 327 69
4152 2800 58
860 44 56
4453 4205 93
1830 4248 87
1566 4589 81
1404 2412 9
4378 4686 83
330 2402 30
2186 3347 46
875 3486 73
4696 2638 25
2453 4850 69
60 4303 26
2604 2485 75
3291 4052 16
1623 1808 28
4831 2538 66
2566 2869 68
4947 1407 68
4192 2283 54
116 1979 45
3840 784 95
3960 2196 51
3285 4800 36
3211 4443 40
2727 1067 1
1006 2250 91
324 1168 60
691 1115 20
2110 1659 3
664 1775 34
4560 615 18
1954 4575 66
1356 4213 18
1892 2424 62
4183 1503 81
3283 2510 83
1274 2834 52
3485 4877 19
2104 1988 79
4358 4004 54
3591 4916 22
4960 1870 97
3525 3227 62
3243 1471 87
3756 2006 42
336 1642 4
518 4268 38
3221 2753 68
2040 1210 8
3870 568 64
2475 512 80
1696 472 2
1845 350 81
2558 4945 52
4344 3701 59
338 389 53
3841 2259 21
1531 481 74
4098 3873 36
1357 4095 5
2620 1570 17
151 4619 41
4552 2816 91
3533 374 36
336 1071 89
4146 1409 78
4598 1602 38
4318 3133 71
3144 3583 96
3179 4940 43
135 3912 13
1251 4063 84
544 3616 52
3834 3501 27
3422 189 50
1710 4336 11
1740 286 13
4029 957 47
1799 4101 30
1146 3632 23
4588 3768 35
952 1371 99
3288 1915 67
3439 750 20
317 524 9
3266 2234 97
328 3974 36
2641 3003 93
3087 1154 94
3468 3652 26
3790 4592 46
4377 545 18
4027 3833 33
3645 3624 35
1764 3942 59
1424 3560 46
1773 3889 20
2408 1530 76
4000 969 82
1045 789 87
1722 4580 79
2520 309 76
3337 4336 61
1069 2981 86
2256 4745 80
2614 2521 40
1559 4294 29
831 3054 11
4458 3406 32
4239 803 22
377 2526 54
4756 1398 63
1031 4735 99
2492 2156 80
3929 4412 77
4308 2027 98
4599 4938 45
3780 769 99
4490 227 6
3874 819 9
2695 1196 87
3800 2304 85
3862 4688 72
4612 3532 29
3343 2461 41
1819 3121 20
4168 2720 59
2164 1500 28
1863 2343 8
1320 1217 79
1580 264 27
719 4064 32
1255 4278 72
1527 3890 4
3955 2233 65
2147 404 38
2367 924 58
2525 3089 59
4804 1304 54
3663 3976 71
3341 1908 87
568 2627 51
1451 3883 29
2022 410 71
2477 717 56
393 2864 12
1430 231 36
187 4108 77
1797 3913 33
750 2576 61
2272 2270 70
4058 4190 97
1260 1993 32
2740 4015 94
3110 1492 11
2065 1885 28
4128 4667 59
2116 4854 68
4544 3004 33
3277 106 9
3689 3731 31
4658 2789 21
4607 4050 14
4790 1790 81
384 1253 25
3046 4670 62
3573 3799 29
684 915 36
1903 459 40
2035 88 98
1095 130 29
2426 1140 19
4298 747 21
1812 1890 63
1044 3626 68
1769 1672 39
730 1598 90
711 3634 5
546 537 16
4737 3924 57
4034 19 87
2063 3797 27
4233 4448 27
1805 1260 17
1167 2304 43
3135 425 67
1125 1156 17
2914 1867 51
1970 3765 88
1485 3502 64
3793 2536 36
4879 951 85
3458 184 33
2784 1989 93
352 4509 50
1546 3996 75
764 121 83
1581 4387 2
1031 1357 67
2371 4194 21
2634 2988 10
621 2867 61
2406 2677 98
3638 461 39
1131 2165 100
3632 3711 96
206 4476 69
641 2409 56
2942 3440 13
361 2163 60
1281 1150 48
1090 1771 67
1851 4177 45
500 2816 58
1138 299 24
2638 3931 87
4485 489 63
2806 2482 24
4161 425 65
3226 786 80
1485 3419 30
4084 4510 2
4550 2713 79
2694 3213 47
4004 703 46
1127 4693 29
3313 531 71
1328 3337 53
1751 3850 30
1967 3428 68
4347 1265 88
4228 349 50
4529 4900 63
360 3946 28
358 2950 83
4304 429 29
4884 95 60
954 2775 97
859 878 99
1188 2846 28
3656 3545 93
895 4125 43
2644 3655 95
2106 367 93
2485 725 96
3567 1381 25
695 2618 72
4706 4924 47
2054 783 26
3253 3324 24
2880 3332 21
124 4227 46
2718 1871 53
212 329 72
4357 4166 50
1452 2733 31
328 4781 49
4300 4487 26
2398 1542 9
1375 4795 85
4550 4027 17
2622 503 96
4820 3222 19
2024 4786 48
4596 4143 14
4245 595 100
1627 2276 81
1628 2928 20
1553 326 62
3613 3054 9
3998 3956 88
2714 1579 92
3362 2751 14
880 4775 52
3728 4371 96
2093 4968 43
4544 1596 19
1776 4576 47
3496 1129 26
3109 4742 80
3870 3740 88
3657 2807 67
300 2521 18
165 3401 46
4817 3481 69
4964 575 38
706 1471 86
3725 3248 62
1023 3096 43
0 1205 85
679 1427 78
3019 85 37
585 1737 10
2255 1903 11
3700 3072 93
868 3036 20
4357 3742 91
4442 3819 91
455 1195 87
2597 1195 93
834 3227 20
4163 1246 57
1651 1831 47
1660 438 2
1422 4138 74
3314 1359 62
3485 716 56
128 159 76
18 1966 23
3005 916 18
3549 3102 45
520 2265 91
3929 268 75
4075 3280 13
2476 4702 4
301 4369 63
1162 2854 79
2117 2982 90
3244 3001 9
566 2358 25
436 907 27
2180 2779 44
1523 1708 64
2697 783 44
661 4611 98
2764 4912 67
2578 2426 22
3109 896 56
150 492 57
4158 2411 67
434 2847 26
4812 27 6
2807 2902 14
1070 599 50
3965 1261 13
1563 377 78
3529 2956 4
4702 2417 52
3858 2567 45
2366 1726 8
3233 2160 55
2710 3325 34
3615 1132 37
2581 3555 88
3682 2520 1
4394 435 79
1371 317 87
2127 19 4
130 229 71
3626 2596 49
4533 2181 62
3287 1243 87
4773 4859 71
4161 3792 26
4148 2474 47
1749 3220 34
1079 944 51
3365 3071 71
4420 3201 52
3042 1828 100
3391 2713 33
3604 2353 77
2142 2126 36
1812 1287 80
38 1787 54
2136 3536 26
4669 967 70
2520 4332 41
1742 104 95
1193 3147 75
945 2890 88
2877 2846 41
1053 4988 19
440 1800 58
3619 3190 46
624 326 34
850 1348 2
2019 3868 86
2612 1962 43
2758 4507 42
4732 452 84
771 3330 30
4164 4383 70
4682 1176 22
4192 4795 13
4137 1772 91
322 2622 39
1123 993 7
3961 3605 69
1903 1363 29
4344 2447 81
1027 4571 63
556 3735 99
1425 4769 75
1798 3961 70
4010 3098 94
2901 4773 16
3139 896 10
3598 4857 67
1018 3112 83
2946 2456 30
1679 4835 1
3741 391 88
1539 3168 58
513 4967 19
635 329 70
2528 4582 43
3396 2722 91
3905 2672 1
723 3690 13
3905 2989 22
887 4668 57
2439 3409 1
4079 4949 69
4136 462 88
4506 2449 70
2975 4978 52
2569 3374 26
4412 3631 98
1112 706 89
2276 964 30
897 3203 98
4354 642 7
4554 4721 8
4274 209 23
314 4716 72
1683 4043 2
3986 2965 28
4012 2377 11
1709 4841 18
4449 2117 82
178 3015 37
1927 2369 79
2086 3275 53
2193 3901 14
467 4215 30
1191 2250 26
1892 1237 43
3672 249 20
4082 3310 61
1551 2760 30
4984 4290 45
1620 1218 66
251 3304 93
3603 497 95
4868 2317 10
4498 3508 61
875 400 50
217 424 99
3288 4507 61
1200 2410 21
1229 2395 12
4274 4015 30
2391 618 34
3784 573 83
4078 442 100
4939 1292 8
3051 2167 61
2400 3736 85
3350 2024 44
2611 3224 55
983 4453 2
2294 79 69
1175 3823 88
3360 2607 61
2395 3037 3
2394 2976 95
2254 1028 14
3866 3428 50
902 3131 26
2446 742 50
2752 1725 56
453 372 87
3521 2899 10
2208 1260 17
2821 3655 6
3875 2401 83
4870 1007 11
735 4873 91
3985 776 22
1962 4574 16
1812 2326 94
3819 4131 18
905 4004 17
3167 1213 77
3035 386 84
941 4261 86
1823 483 93
3733 1219 19
1775 1556 47
2949 3518 73
4864 1682 51
1209 501 82
2926 2759 86
3895 926 51
1123 3961 37
2007 4902 51
1644 1725 34
2288 1810 5
2806 4938 61
452 2887 32
4024 4103 14
2626 1665 68
4007 943 27
745 4838 5
3695 962 66
3384 4321 21
2334 965 98
3119 3253 61
124 2412 99
36 4216 38
3467 3241 93
4933 867 58
1900 1227 54
2978 1972 92
4982 2019 6
2299 403 79
4519 4089 44
4817 3561 50
4629 37 62
3027 1425 78
2016 1245 71
108 1178 91
1218 4430 70
3271 2408 42
1514 3742 13
720 1041 69
1950 561 10
4146 1730 71
4595 1359 60
3808 738 86
885 2754 31
3908 4214 61
4150 432 91
619 55 51
412 1570 93
2224 3642 86
792 592 99
4802 4738 29
3724 685 40
2684 4493 30
3069 1731 36
1051 639 51
1563 1141 35
153 1760 43
3855 2172 13
1299 4396 7
4784 1541 99
1535 1343 90
3663 1419 75
4855 4103 21
1784 3524 52
2820 927 43
4422 2490 84
2808 3995 44
1250 2850 68
1262 501 16
1268 1638 57
3219 3173 52
4908 3188 72
3634 3043 27
1854 1180 52
1805 352 31
99 4774 22
3182 2582 17
3025 185 20
1392 1447 21
508 4068 59
2516 3639 32
868 4899 21
1991 3533 16
2217 1740 96
2320 4897 48
3351 4997 74
1872 3179 9
740 2557 94
2459 301 93
4680 2161 61
4890 4678 52
1922 1898 51
3494 3889 37
3109 2458 77
257 1131 74
1404 4482 71
3678 2706 3
4886 4798 60
2631 2258 61
1823 3290 23
1436 3180 53
4687 1454 51
2838 1300 92
874 762 50
650 1019 81
1675 3775 15
1346 3805 73
548 3691 72
3659 1322 30
719 4498 72
1293 934 4
1545 621 59
3695 4811 11
2438 685 73
2288 2687 44
4620 715 20
1435 3413 25
2307 313 69
2978 3972 43
2259 1043 41
4830 2337 75
3286 234 49
3196 3930 60
4406 1368 98
2731 8 37
2074 4629 52
1545 2416 65
3470 4723 78
1790 4054 50
1432 2665 94
1925 3848 83
3351 2134 17
399 330 99
2259 1088 20
2508 3819 28
444 894 9
4096 2439 77
2512 2261 53
4890 4051 7
2591 1836 24
1336 3761 72
2418 2112 58
87 3864 40
1685 2475 29
1004 4983 48
1684 427 94
3344 4523 86
2421 2036 47
2573 3278 51
3131 869 39
1354 3558 52
4778 976 16
1687 1063 80
3927 4101 55
2255 1457 38
4402 4493 18
148 2838 93
3333 1611 29
131 4184 59
2333 3667 81
1371 1373 39
522 1151 15
3138 2839 31
4617 1766 84
4924 373 41
213 4775 35
930 1275 25
2523 4608 88
2503 1092 72
762 3425 91
1242 4797 64
1632 1671 16
2998 4809 7
428 779 25
4663 2055 98
4004 2268 25
4190 3199 1
3566 722 61
4553 4577 53
1076 339 31
1266 2933 28
2829 4565 99
1896 2564 61
154 4344 92
178 4008 47
1927 4364 15
4804 4906 66
3956 4824 40
2716 729 18
3921 1805 57
3551 4423 43
4330 3604 8
1780 501 24
4040 2007 21
4783 3538 81
1229 465 97
1296 1621 55
4561 577 79
4901 4646 8
1170 3567 65
1426 3470 88
2320 2800 92
2780 4580 45
803 4973 53
875 4756 91
4955 986 8
4751 3634 30
2157 3195 59
4387 4448 5
994 618 72
2110 3397 42
2649 717 94
441 4849 75
1437 653 100
4441 2880 56
4631 2836 94
2991 3939 28
2972 1097 76
3530 484 24
3735 2831 95
3858 1293 44
2452 3943 13
3845 736 63
1171 2173 16
3470 1615 48
1878 2598 84
2623 1941 76
651 4913 25
3226 4796 61
1601 3531 44
1947 3741 38
690 1193 33
1503 1391 69
2165 3914 42
4832 3737 9
379 615 8
115 3238 49
142 241 15
1266 4819 11
578 1421 94
2722 4720 35
2511 411 81
1243 3266 72
2063 431 86
3704 1615 23
4665 3346 90
3224 3461 29
3724 3603 70
4138 1221 90
700 3152 63
793 2226 83
4628 4737 46
1008 2332 12
3779 4395 95
1816 4451 10
2239 468 9
4628 3692 70
1608 2417 26
3830 2907 99
871 3608 51
685 4401 77
219 4029 66
165 1389 50
4728 1520 97
4723 3337 49
2684 1928 69
3992 2908 62
114 869 31
1191 1051 38
3489 1922 46
292 3959 100
4320 4178 81
3086 695 71
1887 424 43
84 1499 32
4084 4183 12
3552 4528 21
3065 4642 42
4995 833 93
4833 674 67
4630 966 26
3829 287 56
3410 4725 52
732 1612 76
4574 1696 75
3106 2132 10
4917 685 38
989 3750 80
2930 98 65
2274 4931 40
3540 913 58
3765 4743 45
4521 4505 22
2324 237 35
4199 4811 83
3925 4269 16
2834 4187 53
1272 1528 3
703 4459 1
2320 1733 84
3259 1626 50
1516 1743 93
1413 2616 50
1034 4940 87
3620 4139 50
2903 3064 20
4318 2251 59
4122 3523 39
1324 578 50
4977 2898 84
4912 2509 62
761 378 5
2705 1791 22
4154 4177 62
2192 2798 54
42 701 18
3513 1371 69
2523 493 44
3061 3169 75
4411 4498 73
3846 4411 83
4907 1524 61
2711 582 4
4484 4736 81
1198 3281 79
2051 3323 80
2320 3188 3
4841 711 96
884 3772 66
3858 3183 16
1083 3381 79
4465 3288 4
4577 2352 86
1480 3188 74
2560 4386 7
2791 1437 82
2370 3758 70
1025 3599 81
3820 835 6
1137 1046 41
2953 2129 23
531 2946 63
986 3875 15
2023 1707 4
4149 619 90
4555 3410 80
4637 2133 38
4258 3158 89
4591 1978 76
3696 4468 22
3688 2421 3
710 4304 49
2373 291 76
2739 3666 83
1294 2815 3
2884 3723 13
3615 3360 46
1752 3970 4
1192 3561 35
1467 3609 3
2789 2298 76
2591 4360 32
1692 3085 23
4667 825 42
702 2119 57
1004 1355 80
4716 4970 92
1914 3074 63
2269 618 76
955 2086 86
4109 1227 84
4684 170 44
916 3214 30
3790 2882 7
1683 4936 78
1040 940 34
471 2008 56
4615 3922 83
2729 2544 1
4404 3499 39
1041 2609 66
3624 3645 37
1920 4561 51
3301 4704 85
1859 1387 21
2536 3779 13
921 603 22
629 218 96
3411 4299 40
3163 55 40
2 1097 1
3067 1073 46
2655 4345 60
458 2646 64
2494 4505 3
3115 2042 35
2379 4315 38
2300 4944 8
2496 3355 7
235 2871 14
2826 2873 11
3026 2292 37
3224 1300 82
2983 1758 29
3798 4252 86
2352 3719 80
4686 2451 96
2623 4751 40
3482 2247 48
3640 3835 19
3854 3013 44
1516 2392 88
252 616 88
3334 3599 98
414 3749 3
1999 1101 74
3331 788 25
2626 4763 77
3217 3246 76
3516 1886 63
1686 2092 29
2729 3609 21
3769 3861 89
4756 2195 40
206 3961 89
4908 961 90
1033 644 30
3258 3270 46
1586 2839 92
3513 1356 30
628 3042 23
756 2124 32
4628 893 45
4116 2001 93
3555 3559 54
3095 3467 67
2384 4501 11
166 4111 33
2711 697 73
4854 562 29
3883 1190 23
1357 1946 99
1088 1574 92
2385 2042 46
877 597 5
3330 3692 25
4449 2429 78
4859 3947 89
1244 1658 38
4116 2864 100
4696 1747 91
3318 3105 89
417 545 16
4760 2930 58
2457 159 8
3714 4842 52
3438 4291 81
367 502 28
55 1746 38
3144 2214 2
443 1910 2
285 229 59
3426 1998 56
4493 1758 87
2602 568 98
1309 4282 40
61 2720 83
2593 4439 38
4073 4494 84
3562 3990 51
4564 4433 61
17 1071 42
3575 849 40
4030 342 51
3768 2944 19
3666 4254 1
4757 667 73
140 3260 12
3729 3685 58
4064 2248 48
1614 3164 33
1075 3181 56
2116 1756 5
1508 2138 47
2658 907 44
728 925 98
3080 2034 17
4504 3526 29
4015 2255 15
724 1320 15
1423 2934 79
1555 361 60
4111 3830 68
3867 338 6
2614 2996 65
657 76 42
4306 3156 77
4974 2660 3
3902 3027 11
2868 3751 31
4082 1526 17
3460 3081 31
2371 3544 61
3038 2412 99
2196 1378 47
2260 3387 23
954 4045 31
330 4019 91
4584 2921 70
2446 2142 73
276 1224 99
3745 1037 32
2575 3408 77
1587 1447 41
4585 4995 71
3283 2255 58
2057 4561 3
3987 4891 22
4929 828 95
3898 3274 89
2970 4903 66
4920 0 3
4951 3927 63
4879 514 62
3571 1451 57
3641 4734 13
2098 3143 74
952 2130 18
2473 3411 98
4620 2309 24
3908 1631 27
773 2903 79
27 2854 6
2690 4086 72
3151 2657 23
3608 1299 9
2672 4749 52
1297 702 34
1166 4527 45
3215 499 6
3539 760 89
117 2885 92
1696 2913 99
3553 1955 85
925 1458 42
4747 66 93
1008 4090 95
4059 1740 97
593 2906 76
1889 1122 28
495 1013 88
3435 1130 73
2927 4178 86
2977 2732 93
761 9 52
2554 1108 70
1999 2116 61
1193 1176 53
2441 3121 11
4568 1362 85
2195 3209 98
582 1645 81
1855 924 59
2392 3901 43
1237 1014 52
188 4920 13
557 3271 29
1369 4464 57
3921 3257 30
2084 2826 93
1368 1373 2
1666 3308 99
4446 1515 75
2756 3907 76
151 1496 42
2554 1684 15
1066 3594 86
1695 1315 3
1203 1589 60
3833 3673 38
2825 41 64
1378 1707 72
2929 2505 87
403 1614 46
3131 1765 43
3224 671 79
3238 1738 73
1524 4785 89
1978 988 78
4337 4821 3
2227 3998 44
1490 1729 4
4061 4658 61
4499 61 75
3844 4544 92
4686 2769 64
3565 1007 54
2389 3883 39
1177 861 27
2906 1551 1
3308 3778 99
104 1620 80
3607 2033 38
967 1532 52
1294 376 96
4737 1415 17
3852 4980 25
4705 2369 60
1695 4899 22
4674 4157 73
2474 2466 3
624 3922 75
504 2529 8
1393 4848 92
3696 1142 68
544 2232 83
160 1084 15
784 2142 37
2996 3837 36
4717 4863 93
4341 3689 11
4095 4314 33
469 1170 14
228 3915 63
1519 2612 57
4538 3156 89
3973 4668 74
4739 453 68
2875 3449 5
910 4518 21
4455 3859 10
465 4306 76
1750 4775 46
563 3 14
4225 2874 78
382 2412 86
3770 2737 54
4595 2477 59
2562 352 60
719 2615 78
3739 2070 89
448 3887 95
4176 637 22
2721 1201 25
2886 1778 51
663 3512 64
2948 3635 53
1254 4582 30
12 2145 83
3572 4216 98
3001 4307 20
2642 1107 7
236 283 97
3958 4357 50
4034 2243 28
1985 4259 41
3700 3559 28
3152 4813 10
1434 1178 7
3716 4750 23
4965 4103 30
3284 1745 90
490 3334 73
4686 2292 30
2787 2678 26
1315 1015 85
4707 1067 44
1734 572 10
4695 2006 88
4802 2074 90
4124 2039 93
4106 323 39
195 2165 73
2919 3204 17
3649 991 47
2974 3658 15
2910 4717 82
1405 1451 6
4714 2499 12
553 2301 38
1142 1425 77
2187 1883 52
4977 3430 18
4749 1350 74
4517 4999 17
1963 4325 76
3129 2235 93
363 4992 97
3168 1059 96
4332 1612 97
2569 4107 74
2846 2646 10
4797 2623 40
266 3724 90
291 3241 41
1308 1556 66
983 4686 53
1727 49 46
275 4569 57
1322 3901 69
3318 1471 28
4444 669 26
2453 1818 49
244 3437 73
3034 3728 66
2174 36 23
1992 2371 61
4044 451 62
2441 726 31
1897 2049 85
4318 1719 8
2197 2515 77
2723 1320 95
871 1565 32
4096 4599 13
561 3125 1
4935 117 73
3995 514 76
808 2955 54
2191 1205 3
2475 523 75
582 4072 90
710 1795 11
1304 2667 28
1688 3115 79
2152 3676 4
2652 3612 74
1876 3959 88
1551 4768 95
3305 3311 100
3459 786 23
1685 2720 96
1075 3430 43
3137 1086 62
3116 4126 77
2694 2630 54
397 283 18
922 3511 77
609 63 97
4604 4720 8
1155 4531 46
3230 1217 18
4377 3644 100
2319 3133 39
4281 1249 17
709 3943 48
4462 692 31
4531 2967 42
2208 3576 57
2356 4532 29
816 688 61
61 3918 30
4731 3295 74
2830 1966 7
3368 1247 8
4385 1957 3
4384 2771 47
4666 2303 14
2107 863 43
2316 3219 27
2244 4035 67
3056 449 85
85 180 32
758 4362 51
916 4083 50
3675 4820 7
377 4204 31
476 3870 86
2189 2329 49
183 997 20
2710 3242 8
2276 2650 57
2113 2736 89
1596 4846 3
3046 2115 86
2096 790 58
4454 2520 62
4584 2996 84
4721 1537 66
4369 1721 63
4941 783 5
4548 3059 8
4604 172 44
2544 3121 42
4846 1167 57
1232 3263 100
3789 2718 72
1903 3654 68
3886 3376 57
4551 4097 30
1214 4038 13
2470 3586 73
2729 3190 97
4372 2086 18
3566 1933 86
4874 3165 1
3325 3306 71
4296 1561 26
4615 1800 54
1472 1351 51
1401 3917 90
3466 2740 76
2238 469 19
3886 1194 5
3656 1112 38
4593 986 55
3793 4312 14
2064 4960 75
341 4576 75
1994 2400 79
2744 153 48
3885 3619 40
3613 2209 62
1531 2448 8
2887 1104 20
1177 697 58
3983 4490 22
1448 2906 83
4123 3247 11
4949 1593 11
3479 690 16
927 4575 88
3818 3188 97
2179 1071 45
4438 311 1
1457 2840 98
2167 1823 41
2188 3272 47
3522 3747 47
4432 48 40
4094 3528 82
3910 807 58
49 4625 98
2045 3157 22
2842 2595 33
1094 405 73
3692 2572 48
3484 4760 20
1182 4635 19
2128 4067 68
1020 3162 96
601 3424 3
1110 3473 80
1160 1870 89
2281 1064 85
65 2159 42
4337 2203 14
3136 687 26
3856 3221 61
4674 350 29
1893 2722 43
1288 4675 19
2842 2138 44
374 3298 66
1062 1931 31
698 1996 42
739 2685 97
3352 821 36
3430 1029 57
1790 2056 59
570 3949 81
3864 1590 9
1934 4432 47
3477 4806 97
3243 2221 28
425 2919 24
1118 3659 61
4014 3363 82
3949 1793 64
2105 4936 20
1964 506 69
896 723 59
4504 2657 44
1602 1135 2
3350 730 23
677 1155 95
1352 2273 54
4712 2639 69
246 1588 63
1809 45 99
1780 3361 57
4348 4258 80
4859 114 90
1154 3069 25
3607 1419 7
3282 3449 14
876 1153 39
3481 2218 78
4449 2464 18
2211 625 63
1261 2405 25
818 3105 35
2449 4316 1
1738 470 22
3514 430 42
1020 3712 43
1033 4588 96
4671 3069 66
2300 2518 82
1517 1082 7
2132 2343 64
4756 4513 22
4342 1963 38
394 3701 61
4516 3568 91
1409 4588 3
1751 1974 43
4598 2997 12
4664 298 82
3545 3167 64
4404 299 60
2667 1407 73
388 749 36
3778 2496 90
2638 2012 58
3280 3421 98
2634 172 24
1576 1122 22
4939 786 72
820 4332 91
4136 3736 91
4795 2755 98
4967 3144 100
2103 3274 96
644 2264 60
1401 544 81
4450 3178 5
4474 1106 27
2495 1045 14
3518 1865 98
2708 1001 34
2198 2148 89
4448 2116 85
3799 571 11
646 1215 75
4505 3968 19
3137 3418 49
1941 2892 55
1867 1739 100
3932 1609 18
329 4318 71
1814 2868 20
1055 3668 36
3439 2467 59
450 4465 74
1076 322 94
895 3459 12
1595 400 57
2050 3620 96
4901 2552 6
970 4234 76
3041 1048 44
3612 2103 65
1299 1895 84
4557 3697 50
4030 4773 72
3823 2020 84
3386 3616 36
842 2018 56
1390 3271 61
3547 4242 47
22 3635 95
717 3599 51
81 4898 98
3265 4455 95
2266 4837 20
1589 12 41
4372 4750 9
3908 593 27
3415 3335 50
1827 1882 44
825 3256 31
872 3973 30
3022 407 28
3419 3672 35
3865 2290 72
4084 3879 36
1324 4604 87
3532 4864 32
4110 4631 67
4312 2811 1
3755 3636 57
3186 4508 82
1215 3882 89
495 3653 13
4229 2518 3
4153 1603 35
4088 4279 91
126 4164 55
1757 4626 86
3075 3938 49
1275 2694 86
4083 880 46
865 3447 29
4405 3942 82
1618 4524 53
2472 3677 8
3558 4117 87
4248 4244 3
1154 2353 30
1340 429 20
688 3056 14
25 2140 46
3871 4357 46
2951 114 40
684 3084 64
936 1909 93
495 467 63
4334 1068 59
2336 2222 12
1317 4914 93
4237 1955 50
1202 1980 42
4048 2203 51
3045 154 65
984 2191 50
4800 4479 59
2292 4975 78
254 4309 46
3812 1645 21
1076 4315 35
3768 3552 90
869 4754 23
1462 154 26
2764 3199 33
4181 536 24
2330 336 3
3740 3980 78
1969 4235 87
4915 4399 85
1435 1827 52
4221 1948 4
2611 2817 10
4333 632 17
4610 4748 16
42 3929 4
2665 2611 40
4768 1351 21
3197 4673 8
936 4588 59
1672 2375 87
1723 1596 35
326 559 4
1387 1244 88
2603 855 37
3371 897 66
4674 4915 78
2666 1035 81
4638 4232 54
845 1520 94
4155 3192 69
4293 4915 18
27 1593 29
1283 4333 26
3170 1936 81
4806 1659 30
372 1334 45
4901 352 80
781 4990 65
2687 2187 85
4180 1342 78
4401 636 45
2570 2015 91
1298 3298 24
2623 2821 12
1155 2627 72
585 4351 58
1281 604 10
1661 1386 100
3977 4073 39
1461 4605 33
3490 4006 21
1787 1576 37
1677 4227 87
900 3202 60
3411 4358 88
3934 1295 91
791 2576 96
3000 589 34
1551 4566 59
2289 2380 64
722 2222 71
1142 4009 99
4930 686 26
2017 2938 29
3276 2702 39
3515 1636 86
4458 2428 14
1005 1780 56
3938 3332 74
3648 621 54
1611 1343 77
4933 3838 38
4832 3768 25
3957 2137 15
2637 414 17
2027 281 54
2712 1091 34
3678 2096 14
233 2386 98
2706 1034 20
3912 3998 15
2340 3931 53
4777 3763 22
4253 4073 59
1668 1710 25
1784 90 59
4889 4154 50
1774 2832 99
440 4417 37
2437 2124 24
56 2388 22
1723 1080 53
875 857 69
148 111 42
207 1779 4
3383 4915 94
1841 1157 1
2743 2931 33
2093 3371 51
3829 2161 27
4304 2217 67
2425 292 47
830 1168 4
2998 2668 67
591 2875 98
1246 2611 66
640 804 23
540 4899 54
4624 1992 78
3126 2174 39
104 1478 8
4470 256 1
4916 2438 21
2572 436 89
338 2379 17
2588 3625 28
4753 617 84
3075 2509 84
680 3486 28
1657 1612 54
1147 1717 85
4207 1187 41
1207 2456 79
2079 28 67
4267 1718 98
683 4306 23
1062 4059 93
3598 3486 2
4681 4167 88
460 2176 53
3414 3324 70
4198 2531 9
1590 90 17
1420 2169 45
1686 2788 64
683 4824 22
4657 2238 82
4249 836 68
2703 1869 87
4642 2330 64
4546 2096 40
1167 2646 23
3976 4236 13
592 656 34
3589 3694 74
3304 729 98
2325 1738 37
406 2340 25
3326 1395 95
412 1037 77
4675 584 73
4966 1751 71
2788 2079 59
2052 4024 15
4837 3965 61
411 2269 42
808 4594 80
4796 1353 20
4621 4679 15
1315 1443 5
3043 2471 41
1867 2437 44
3337 226 76
395 3630 52
4461 3468 17
2221 231 86
3414 1039 32
4993 2188 85
265 1809 16
1931 4476 60
987 2519 31
1979 4386 20
4723 4075 98
2250 4470 29
3801 3931 49
669 2504 80
4806 2270 71
3537 2263 59
4974 3880 20
1089 2164 96
0 4503 67
1382 1483 5
202 2558 80
599 4808 2
979 4961 33
4827 630 89
3906 436 59
1729 325 75
387 299 7
2207 2741 23
4854 2741 27
21 4124 10
2277 678 68
2257 2629 28
3058 3609 89
4143 4788 19
4083 47 7
1294 1776 32
2120 2163 84
1826 722 25
1401 577 18
4127 1950 94
4688 4227 72
1455 2836 54
4382 2247 63
3622 2742 3
2140 3177 50
3798 4471 26
781 2943 42
3064 1122 64
4440 2523 93
3558 1650 95
4503 1338 23
1127 4145 11
380 4879 10
4594 3501 4
3596 1993 82
3998 2143 5
4823 2924 49
516 989 71
1932 1781 46
3924 339 48
4219 1195 86
93 2322 83
155 2702 14
3817 3648 67
220 2244 12
1153 1242 55
1558 2418 79
1258 2934 20
2080 4866 2
425 143 93
1772 4362 88
809 807 10
343 962 64
4756 4779 64
374 1352 9
2985 2505 3
2739 415 73
1769 1673 60
3141 105 26
4942 1882 21
4786 6 35
4474 815 42
2835 2510 57
251 3618 88
1314 3992 40
974 1977 98
3229 1068 13
2901 4190 39
1860 2331 44
2038 2273 79
2358 2059 85
3393 2885 53
234 2073 63
742 2324 82
1030 4990 26
2669 965 4
3166 4194 24
431 3447 14
4369 308 45
4764 2346 70
2042 4704 82
4327 4449 67
131 1036 92
2093 1778 68
4026 2808 59
4952 1830 76
4207 1348 22
4530 1779 69
4044 2500 29
888 2265 75
2710 659 32
1591 1338 81
4709 1469 69
4901 4915 48
120 3941 56
3978 3893 38
1505 4452 87
3226 3983 18
4747 3027 19
1575 267 36
2102 4329 95
2333 920 34
3365 1982 3
434 3235 18
4281 3355 12
2288 3686 57
3478 191 10
1016 4770 93
333 4517 72
3503 2444 91
3938 4546 21
33 1879 93
3818 1597 75
4072 3383 10
4242 4016 66
3353 2656 52
2709 1134 95
2870 2150 65
662 3836 34
4185 2339 79
2976 1278 25
2448 2663 57
2840 1481 6
215 553 89
824 4795 5
4789 4500 13
3792 3562 48
2987 1432 50
3303 3447 86
3137 2632 26
1767 1960 56
4943 4408 19
1351 2249 100
4356 3816 5
2096 4640 53
3852 782 53
3265 926 67
164 265 100
4213 3569 47
2099 3058 31
3676 1177 44
1531 1120 52
3401 3824 53
1752 4532 69
656 1629 62
2060 1833 96
1613 1450 22
1079 1614 88
3330 828 9
4028 4279 67
2359 2955 44
4002 4486 16
1405 4239 40
2410 991 25
878 1647 6
1691 3708 39
3286 1673 90
808 4104 4
4947 3787 84
2655 2815 63
4773 1526 18
1716 1880 56
2483 3286 95
2075 696 86
1199 2926 86
3304 4618 46
3594 2904 71
3983 64 27
2339 11 14
1522 4018 82
1337 3791 8
4106 507 41
1362 4343 27
4208 1418 75
3046 3969 53
4883 2273 71
1780 867 28
350 1203 44
728 4894 8
3542 2768 26
1875 4105 18
382 3212 77
2122 926 20
3500 1486 90
1926 4532 59
3279 767 84
601 2547 4
2180 4249 7
176 4978 53
3183 3520 21
208 395 27
2377 2129 39
54 604 17
3425 456 3
4567 2383 88
4677 2014 55
2061 2615 55
3016 1148 4
174 1324 82
2226 4507 54
2046 1067 1
972 3445 83
4462 4851 87
3878 3276 43
1133 4195 78
2920 3873 92
1826 2286 60
3280 302 8
336 476 32
1017 2702 91
2923 4748 58
223 721 55
1005 1535 6
3743 414 35
1938 1547 30
2515 819 55
1459 2645 41
3018 2278 95
725 2614 71
1108 4983 73
998 2906 74
3307 4482 47
4062 1839 82
1019 1935 48
1253 3873 95
2035 2740 66
3041 4199 12
4982 2217 42
3576 4294 56
3999 402 91
771 2752 50
4996 2412 32
4942 2826 23
1424 3845 58
4671 1451 31
818 4838 72
4135 2879 23
98 2861 41
3339 2790 87
546 1789 42
2737 3912 46
538 3909 58
1469 3851 84
1943 1627 82
3001 2651 33
4283 3469 71
3306 2604 50
1529 2703 64
3321 2394 54
4407 2941 95
2248 2030 7
546 2568 68
4903 389 20
3439 2332 99
2172 333 50
1004 969 71
1026 4275 28
3927 804 83
4690 4125 77
4595 4885 70
2641 3485 100
3248 4031 20
467 287 9
186 78 94
2885 2250 79
3234 4606 48
4757 632 24
3884 911 80
2066 1954 6
2642 1549 43
2512 543 28
763 143 12
2935 610 51
495 797 29
388 34 79
1967 4620 37
866 4377 69
2689 3261 80
3021 327 86
2478 4322 36
1820 3186 79
999 3949 22
4210 1884 32
412 2380 81
340 4120 67
3870 2439 40
2006 3306 17
2126 2347 31
3158 368 10
1143 2846 32
2030 1018 70
2108 2018 20
3681 2580 56
865 2993 88
197 4685 61
916 3556 100
1255 562 6
971 2689 6
1653 2199 26
2663 3342 25
4346 373 43
4216 3833 13
4387 3867 46
2794 1084 39
4934 1281 76
1194 2197 32
4893 4804 47
3251 2128 88
308 3781 87
2733 2796 29
4357 2143 2
3352 2711 88
4364 3450 55
4309 1244 39
3599 1178 72
2575 3724 22
1458 3618 26
904 3221 54
743 3529 36
1429 2614 32
1810 1972 27
2563 324 90
2150 4688 40
1956 350 37
1494 301 67
3666 2876 92
739 687 62
1264 2943 35
3918 3687 64
1705 1468 78
2288 3278 2
1367 2194 26
3156 4344 67
4748 1301 69
2584 4147 70
4302 4165 99
4745 4904 86
3806 1169 29
2440 1439 16
955 4496 37
2085 1784 15
186 4503 61
4964 4012 6
782 3760 59
3302 2696 58
4771 3350 24
469 3096 28
3206 1902 49
2535 695 88
1902 3002 36
2738 1439 21
3205 2978 76
865 4294 88
4222 76 100
232 4730 96
390 4501 47
4713 1323 95
292 4529 49
2041 3416 44
1580 1671 99
616 4409 38
2788 3966 16
4463 4832 10
1503 406 38
2302 639 68
2150 2381 22
348 3446 97
1642 3738 78
1190 2131 95
1434 64 66
2384 680 27
3421 4820 94
3789 4283 78
2098 786 84
3188 3089 75
2655 1591 56
4328 1939 2
2324 3581 93
1202 4771 24
4848 2557 88
165 4941 20
1243 4715 40
4936 3504 24
1165 1954 62
1449 1494 3
3723 4150 94
4731 4830 33
2832 3507 66
1024 4709 38
2700 909 47
4439 2426 89
1859 3669 56
4098 4958 12
1973 1123 66
1987 3924 13
1441 4000 63
1135 3731 45
4119 2915 52
2037 292 13
3374 4344 74
3620 3783 100
160 642 70
1415 1093 80
3878 4418 3
3296 1405 80
4208 2847 80
622 334 63
1866 805 78
1618 2842 22
3782 1216 66
1856 1189 50
2355 2701 44
2876 469 37
4707 4347 56
2662 2643 13
4541 1851 60
1772 2473 46
2734 692 52
2963 3662 94
3485 2444 63
3350 652 4
1999 4360 5
3995 3588 74
731 3296 22
3238 2310 17
2151 1851 21
262 3623 94
3708 2709 38
2959 672 100
52 4157 97
1066 3860 1
3269 2211 61
3174 1206 2
3547 3290 98
4620 1528 8
4689 31 11
1609 294 86
1002 4002 95
3792 3313 19
243 3365 29
491 784 89
1392 4053 100
1652 3579 59
1853 3479 49
1702 4451 29
3861 4140 61
2871 749 7
3208 3104 9
4902 1896 74
4973 2139 39
4201 2631 75
2289 375 81
3940 3379 60
3150 233 39
4298 3287 91
4679 2149 31
91 1372 33
797 4581 37
1857 835 33
1230 808 24
320 1361 7
1547 3650 82
1827 3943 62
686 2093 47
4377 2744 86
2519 2423 87
4801 3866 60
2833 1015 93
3969 2872 80
3353 454 41
4877 2126 2
1735 3673 5
2617 1852 48
3230 2539 41
4076 3268 37
4561 787 60
3548 588 78
259 3422 93
2903 3743 17
1382 2097 23
3374 3326 50
376 61 75
3732 2678 28
4679 908 19
4071 1336 87
1208 898 74
2119 798 14
1897 1057 88
2689 3960 32
2706 1694 81
4528 69 7
4829 1797 68
156 529 99
983 1560 59
2053 1983 96
39 3191 46
164 1663 44
2229 3560 53
2717 2601 13
3300 307 59
980 1188 80
1986 2369 29
4405 2525 10
855 4860 70
3214 1913 6
3261 3304 97
4206 4820 60
2301 2050 72
1453 1119 74
917 4419 33
2075 399 73
1007 3737 43
1735 4494 20
697 350 81
4866 4916 46
2371 4529 3
4420 87 23
3131 2388 25
403 193 44
1628 1110 15
3160 4537 14
2233 544 3
3675 3632 98
346 4329 100
526 547 68
324 4271 97
3426 43 84
2700 3174 24
377 4929 17
4172 1557 79
2387 4718 16
1000 3303 13
1055 3330 97
4252 3676 78
503 4203 25
1670 879 48
3718 4305 91
4501 3357 18
376 3734 47
92 2907 5
2270 1646 75
337 2646 78
301 3701 60
3897 4305 36
3174 4808 91
4351 2830 70
4798 1548 27
1641 2401 85
1658 2777 71
1604 4221 30
4460 2843 76
3386 3181 75
615 3482 28
1174 3732 86
410 1906 94
1552 1257 77
2222 2408 77
4900 4049 79
936 2059 8
707 15 30
1088 828 73
3116 4214 6
2790 4830 41
3869 2356 73
4254 4118 79
800 671 89
176 4245 49
2452 4145 50
2130 82 9
2290 2141 24
319 3229 52
2543 2697 19
4301 487 1
4541 709 57
3513 4963 76
743 763 47
583 939 92
2831 4744 89
480 3226 71
1540 516 64
1264 2187 46
3167 1083 43
637 384 83
2937 1277 92
3946 4790 55
4073 1885 71
3519 2469 62
3562 300 6
4102 2133 33
4725 3673 1
2488 1289 89
4833 809 24
1228 1446 8
3110 736 85
2053 1034 27
959 107 12
629 4978 81
2591 4892 34
648 3994 67
1932 3719 92
3733 1208 82
4073 2393 91
496 3621 89
3655 3083 77
3091 1488 63
3669 2448 70
1132 4429 48
4713 3372 40
1298 4021 35
3664 953 54
1055 1038 14
1088 1463 8
1930 3311 81
571 3318 17
1299 2761 5
3062 1430 53
1283 2563 83
3131 3628 7
1222 4926 28
3308 4942 34
4114 2349 24
2479 3438 88
1886 1720 51
2619 2291 70
1435 3591 31
1739 3005 62
4492 4288 77
3026 3771 5
4932 4994 83
2212 4654 25
1797 3768 74
2420 1248 64
859 4486 85
2610 3457 28
2679 4892 71
509 1632 76
1122 2476 17
650 1854 88
2454 3138 34
1888 350 89
4912 2147 9
1638 920 9
1801 1779 48
37 741 5
565 3420 98
1035 282 82
863 2756 10
4979 3407 64
4218 2213 2
3452 4102 5
3692 366 4
4052 2004 24
661 158 56
4460 195 97
364 2112 70
2513 3148 4
2646 363 12
255 1694 19
1070 912 85
24 4364 87
4328 4408 53
3483 3461 10
3559 474 68
414 4934 63
4362 1650 76
3083 516 76
3438 4514 91
1550 4770 85
3068 2192 97
3152 2216 14
3690 2896 74
4595 2732 35
2504 1291 61
571 1705 95
185 2419 98
1912 1855 14
3139 293 28
4729 1843 50
3013 1264 95
3562 768 63
4827 4459 12
1852 406 44
987 2910 35
1947 4833 40
4194 1370 11
3091 3283 66
3856 1422 12
4135 2504 55
537 1869 71
4131 1783 40
1293 1610 51
2704 3463 57
1847 802 19
2281 4101 4
772 3295 74
3035 2738 9
2152 2946 84
1563 2082 88
4170 2619 57
3040 3102 93
4031 4395 3
4481 3452 18
1689 1651 72
3159 285 74
814 2409 21
3488 444 12
2148 2597 58
2231 512 92
1170 4682 11
1979 4075 65
4571 3106 61
125 2588 65
495 629 16
1666 3789 1
3291 4603 11
4564 4443 7
4927 2944 56
1884 1527 69
3628 2698 3
2990 1029 78
455 600 85
3667 2077 25
331 2572 54
3646 591 95
3599 234 51
961 1150 46
3767 1077 90
1875 4314 18
495 2942 68
3797 932 97
2527 2739 49
3011 1406 26
2435 1737 99
3840 1736 42
387 335 28
1537 2648 79
4834 2767 8
4724 4642 22
2493 137 16
2960 287 1
808 2814 40
4256 825 47
4781 4612 84
4231 4804 72
4272 191 7
900 3080 7
3678 2915 75
3885 3991 17
4759 1484 7
3574 796 94
4674 1604 60
4866 860 37
112 641 49
3447 4873 5
3519 497 97
277 1397 77
4684 1427 44
3210 1665 35
1378 1424 71
4684 1350 67
4629 2377 71
3740 2243 31
3676 3707 25
4576 2154 98
281 2025 95
1177 3655 45
1505 4691 72
1101 2901 89
3335 4279 65
3406 316 16
4272 1297 45
3095 38 40
1425 3714 47
3101 3291 53
4650 3572 31
1697 1101 86
141 3958 77
1364 59 30
4253 3395 9
1269 3153 77
3284 3777 75
380 1872 13
4719 4650 79
4117 2751 70
2022 2402 94
3304 4099 95
1889 592 54
1517 1956 13
4046 2561 60
2206 3831 13
683 3467 91
1809 3848 63
1621 4919 65
1499 389 17
1021 2411 71
4114 2067 70
3309 3956 14
2814 1825 70
1026 2223 32
338 4429 15
1450 1464 82
2692 3273 82
4455 1246 2
3571 4098 43
4087 119 6
4709 585 73
3078 3894 29
4743 1708 6
2013 4087 29
3196 4425 10
3210 2227 75
3043 4920 100
1725 727 47
1678 4298 97
3372 4738 68
2477 4447 53
3649 2526 48
129 2269 8
3434 634 47
314 182 72
1623 4744 100
749 2788 72
3149 865 99
3147 3895 97
3595 2267 35
4162 1096 83
314 4745 61
1713 4874 82
4821 4660 69
4719 1326 51
2691 2949 96
4242 51 36
2065 3200 53
4263 2699 48
2111 2646 67
3346 1808 63
380 2122 60
1292 3836 86
825 9 98
993 4728 24
1344 3771 73
2791 4365 24
2026 1430 76
4830 693 27
1529 4157 73
495 3855 81
1909 4235 56
4420 1879 44
1805 2704 53
1554 3698 33
1277 1394 5
301 4185 22
4377 2563 53
3004 3745 98
4331 274 55
4655 2121 10
1788 4030 97
1043 4802 76
1838 2959 33
1290 4513 31
3174 790 25
3830 1091 62
3852 468 77
1656 3473 22
153 4156 96
4160 3811 17
2021 599 99
470 2994 1
797 4832 12
3829 2474 25
559 649 15
35 831 58
3696 4683 79
2624 1339 52
3945 2845 60
1892 2005 23
608 378 75
1058 848 69
1310 1646 54
4521 475 80
2245 2387 29
2111 2422 61
3069 2471 96
847 1447 88
3450 393 33
209 2285 90
2131 4246 68
1005 304 69
4226 2967 67
2279 2488 94
4158 4734 81
3039 1845 56
2751 1266 79
3498 2113 26
585 563 19
517 2124 57
3806 4256 55
3826 1613 11
4694 839 78
4912 4470 67
605 4981 53
3686 4372 50
1893 3475 17
2571 1973 82
4696 2559 46
3567 4428 22
1075 4587 78
2829 3413 44
1239 4459 35
3969 4371 6
2835 4976 87
4139 14 11
2288 1907 86
3056 4478 59
938 527 70
735 4094 99
2656 169 86
3834 4350 51
4329 589 62
663 4558 33
1468 3745 61
3606 2884 76
1468 1525 35
1453 4581 14
4764 519 41
633 1254 87
2283 263 8
2168 449 58
3170 4778 99
3631 441 10
4815 3262 55
976 3220 92
3503 4689 69
2937 1142 2
3202 906 22
3994 2892 28
3880 175 91
287 3696 40
2396 1866 70
95 498 12
3704 1665 26
2410 2641 46
353 2496 87
4821 434 82
1575 4988 40
2496 3983 32
2375 4215 8
2518 4503 4
3109 3251 22
4831 3346 72
1994 3402 38
2419 2165 79
2416 2518 28
3455 3692 62
636 267 50
75 4115 85
3759 2842 1
1266 1712 56
3821 1174 7
4594 1005 6
866 2999 8
3803 1770 25
733 538 96
160 3993 40
1373 4629 59
2575 1057 26
2759 4816 68
3511 2434 33
3766 2607 59
3625 2201 16
1830 3067 67
4789 3222 37
4914 308 75
261 468 21
4300 3194 50
4958 769 59
1083 4880 75
1402 3392 9
3434 3510 68
4344 2135 70
1259 317 89
2525 1459 12
561 2725 20
488 2986 40
760 2286 34
661 2244 55
1620 4679 36
3746 1081 80
3307 868 90
474 212 78
4843 1472 95
4984 349 54
1995 911 79
666 2751 65
1157 3511 3
4843 4172 99
4297 2144 78
4984 891 60
4063 4198 80
1653 4672 92
2730 868 16
476 852 66
4682 4199 29
260 1217 32
177 3726 95
2379 3569 19
3178 4219 64
7 4203 55
1566 4619 5
345 1272 29
689 354 97
2504 2182 1
1021 1864 100
449 3477 69
3980 3654 96
2374 2385 65
1293 1915 36
3708 1923 40
662 4841 59
4518 1539 83
3046 2228 89
2443 1084 23
4043 2106 88
1195 3907 65
4563 2888 71
1658 1614 56
3675 4259 24
4910 2967 47
1701 4981 40
3111 4499 79
2145 2546 59
2885 1341 44
808 1736 2
595 2931 9
211 3847 49
3481 1857 64
4136 532 23
4411 1795 43
1609 3496 24
3649 1608 24
3579 3753 22
738 1639 15
333 2447 51
3386 4394 35
3994 4605 82
3843 3086 39
1658 3574 24
3732 2986 19
3774 4595 15
150 4596 75
1025 3176 81
4446 266 72
560 1951 71
4762 337 65
1896 4331 22
4229 4526 8
3420 2536 34
3143 1269 72
1013 1395 20
2379 2897 16
1706 3922 44
4786 4720 62
857 1632 13
727 1395 2
1343 4643 86
1564 3873 12
1223 3645 49
808 1788 70
3380 4153 17
1899 1532 15
1366 3238 37
362 4376 10
4623 233 42
2188 2312 89
89 7 33
3674 2923 58
3138 4146 3
138 1307 91
4759 4687 96
775 2938 28
1041 656 19
3878 1018 95
4139 1994 81
4680 534 93
2969 1975 53
901 2002 76
410 140 75
2212 278 82
2154 1389 21
1249 2164 11
3228 3206 67
3446 3436 38
4393 2575 84
573 3607 70
4065 1576 45
269 3829 47
3045 4239 87
1319 2803 17
900 4957 6
2872 2558 23
2782 787 81
4700 4233 17
3989 3626 44
1624 551 51
4793 969 80
4938 1238 61
2084 4283 53
723 602 56
991 2854 66
2649 2078 24
1471 1212 11
4851 913 97
3019 1254 75
114 2879 27
4464 2672 96
3095 3962 86
1908 2399 70
4960 3122 24
2167 465 31
684 3114 61
408 937 74
2270 2140 39
3366 1511 93
793 1625 72
3771 2442 97
2718 537 59
2903 3797 58
3724 109 32
148 2277 50
2130 4313 16
1190 4721 6
1463 1992 46
4001 1710 58
4146 3855 35
817 2626 77
2865 344 67
3876 3248 64
2285 1972 74
169 3472 3
3518 1954 16
2685 3145 90
2790 960 34
36 1314 44
145 460 100
3231 1277 78
2408 495 23
3474 4371 23
4689 1656 47
1014 1825 20
4616 343 74
3884 3029 71
2873 2171 32
1558 3559 46
601 56 58
4852 3288 35
1730 696 82
304 522 53
2126 1563 62
2272 2578 87
2243 3546 83
2817 3782 64
4239 3007 35
1622 4565 95
3967 1519 51
3124 1371 91
4911 4453 87
3544 4757 61
197 1883 77
4858 508 55
2696 2751 53
878 1920 88
4793 1160 95
4528 2782 61
4174 3102 80
3876 2578 3
1867 3841 9
1905 2386 66
3818 3935 2
2294 145 10
4700 2841 61
2004 72 34
3091 4865 94
2186 745 28
2198 4919 30
3729 148 61
2983 2015 2
1691 272 40
157 4090 75
3210 1384 72
419 2436 14
1731 4441 86
4964 3884 3
4357 1070 49
4237 4620 68
866 4701 16
1426 2685 83
2180 728 56
319 885 98
3746 4095 83
2317 866 71
82 3950 64
1567 3914 49
622 4624 71
4070 3861 92
3789 1079 45
3657 2506 30
539 1038 59
4046 2709 96
1644 1455 44
1978 125 62
4748 207 12
3312 3127 27
2112 3749 3
1982 4171 64
2825 2960 43
3370 1617 1
2951 3509 91
3261 2555 1
809 4199 8
2452 2529 33
2665 2278 93
477 1942 72
3555 4054 21
1257 2388 44
2820 214 4
1814 3584 74
4667 1535 83
3557 1149 38
157 1958 90
917 4410 19
1801 3427 49
2893 3904 91
4816 2459 97
488 3716 86
331 2888 52
3135 1055 36
3908 722 23
4542 4279 72
2731 789 30
120 1706 92
1391 4859 20
4939 2753 76
1782 3921 36
4030 4410 4
3667 4741 45
3518 4228 100
1953 4488 22
4628 4030 53
3451 1762 94
4233 1882 100
776 4625 60
747 4565 65
4623 2699 86
2310 1729 48
3713 397 90
709 3915 18
2408 2221 59
1181 1849 89
586 300 51
779 4533 86
4031 310 11
2142 2409 28
3006 2032 79
4143 4342 9
4691 4408 58
1332 117 73
2201 3878 46
2559 1411 47
1948 1997 48
4450 4129 33
187 3160 95
550 302 5
1829 4660 89
808 155 32
1516 1198 92
325 2530 61
1697 4732 39
2995 3643 3
1141 1943 52
940 1394 81
1625 1581 41
2619 3483 95
2375 313 7
516 1121 63
1647 3989 13
4890 4314 44
3250 2363 28
1841 358 23
1843 1500 67
194 3792 61
4027 417 94
1019 4389 78
4666 3116 43
2972 3632 64
2786 1631 53
3799 1521 67
3694 4772 30
4673 2965 41
4295 1160 93
861 2706 85
173 1733 55
2419 2753 44
3148 2419 60
4190 1743 45
1353 882 76
3857 4681 98
675 4727 22
4856 752 39
4396 47 99
3140 2261 5
677 3786 39
3631 1205 44
2326 4353 15
4137 4895 10
4581 1248 92
1657 1457 73
1606 2132 52
2679 1989 4
1717 2737 4
1915 878 65
4819 1555 3
809 1538 61
904 3864 66
3418 3001 62
4028 2583 62
519 592 20
3044 2198 4
1647 1229 93
4651 2946 83
4054 4861 13
2070 1032 20
224 1842 58
4584 4098 22
4650 2517 75
4611 2897 10
2172 4768 2
2543 4164 52
47 812 81
891 1815 79
825 2221 40
1637 643 25
356 867 19
1965 452 17
2438 1454 34
913 2417 83
4674 941 52
2676 3485 68
579 4884 80
4712 775 95
1790 1601 16
3730 4590 59
4406 1299 79
1924 3264 83
3540 703 37
4026 2968 54
2408 2642 95
1911 1670 32
579 3602 16
58 3314 44
2705 104 97
1220 186 87
1731 4592 86
3109 1516 51
1291 57 6
2279 4083 26
684 2843 20
3678 4755 43
2862 334 45
577 1744 59
420 4449 15
4568 2022 54
1955 105 46
640 4566 15
3942 857 24
4299 4488 59
3976 172 2
1296 202 9
1638 3064 95
1934 4994 92
4192 1766 41
4258 1335 15
4511 3290 72
709 282 38
3423 577 47
2546 1228 35
3456 205 7
2209 2853 62
718 843 26
2264 2777 72
555 3321 39
4648 2579 74
762 2091 16
3334 2800 50
1823 2575 27
1170 1473 56
4 4929 13
363 3490 66
924 4208 61
901 1473 38
873 3380 59
2611 3028 90
2036 143 33
1103 4829 85
452 1652 60
379 2822 85
2886 4179 14
1950 4542 5
3867 1818 65
1627 4071 90
2164 4944 71
2374 3907 51
1515 2295 94
2748 3398 23
3132 3851 76
2444 4230 50
3228 3468 29
294 418 23
850 4285 41
1966 2264 13
4556 780 9
1878 4506 17
3580 1021 64
4074 121 63
748 3254 14
4075 2050 96
225 278 64
1905 1924 34
3128 2774 71
2520 4741 35
984 649 67
4393 3879 73
3061 3811 94
4024 2885 16
3386 4986 22
1599 4061 72
1746 638 2
361 2544 79
746 2024 53
416 4544 46
3702 529 47
2768 1274 78
2692 4335 90
2286 3359 27
3353 3098 13
4026 1049 27
397 2796 65
4750 3157 61
1028 3904 37
1433 672 82
2930 727 63
77 4847 37
3806 2540 72
4995 1178 83
422 4531 81
2186 3557 31
3012 306 79
829 1408 88
2541 3789 44
1278 222 69
911 3152 96
1073 4581 43
3861 3388 35
984 4735 13
1466 157 96
1399 3696 53
2381 3060 11
1159 3889 72
798 2783 61
4342 413 83
4910 1324 87
2557 3749 21
3699 3962 9
86 4946 96
1298 2764 6
3394 4163 2
398 1544 62
4061 4055 4
4132 4854 87
2992 548 52
3426 458 76
2012 3015 77
2884 3066 39
2144 3152 37
1140 803 1
1645 4197 65
846 947 61
4459 8 69
1962 4140 75
3600 3484 23
651 1910 33
378 275 48
206 3159 66
3996 304 71
2732 1444 74
4233 4441 23
1249 287 70
1161 1098 31
129 3061 23
303 3013 8
1025 17 70
3557 395 97
456 1954 57
1774 950 13
1244 35 9
1517 620 50
3691 3221 89
1812 4382 87
4942 864 100
3565 1167 14
2024 3545 31
3745 3454 78
742 263 84
898 2037 35
4062 3281 22
22 1150 42
4071 1193 63
1111 3005 97
2897 2948 61
449 2865 81
4662 1241 26
244 4986 32
2573 728 95
1857 2978 32
3443 3392 65
64 3414 67
3657 3837 60
471 4948 18
1667 4198 18
3728 4647 83
3308 661 76
2785 2257 14
716 4830 95
3911 3039 25
494 1482 18
1711 1546 84
429 1555 22
3989 2026 22
3258 3694 20
475 3774 19
1909 3434 32
4584 1219 41
4949 3287 72
1043 3550 63
1468 4045 46
1637 2108 44
220 2537 100
2641 2878 78
1363 1136 24
634 1611 98
905 3520 84
3188 3104 55
2729 4406 43
3452 449 93
2214 3269 90
3811 4906 98
1955 127 36
3006 2768 14
1083 483 51
4207 2470 14
2456 3375 35
4140 1563 91
3394 644 97
2288 4096 99
3381 1311 68
4870 122 75
4820 3429 2
955 2787 22
1320 3871 58
2822 4430 28
936 3238 3
3922 3730 18
12 2125 63
1861 4413 11
4159 4146 22
4726 369 97
1552 189 78
2153 2496 66
3227 168 89
4784 2991 71
3811 279 9
2565 553 40
2882 1917 17
196 3778 82
1607 4289 29
680 368 50
1228 1920 39
206 426 87
1971 3653 55
311 3437 98
3081 3600 29
4089 1165 82
180 399 100
3396 1948 30
2378 3555 72
1858 587 40
1707 1816 60
3097 2022 38
1983 345 91
1037 656 80
4435 89 32
4463 530 97
1397 711 49
248 459 97
2877 2837 52
1148 1047 39
1139 4106 7
3051 2203 29
388 4186 26
2731 224 34
3510 1011 23
594 1826 54
2490 4575 17
1138 4823 76
3086 2701 66
2237 201 13
3328 1341 20
2586 4392 75
3867 1132 62
492 3863 38
478 3726 1
552 4320 79
4805 3162 55
2473 653 78
4249 3739 31
1566 2329 33
4930 2009 26
2401 4595 70
2076 3462 2
937 307 18
2726 785 44
526 1337 16
1504 2495 78
2058 4968 31
3788 569 71
3218 2135 100
4202 3418 9
1527 819 4
948 2895 19
150 184 26
4567 2910 63
4062 4788 100
2877 2645 47
4854 1055 16
3837 4843 37
207 3062 25
3906 2264 43
966 144 14
2621 1092 62
2739 1242 46
4516 2161 9
2078 2575 49
2330 452 94
76 1659 50
4143 496 93
132 2055 7
4608 2313 72
1150 3279 16
1215 2252 8
4176 1344 3
2322 860 16
1082 4291 92
4630 2973 96
824 4401 7
4425 3545 55
1517 29 10
3024 4637 23
3147 2139 2
3414 3354 55
3421 3883 99
2375 1205 11
4843 3639 54
4886 3269 27
1733 445 29
240 4870 26
594 2740 7
3004 2116 44
2726 263 35
2080 3677 41
3686 3450 24
1636 2178 81
1798 2021 20
1252 3259 42
30 4992 87
1858 232 10
4935 2179 50
3041 1535 18
2136 613 81
3370 2693 10
663 2731 12
486 4367 90
2867 2518 63
3886 3770 22
4527 3800 15
1966 2011 99
4275 3298 30
676 2692 65
4193 4828 79
4325 4551 24
3134 214 56
1745 700 75
2535 4919 93
3049 3806 15
471 3333 68
4237 299 79
3235 926 77
2117 1602 69
1181 795 50
859 120 53
935 4606 67
3742 1352 19
916 239 39
1961 3288 97
3127 111 82
3094 4348 34
72 3936 60
1701 1053 63
1021 3586 10
170 798 83
1574 1733 89
1840 475 93
511 1391 32
4101 4704 73
1497 2832 36
4930 2278 37
3663 3703 25
3323 404 30
937 1425 16
4346 2948 14
4228 4522 47
69 2715 22
2261 4578 66
1045 31 22
4469 1528 6
3004 2810 85
3592 1474 88
3116 4797 44
45 734 21
561 1432 69
3226 2013 44
1273 2082 11
1146 695 89
3763 1740 72
1085 1209 100
3942 566 62
2726 4158 36
1565 2275 33
808 3672 19
2829 4233 4
4149 3812 17
4992 1437 51
1254 2583 46
2094 2699 39
2965 3784 48
1716 2726 14
3278 1805 25
1313 3370 100
498 4179 72
1768 3360 58
4471 2509 22
539 3854 59
41 108 42
239 2203 93
2177 1520 77
1676 3237 56
1742 1515 13
966 4180 83
3817 4678 14
340 1447 74
1097 2270 84
3370 4162 90
728 4203 98
2022 4442 53
1014 1619 26
143 3296 63
1998 38 30
2010 2356 10
1744 1173 41
658 1513 40
4283 3963 10
418 2333 24
407 3062 28
1857 1436 22
509 2450 94
3386 2593 42
3148 943 80
2129 4305 88
291 2402 61
3131 4412 74
122 3695 89
4383 4114 23
2807 4521 37
434 1378 25
207 3240 75
1600 1626 21
2641 1127 16
72 4608 74
4859 4899 76
2171 3030 88
4645 3152 83
3785 2536 49
259 1695 71
4795 3481 1
2119 3688 93
3246 289 72
3318 4282 51
4333 4355 59
1006 566 59
1433 2738 41
4920 3735 94
2103 2520 82
1103 2780 77
3273 3927 58
4526 2399 98
370 645 87
2841 3963 22
2791 4648 77
3702 2007 95
3160 3440 33
2000 3361 68
345 1816 41
2578 2919 21
1506 2545 48
3915 3423 47
13 3793 44
2751 1635 59
4772 778 8
2500 832 67
795 3992 7
3179 2345 20
4299 4042 88
2939 2973 8
4359 4479 5
1058 4747 28
157 4760 21
4900 3863 8
1311 4988 87
2370 3840 19
436 4635 64
3294 4167 61
4514 3466 55
3901 1405 28
2560 2116 60
3764 3174 7
4743 4683 19
3164 936 82
4571 2247 22
3109 4617 63
2480 53 50
2195 3347 17
4255 4213 83
3061 3115 40
3489 2027 56
4748 792 83
754 535 66
4224 51 2
205 975 1
3879 4084 18
41 2916 23
2190 111 23
4859 718 36
993 3780 3
3533 3621 31
4540 3369 23
3722 475 10
3940 4699 14
93 1256 89
3494 135 73
2863 176 42
2286 3719 53
1408 3578 24
1095 923 4
3898 4456 77
3728 349 46
702 423 73
4563 4363 72
3476 809 80
3364 4303 16
3689 2166 44
1930 804 15
1634 3564 45
2057 4660 69
2612 3558 77
1788 2286 26
685 2988 50
57 2551 65
4128 2380 74
808 744 77
3975 4433 96
3670 2715 52
2085 4350 17
1781 2759 77
1049 372 87
2478 3512 73
2903 4198 13
104 4255 16
1669 4736 96
4042 1896 41
2071 871 26
3618 893 94
969 4330 96
3237 1112 55
165 3513 27
651 991 92
4775 247 90
1887 351 45
2903 3372 81
1298 3767 77
1790 838 100
3068 808 46
2061 3129 76
1756 1367 88
4210 2884 54
3389 3536 45
1080 3311 44
4321 199 96
465 4454 20
2698 2104 87
1826 3895 77
3178 3315 85
423 376 67
1998 3484 34
1038 4046 70
4943 3787 6
3487 1219 70
4983 540 69
478 2358 75
2049 56 79
1036 1882 26
2212 60 41
549 1835 69
2015 3834 5
1200 1224 4
3269 1167 91
227 1006 11
496 989 3
2316 2819 61
3590 4869 17
3320 2257 52
1946 821 64
3886 1370 100
3907 4737 86
2411 2289 10
1314 559 29
357 786 35
619 1282 77
1421 4950 96
934 3540 17
4150 1860 26
1953 3806 48
4817 4045 70
4516 4304 8
4401 3067 97
1862 734 8
490 1091 94
1476 1710 28
3452 4483 78
4600 417 70
1968 920 31
1594 2873 89
2041 2690 86
210 3558 42
4469 2959 10
4666 4821 44
3125 1663 35
2371 3140 97
2898 2944 80
4728 3896 50
1449 2217 70
31 3811 43
2420 2204 34
1557 3766 44
4999 3236 4
2860 4254 77
103 2379 41
4789 4750 33
1185 4001 29
3416 81 26
1065 1530 95
4634 1562 6
1077 334 62
1562 1891 28
605 3242 16
3960 1102 22
3489 2557 2
4681 2346 4
4013 4883 57
3993 3300 38
2870 717 69
3964 352 83
221 2781 17
3682 695 60
2262 2652 55
429 2965 57
2851 1454 67
4004 1135 13
1259 1500 97
2516 493 49
3853 3364 66
3073 2328 70
207 2550 51
1323 2584 98
2035 1198 3
989 1628 68
2397 4479 22
1363 3483 9
2676 1094 9
224 3610 2
2424 3816 18
3989 3241 99
2259 3449 1
4661 1124 85
4111 3159 84
1213 4148 12
1280 2898 43
4153 4261 78
4513 3289 72
21 4865 83
2374 2289 51
3092 1279 92
2490 4890 41
790 903 66
3026 14 77
1461 1227 78
1524 3859 76
1066 4364 89
443 3877 79
2267 3898 44
2701 2625 34
1951 717 65
4442 4559 7
1735 1701 10
152 4727 77
1728 2541 4
3805 4065 16
132 2979 22
1927 3209 100
4194 3459 95
1895 1084 80
198 3153 96
4641 4064 2
1376 765 64
1528 1845 40
4608 4386 95
4766 3451 10
4898 4935 42
1971 1863 51
2922 2409 10
2617 657 47
1048 855 100
3144 1848 17
1497 4576 82
660 2456 79
1999 2065 65
3094 3183 69
2803 3081 4
3196 1405 19
1798 4327 29
3860 3296 38
2006 4345 93
4657 3841 42
1373 338 70
3855 999 27
885 2998 92
950 2444 75
2170 248 8
3325 4796 13
1344 1595 93
3124 455 89
561 2461 86
3853 2118 27
346 4844 66
2768 51 65
1294 936 15
3237 3238 60
3363 408 60
2922 3734 56
3887 1430 51
4179 4554 58
2767 115 19
3405 320 90
1531 2019 86
4996 4787 37
812 2433 73
979 670 12
2238 4033 72
1449 1955 58
4104 842 88
4707 1373 94
764 493 9
635 3898 82
3976 429 53
2161 1778 40
397 3942 25
921 4921 95
4684 3511 80
208 4960 87
4465 4065 82
1505 124 55
3098 2240 100
1159 4227 98
892 3203 80
2644 1716 58
535 3465 52
859 739 74
1853 423 85
4584 1983 46
4270 1449 63
1151 4306 39
758 3756 79
857 1267 59
4855 2159 14
634 4803 31
4543 338 48
3746 1197 87
1519 4402 63
4156 3986 46
1753 3257 47
3415 760 5
2905 1518 62
4635 2376 29
593 3583 41
1107 569 44
4689 1464 35
3088 210 84
875 1730 39
1789 2238 25
4686 3991 34
385 2406 47
389 1663 65
502 1298 93
1883 1892 76
423 4351 45
118 4040 61
1504 2128 72
4088 4355 54
3778 1144 92
2454 2183 83
4388 2568 41
4786 2957 4
1702 3460 2
995 343 46
222 2118 97
3667 2236 89
1279 3741 18
2750 4181 25
2303 2959 22
446 413 5
1228 1153 73
2120 939 82
3323 2642 42
2177 4989 37
4274 211 55
4371 230 44
4859 1510 85
3828 4260 66
2153 2916 25
2974 3362 90
978 943 44
2902 3063 35
2783 2739 29
2477 1268 18
3865 542 30
1020 4913 60
3115 1125 70
2599 4953 83
2616 3458 99
4240 1432 61
3981 3762 4
3524 1664 20
1711 800 59
2539 4629 27
3357 3494 21
4386 866 87
1997 3981 12
4767 2932 17
3149 548 28
799 1140 60
1811 122 75
3767 4998 91
3786 1709 91
2896 601 72
1922 3958 67
4194 4696 85
1380 1693 67
1043 1460 99
660 961 48
87 3112 40
2298 4924 62
3272 3691 61
2263 2477 22
3405 373 23
4177 3647 33
4795 2841 29
1279 574 23
3097 1617 35
2848 2277 49
1795 3716 61
4586 2367 85
1148 1991 76
4060 606 5
33 4012 78
256 4541 77
2140 688 71
2369 1967 45
643 65 62
377 2913 92
3777 1060 60
3938 646 27
4022 3146 19
4150 2206 77
1754 2240 41
1084 3848 82
412 988 22
2582 4709 90
326 352 7
1040 2082 72
4031 859 84
2090 1149 82
3869 1524 81
2639 674 87
2015 3780 79
1756 1216 79
2389 2981 20
3711 563 81
3352 2242 34
4410 3282 68
3381 3665 79
1116 755 29
4497 976 53
2377 3615 79
3816 631 59
3846 3739 28
4077 2480 9
1648 1191 24
3928 895 66
2913 305 100
3980 38 65
2259 1154 21
1687 2004 97
3991 733 65
1969 901 48
79 1100 87
4406 177 67
1714 1825 11
938 2105 6
3755 19 64
4855 3999 2
4619 2610 57
1491 4297 13
4340 4640 46
804 1609 100
4251 1689 100
2789 2447 29
3807 4162 6
1017 1452 11
475 1559 30
238 1414 82
39 1034 92
2347 3877 42
3011 3217 82
3057 373 92
1708 4624 33
107 3765 80
1387 2573 94
4492 4942 98
1054 417 58
1284 2007 72
3217 2047 58
1408 746 36
249 3758 5
83 3167 79
1526 1227 55
4658 1334 21
1589 4073 46
2683 3565 88
1580 4619 6
3389 2255 13
261 472 12
870 3233 11
357 3482 21
3062 4917 40
2492 1443 67
1546 2453 1
4366 4043 26
1111 3078 91
4151 1010 62
1256 4400 70
1720 1013 94
584 3235 27
194 3593 62
1266 3007 79
505 499 75
971 2045 28
4123 2764 23
1348 227 1
3490 730 64
1603 1986 64
1972 59 29
4166 1995 64
4592 3541 9
1205 4807 16
1384 312 67
4358 1283 65
1137 1758 81
1960 3106 60
2212 2948 91
3475 4551 29
490 1524 88
4870 2042 35
2486 2986 76
3694 4192 83
4262 1928 47
328 1286 30
1144 3775 40
4724 735 46
4884 4300 46
2126 2775 98
1354 4618 74
1994 4488 16
4628 1974 2
804 2021 46
3138 1283 74
785 2963 12
1066 4108 88
3106 184 75
4603 68 27
4049 2194 55
3046 4901 73
4919 1895 13
186 2875 88
3439 31 61
2237 3170 44
1610 3955 59
4974 21 67
2113 4479 52
1339 4083 72
4866 3132 19
2520 2530 72
4792 3801 19
4256 339 94
695 3778 26
4155 1015 48
250 3978 3
4309 3952 76
3827 2417 56
3530 3756 91
3302 3622 75
2972 2494 57
2543 3638 58
361 2895 97
2406 3590 27
3131 2746 95
4730 2996 73
3932 3657 77
860 2485 46
2267 1015 2
2757 4317 77
2731 3641 71
1587 1184 10
596 2897 57
4944 304 47
3070 4787 45
4916 4518 94
740 4802 51
1868 662 36
413 4281 52
2715 2038 21
4991 1121 63
1113 4060 99
874 4656 49
3530 4600 5
1129 4023 92
1473 291 62
1166 1032 17
869 2900 31
1704 3314 13
3555 1029 51
2428 2372 25
4942 4837 85
4992 2064 42
2940 1946 94
2544 3075 69
3288 901 61
4901 3419 45
1317 4288 45
4748 993 59
3812 900 40
4914 4680 64
2138 4622 54
3423 4615 18
716 3907 16
3961 1452 92
1230 1092 45
142 993 16
86 3663 5
4282 4763 50
1793 3575 2
1684 3489 35
300 628 57
3753 403 24
622 1119 32
4437 80 36
2680 2662 28
3176 4156 73
2092 4242 36
1648 3525 99
3549 318 74
2702 3354 16
1536 3654 44
1345 2407 99
768 4381 18
451 171 50
1586 2851 65
165 2380 21
4738 824 64
2973 2472 41
972 2373 11
3897 1427 65
312 2964 20
3707 661 79
2505 2781 13
2422 3233 84
124 1171 87
488 1337 67
1360 1075 91
1475 400 15
115 2724 40
1777 1622 68
1794 1934 32
465 1994 45
2895 4499 26
4707 3274 59
1690 3398 83
4229 238 20
4147 1598 47
3538 3074 47
3104 4541 72
44 1319 46
3411 4465 32
1094 4930 26
790 2825 26
1915 2533 100
2626 575 50
4508 1156 88
4079 304 38
4725 194 64
2123 3298 6
2246 4694 77
3991 4457 94
4023 551 24
1048 2693 1
2573 4609 86
3724 2235 62
3273 3095 18
4412 2174 74
3502 3251 68
665 1726 67
3722 3973 61
4450 2964 19
4643 1987 22
1118 4388 16
419 3313 77
3604 2038 64
3717 1663 59
4987 1076 85
1560 4578 88
3328 1595 14
4746 318 87
4506 1120 4
76 764 43
2550 3234 31
2717 3653 97
3845 2258 35
2208 2327 98
18 2314 26
1354 3875 56
941 2203 4
3606 1949 74
245 2807 94
4848 4236 10
4142 3138 45
2825 2207 98
4821 1052 8
3855 3260 36
904 3278 50
382 4632 77
789 1925 32
2792 531 33
1465 2128 93
2611 1976 29
4520 1119 19
1016 3944 26
1166 117 78
3573 3972 90
4660 1228 68
3062 2962 52
338 3752 29
2522 2896 60
1654 4362 41
4946 3325 17
3826 2845 88
844 214 84
1421 1380 1
1698 4953 25
1587 966 6
1106 4028 68
1609 718 72
4037 3240 69
3349 4895 83
4789 1193 8
4557 20 5
445 2216 19
2980 3638 99
633 336 5
2257 3276 71
2814 4382 51
4982 2344 69
3605 1381 10
3773 4730 57
4655 4519 50
3862 429 70
2267 874 87
885 206 25
2236 839 13
3540 4449 41
2162 2263 76
4812 3597 20
4532 2203 1
1141 2328 84
3997 1984 55
3047 846 84
3468 4465 10
1106 1703 69
2382 3939 8
347 3831 9
1587 993 25
3562 2157 74
2881 1689 29
4934 4183 58
1717 3180 42
723 2579 40
3807 2400 6
468 3506 9
2336 889 100
1396 1236 31
4904 2823 76
3380 2738 85
454 1971 26
1082 1905 9
4039 4974 42
332 2050 21
2472 2209 21
429 2677 80
3737 14 69
3688 2762 57
1118 2666 32
2245 2399 70
529 2853 94
1854 287 51
2363 679 26
2404 1011 28
1376 4835 37
2749 264 14
2628 353 80
4748 4041 42
3104 1511 61
1987 3756 12
2257 637 65
850 2492 4
2700 1207 83
877 4963 47
1104 2691 82
4892 440 47
1358 4420 52
2837 4168 94
3431 3624 57
3043 612 14
54 4221 51
1270 1423 95
4125 475 54
1308 2705 17
854 161 61
1587 54 53
2585 1412 74
3937 601 94
682 384 71
3938 3427 35
2303 4833 56
1306 2455 31
2800 1581 6
3206 4241 11
3574 1447 73
1634 3034 27
1487 1972 91
2112 909 92
3257 1591 29
3027 1881 56
4761 4185 42
2068 491 49
798 4643 82
1356 2849 23
4618 1424 22
1690 3058 9
168 897 81
1410 3009 42
1902 2619 33
4130 646 66
1137 1760 51
4330 180 42
4979 2331 38
4912 3687 87
2735 3305 11
4708 1348 22
4716 1516 19
1696 4279 81
937 1181 100
3121 1663 98
2187 4152 10
1789 4835 91
1883 1166 22
1620 1078 61
4206 165 18
4569 4874 66
4342 4590 35
12 2639 14
44 3576 47
1343 3050 62
993 1589 66
2402 3378 1
344 1613 67
617 3233 98
929 3792 63
4547 4713 37
864 4055 28
50 419 67
2163 464 95
3161 3159 97
2174 4152 86
340 2907 17
4692 4603 30
211 221 16
1808 1150 60
3570 2049 25
207 2914 80
2786 2964 51
3004 1480 15
1798 993 75
4995 3168 27
1132 4860 86
648 4552 90
3130 1115 63
3845 2923 65
1056 2846 15
2980 4405 81
311 2191 45
3061 1547 77
1276 4697 23
2650 4692 91
4528 2177 3
666 2825 7
55 2307 23
2369 1152 46
833 2208 92
1347 1540 97
1127 1851 40
224 4913 87
2152 1189 85
74 191 29
2516 1071 6
4818 1737 84
3025 3144 91
2347 513 96
944 1347 56
1036 4046 97
1884 1526 48
1276 1750 13
862 254 2
1498 329 45
3179 2845 17
2036 4016 54
3719 2041 51
4062 740 64
1909 1684 63
1964 4072 10
4912 957 36
3360 2233 38
3072 4447 92
326 2298 73
2770 477 71
2638 2513 87
4244 2585 80
3994 2999 72
609 4908 56
3572 3224 29
1933 3137 38
468 2849 23
3457 921 22
348 2599 20
273 1722 97
3043 4360 11
1181 4956 48
1360 302 47
3631 912 55
3938 836 79
3318 2769 16
3655 4589 65
3929 3046 39
3651 4746 38
2022 19 12
4519 3062 25
881 595 81
4828 1955 84
1774 1938 48
3628 877 84
58 4195 5
4626 4203 94
2042 4484 92
380 4487 38
2670 1510 10
3033 2381 24
2757 3262 20
2438 4442 27
3773 1216 66
1020 1196 95
4103 2606 42
1307 2232 97
4452 4275 82
643 1007 69
2932 29 31
241 3063 12
1965 820 26
4284 4610 20
4910 3383 36
3827 755 84
3621 4858 43
3963 2517 75
4859 3321 2
1592 3964 62
2813 1897 43
543 3490 6
2007 455 79
3084 1091 41
3604 2354 25
1691 2533 32
2327 1155 43
569 1470 60
2395 2681 34
4849 4274 98
3310 2087 47
3152 2630 38
2410 989 45
3840 4074 89
4880 2678 95
656 721 28
2188 3048 35
4930 3617 5
1541 1013 87
2826 862 61
1724 524 48
222 28 30
2211 3790 72
1008 2630 46
2248 3863 76
842 4519 49
1969 3059 98
604 4341 15
2060 2235 80
4846 61 94
3258 3137 18
2405 3360 47
1887 1923 89
2358 2931 20
3255 179 83
3182 2373 54
3830 4343 14
2527 1299 7
1194 3359 42
873 4558 4
2767 2816 41
1536 1574 53
334 3461 29
2923 2171 12
4494 1778 44
3576 1312 17
4881 142 12
4246 4022 63
2953 1568 23
246 2441 81
1249 1560 49
1742 4449 23
1946 4783 84
4074 4058 7
1838 3552 37
4781 3480 49
97 3362 92
2461 3960 66
1123 1913 34
4497 3512 27
2429 4761 40
3178 2855 89
500 1154 24
2636 1580 35
3294 3418 87
731 3199 68
4479 4649 82
4722 2110 94
3987 3233 8
1172 2731 72
2151 160 33
4690 3338 41
3030 191 95
2505 2827 75
1039 2473 94
3126 3204 45
45 2684 94
1678 3758 4
2271 2746 90
1130 270 21
3501 2421 33
1986 3463 24
3326 2845 15
2172 351 94
2598 1390 67
1443 868 24
3488 2265 8
181 3943 18
3985 2567 16
2374 49 87
4846 3551 60
3830 1889 24
1153 1567 69
19 3739 72
3064 1337 63
3583 4133 83
2306 2621 49
65 2802 44
1582 3139 11
2198 1865 61
3084 3063 64
4095 1894 53
2218 3047 20
4539 4419 59
2210 2483 48
2624 1066 81
3907 3372 54
2455 3437 9
1298 20 48
4061 3570 66
521 1654 81
1884 749 75
136 4320 75
1307 211 94
1217 2421 77
3816 1398 44
549 305 68
4902 4112 58
3410 1762 78
1410 823 48
2627 2696 54
1907 4580 55
3082 1068 27
8 3727 38
1 4944 12
3829 3761 10
3724 4310 67
1992 4212 79
49 3975 93
4478 385 17
2477 3012 13
3482 4919 46
1588 4353 66
4015 4361 94
3004 4362 90
767 4544 51
3576 3268 61
4394 260 26
4324 1661 1
1017 2491 86
3533 4968 50
97 3450 21
2594 39 75
1160 406 36
4805 3410 51
3394 4178 95
745 4106 15
3757 4853 28
982 4177 89
3534 194 81
1471 79 1
2420 1529 4
4641 4123 95
2567 1635 1
4854 1440 63
2856 1187 93
4050 3284 52
1217 3393 5
3644 728 34
4084 4262 81
664 734 60
4917 4506 41
2620 499 65
1714 3066 100
1214 4273 93
1828 2129 32
1621 2532 68
1872 3749 61
3328 2393 89
3961 1477 52
1141 3494 38
4753 3411 96
4893 2383 96
4157 4097 14
1409 1663 87
1453 3491 69
4036 1464 1
4903 3336 50
4163 1664 95
4152 1978 24
4755 3119 18
2444 2872 81
4639 2766 16
2334 3275 13
800 4684 28
3538 2489 20
3406 1525 36
806 1428 25
3307 1944 41
3201 1096 19
2277 2203 39
4846 4647 11
827 638 29
542 4325 5
707 125 41
2534 3663 83
4205 2070 8
3693 2876 89
1517 2536 33
2357 737 81
176 3014 36
1114 2861 83
1276 40 21
557 1934 46
3113 3993 23
353 2880 87
2787 3437 9
1747 2130 37
2135 3647 73
819 1005 63
599 1181 29
3934 3647 42
3268 1275 82
3240 1832 69
2538 4945 14
1960 1651 94
1398 790 32
2906 2537 14
4995 4672 62
3267 491 19
3629 2442 52
3358 2728 51
3651 2348 26
2633 589 11
1253 4479 8
3866 1439 11
712 4190 2
995 3448 39
3408 3443 64
821 1711 7
591 1692 50
1542 1402 30
2492 54 79
1070 4039 20
2832 292 99
891 510 38
1954 2574 80
2455 3569 29
1845 3330 72
908 4151 35
3167 4743 28
2868 2637 30
297 1482 36
1427 3904 75
3146 1736 19
4344 3979 82
3334 933 56
1513 4740 26
3141 1586 56
4565 3846 59
2699 2013 2
3878 4881 92
1460 1531 74
4095 2958 78
2122 1105 66
440 1801 45
621 135 31
4729 3001 71
2406 2494 57
2061 2059 56
3571 1111 21
4825 4989 55
3716 1449 86
4089 1897 96
4718 4019 1
2083 811 55
4779 2785 42
3409 2514 43
1780 4920 90
3088 3333 49
3243 1904 12
3116 1729 2
2870 445 3
4155 886 100
4750 604 71
2803 2687 83
4009 3819 68
350 2228 34
1045 4008 54
4234 3449 39
4482 3044 43
3546 1160 73
2599 4030 70
3101 4537 57
1853 640 61
975 4795 1
4557 3804 20
2276 4154 100
2509 199 61
4014 4433 10
204 268 54
1947 166 15
1771 2765 45
2040 2218 83
4548 423 75
2661 1399 70
4813 956 74
784 4585 80
3983 3446 32
2543 3813 17
4552 4017 37
4606 964 3
820 4087 68
2416 1128 39
3550 2028 62
324 4689 61
3245 4502 70
3618 286 55
850 4270 53
3281 3165 66
2849 2718 36
2686 3676 52
2688 848 40
1808 3264 20
3146 3167 48
4907 4843 38
3068 3089 92
4889 3059 79
4943 3909 1
1147 3542 66
4813 1392 36
200 4078 12
1551 3118 12
1990 4926 29
4909 4424 96
4857 684 91
846 104 80
1337 4993 92
2115 1288 1
4867 2435 96
785 3600 88
4420 3800 18
3084 352 36
2595 3694 15
1723 3604 91
370 4813 75
213 659 79
1792 3348 24
4135 1816 12
388 1683 100
183 2468 100
1370 3241 53
2987 1325 57
4074 272 51
88 3348 7
1879 70 20
705 283 31
3284 3428 80
2207 2563 96
3771 2951 31
2770 3134 100
1721 856 93
4473 195 18
281 4270 42
3432 710 90
1538 3941 61
4458 4647 96
740 4283 24
4019 2842 88
466 2965 91
3597 735 26
548 3809 34
740 4634 30
2257 4916 52
1750 3348 14
3240 1238 56
1152 2048 55
4347 2789 90
971 1808 84
1510 3627 50
0 2224 37
2977 2772 46
3163 3512 81
2192 2121 97
3195 3871 97
4908 3463 35
563 4615 84
3569 315 73
858 2638 33
2342 4148 60
3143 500 36
4679 4830 8
1377 4345 72
1357 2889 93
2605 1084 17
3553 992 80
4387 2908 48
3622 1477 63
646 3688 53
4479 2382 1
3290 525 53
4326 1556 35
3133 2933 80
3157 642 69
3949 3247 53
1317 1800 98
797 2540 58
2596 1162 87
4710 1809 75
4462 2640 9
4714 930 34
466 256 91
3753 4742 76
1384 2899 19
553 3200 18
2157 4518 19
1106 1667 59
2963 4263 73
2650 3973 82
2376 3435 22
4485 3149 5
2118 4967 61
2660 72 55
2488 1457 6
1606 2010 7
323 519 77
2193 1626 44
1603 941 59
2176 3591 32
909 968 19
931 1805 20
3235 275 39
2147 4288 12
2154 1776 69
59 3382 31
2517 57 50
4493 2251 28
3136 206 22
3746 2382 13
1977 3292 33
1347 575 38
3866 162 14
2705 3661 2
2968 815 30
3336 2227 64
2066 4744 21
2667 4238 24
4895 3726 31
4416 2473 65
3880 802 57
665 3502 84
4254 3720 46
3119 2777 60
1272 745 27
1201 4081 54
864 2499 99
1937 167 89
260 1414 67
142 2182 92
2407 1062 47
4315 3079 1
1799 2334 21
796 1805 99
3455 3078 96
4634 631 78
1687 1496 29
4837 4785 96
3577 1397 10
1044 1540 92
3687 299 7
3485 4614 38
1785 1413 24
3806 3562 30
4956 3369 8
1851 3003 91
4180 1043 87
4009 880 24
356 4458 22
3118 1854 62
1709 1893 61
4067 379 27
4505 3516 93
3628 3674 55
909 3630 76
1268 1834 80
2259 2366 23
1097 2727 55
4721 3084 65
4742 1202 19
2655 4263 65
867 4683 96
3693 540 12
4285 520 87
4791 1430 69
3667 2698 55
1898 4957 22
1172 1055 1
1326 2128 37
2291 1870 39
1461 877 55
2525 3096 90
320 1789 30
1632 2427 50
2970 3570 32
2938 2237 31
1093 487 40
2966 1659 47
2566 2986 75
1603 1629 97
3193 3090 26
399 616 22
2288 963 18
272 3390 20
3242 1960 3
1181 550 85
3626 2389 25
1592 4049 23
4158 3387 98
2113 16 46
307 4458 72
2058 74 93
4347 3715 56
416 3987 98
787 2230 11
1890 4763 13
2774 3389 2
4750 1333 3
225 1843 90
4974 3957 58
2219 616 17
542 2674 43
1687 2021 58
2442 3790 46
4292 4577 28
4454 2819 43
166 594 84
4619 1696 17
3122 1921 60
1363 1895 69
4621 467 85
2337 1009 12
1479 2696 85
4337 1491 75
2534 2135 5
4313 1589 24
2207 3107 18
3490 2726 67
1106 848 40
1917 2212 88
1686 1833 55
3422 522 16
2833 2001 65
1970 2690 8
3544 1576 43
1048 889 84
1372 3096 91
3641 2938 17
3959 4044 18
1199 2314 30
1686 352 15
3992 3774 89
3659 2960 90
1023 4930 33
2582 4826 9
4924 875 51
207 3599 99
4949 2240 38
1066 1200 34
4383 3751 48
1264 437 100
1330 781 27
1918 4440 87
859 464 69
2491 4398 95
700 4323 22
2502 882 21
2400 832 14
1589 3250 66
4823 3985 69
1722 249 6
3974 1579 39
0 4849 79
338 708 95
606 3200 94
2052 252 69
4374 2754 3
1646 1506 35
1159 3096 37
4576 4271 22
1744 2345 23
701 1319 2
439 2671 3
970 3009 12
1964 4967 12
3709 2020 16
4777 2746 22
3080 4392 28
3566 1904 76
2303 1480 99
1376 4577 45
699 278 64
2952 2070 36
55 3040 97
2866 1356 65
229 66 37
4196 1195 83
917 4275 75
4144 4194 79
3172 2849 12
1470 4225 41
2114 1276 71
430 4229 41
1417 4284 33
413 3502 42
729 83 8
3065 4279 3
3147 196 31
3974 692 25
1704 3864 74
2267 335 51
2407 3801 28
530 4231 57
722 2000 93
307 2414 47
1248 4495 30
3607 3913 9
2161 2060 5
4991 2386 97
3367 443 14
4592 2710 49
43 1470 2
3122 3352 86
4078 4074 86
2022 4381 52
3468 629 48
1349 4236 61
2157 1398 73
4513 2741 12
2561 1109 55
4474 2053 17
3074 2096 39
476 218 91
4813 648 66
4798 4022 99
4902 3842 81
4501 191 17
3013 2348 67
4937 3213 61
4248 775 22
354 249 75
523 4676 24
3513 152 94
4856 1317 95
3921 1115 17
71 2369 60
1851 1870 51
4220 4883 52
4338 4821 65
2198 421 92
2519 2128 42
1246 4003 70
2069 2516 74
4462 2372 91
3856 2645 6
3625 2717 76
2236 920 98
1038 140 82
2189 4479 55
2906 1677 28
4397 549 8
2490 3147 11
259 216 80
4532 1030 4
122 1239 50
3180 4864 19
3607 2100 91
904 3138 32
4437 1680 11
4143 4586 40
623 335 41
4230 2826 88
3193 4437 56
4672 3970 87
4875 444 26
4076 4976 42
2346 3583 94
1537 840 32
868 1629 12
1030 2125 50
4221 2748 86
4314 3330 64
2553 1523 1
1009 1195 23
1847 2423 20
3924 2851 96
865 198 80
1258 1735 72
1141 3955 1
2705 4985 78
3854 558 26
1691 4872 57
3706 2426 32
159 4787 80
581 1634 3
2800 558 54
4996 2775 4
2127 385 39
1450 1526 46
2402 4231 31
480 4438 42
2657 2481 66
3165 1188 92
197 1347 79
4776 3280 65
3130 2433 23
4335 3781 50
739 2260 35
229 3710 62
3675 1112 45
3457 1592 83
150 4250 17
1716 3767 57
707 3964 56
838 3740 36
2602 3222 21
1277 2558 2
2726 4649 62
4561 4878 24
4274 4905 37
3218 4715 81
2953 4865 83
169 1581 51
4925 3641 15
3732 4479 8
4467 3433 82
3988 1062 40
3641 141 41
555 1054 20
1178 328 77
4266 4898 92
3947 4203 10
581 4372 91
4631 649 32
3998 4381 63
3457 201 49
1138 541 63
2730 534 4
3970 1089 58
1441 2268 38
3818 2886 37
2261 3185 40
570 3767 65
1813 4750 66
1696 100 100
2411 3557 53
1559 1048 94
3121 3778 28
1177 2748 70
3934 542 90
4724 4360 76
4060 2973 62
3951 4896 29
4567 1709 31
833 3405 32
4184 816 41
2736 3727 89
3181 3201 67
4160 4378 68
1229 3312 10
3270 3036 22
1846 3448 47
4959 3752 43
1839 3319 4
3469 504 10
200 4688 78
1841 3776 58
881 1957 59
3700 2470 37
619 51 1
3080 3322 90
4901 1520 38
1047 1479 90
3442 3318 62
2545 1787 66
1406 3340 55
2436 1533 83
2193 2414 93
151 2466 63
2487 3085 14
839 1165 36
2228 2418 56
2066 4818 87
2007 3260 5
268 805 45
386 3564 37
3840 1000 22
3774 3193 36
666 3344 55
28 2183 40
794 4374 6
3529 1603 24
4137 21 42
2575 3380 54
2980 3649 12
2876 4035 76
1112 4227 76
2233 4353 21
2120 20 17
4474 48 52
1266 842 26
4223 724 29
3246 1213 2
3440 3788 83
3245 3120 32
3856 996 19
4383 3460 98
910 2045 51
630 518 71
46 1344 72
2997 2610 66
323 1833 42
603 1432 7
905 1224 48
4587 4469 68
3270 4678 17
2340 4061 29
1989 4972 75
991 1954 45
14 2001 89
4085 1350 100
1702 3025 85
1396 3629 17
2302 886 93
3349 1825 63
3869 95 93
385 3787 6
3065 776 78
2791 1767 33
3035 1781 86
4624 2218 36
175 273 62
3911 1669 43
2728 323 81
472 3673 6
2686 3894 53
4578 4279 92
1884 3696 68
513 1488 87
1097 875 21
34 1851 91
3970 3378 64
2283 2290 85
577 1370 9
4757 1842 34
2114 4529 28
4566 4107 59
2157 2343 55
1876 2857 95
4714 306 71
686 341 74
3877 663 53
3692 2946 43
1529 4875 13
3337 984 55
170 3098 84
2249 4016 44
3607 2525 87
13 753 96
2908 1819 3
3030 2506 96
3 2735 59
355 1427 57
2997 2956 32
3361 2645 68
4216 4167 18
951 1416 34
1794 1375 11
4981 1389 16
3728 4297 35
2782 3679 41
2177 3682 76
3587 4038 56
2943 3387 64
3526 1749 10
93 965 29
1110 1916 98
2495 63 73
1405 1396 62
3772 124 11
1607 4259 90
1947 1436 25
1375 24 63
3582 4319 2
3745 2846 51
2906 4291 68
1235 402 85
2332 2897 100
1156 655 96
18 4427 72
880 2386 31
422 686 68
3646 2061 44
2260 1995 63
4261 740 61
3012 3647 53
4079 1234 55
3415 3566 4
2814 4722 11
4961 1092 91
2233 3325 77
3763 99 15
3082 3745 28
3777 1005 23
3792 1618 64
1652 4630 63
3804 62 97
2710 4829 63
866 3996 37
1028 309 82
1970 2542 7
299 2658 58
4313 740 3
1741 870 60
2515 4662 78
2678 1314 61
2840 1471 75
588 533 56
1902 2751 52
2939 3780 62
2772 750 56
930 1049 14
4187 1715 7
1189 3456 77
1900 971 39
4229 2 5
2541 4194 76
915 4783 62
471 1685 13
374 976 93
587 3748 96
3343 4678 97
108 217 12
3966 2758 20
2342 4658 44
1732 3888 46
2437 1429 92
4612 3697 75
3673 520 13
1838 2246 41
2430 2834 90
1477 2529 20
1574 3989 38
3385 2956 96
1357 298 7
300 2031 95
597 4468 76
88 432 25
715 458 45
3027 2296 92
2667 1078 78
2408 2556 7
3180 482 48
4169 219 4
2916 1576 55
1322 1876 86
4968 2473 6
1396 2562 90
1520 4629 100
2165 2656 96
1408 1675 27
3485 436 35
4443 4968 17
4390 4137 36
3646 2053 65
3200 4728 41
1137 1048 67
3542 2444 81
4083 3965 10
83 2482 18
4730 242 45
456 79 33
90 874 1
1558 264 38
1894 262 44
158 3462 72
1650 4599 20
1968 4493 17
4848 3577 34
3709 3660 68
226 3390 10
1123 199 41
2455 289 15
3756 1848 31
545 94 94
4388 1604 56
4311 3254 8
283 223 1
3699 1423 78
3784 133 90
1351 1711 81
512 2834 32
4752 290 21
4866 4046 21
1596 4591 15
3589 332 71
397 4643 26
1804 4926 1
2704 4977 24
3534 3761 9
3023 1464 21
2255 1976 55
1686 1728 45
2759 1594 43
2031 4543 87
1398 3132 19
2368 4881 62
2945 1685 41
3745 742 70
2321 628 84
1029 3651 48
2801 2259 25
1056 297 5
952 4408 52
4895 1440 95
4781 2838 79
1351 1558 61
2564 4504 46
56 4601 40
2526 3274 68
109 4304 72
4156 2105 83
1532 4513 32
637 466 41
2688 1713 33
4282 2846 23
360 4197 81
2672 1761 37
1670 1818 39
1409 696 13
3129 805 69
4852 1313 27
3834 2846 40
4465 4835 58
857 3875 71
3689 3157 17
711 4869 14
644 2542 28
80 4212 98
4118 1973 94
2783 102 51
751 1306 64
3529 140 62
4469 958 49
3578 1815 24
3049 505 33
365 1216 3
3231 1860 97
4210 3293 61
2007 2411 86
1852 1546 41
2502 3650 47
817 2179 88
3331 3000 46
679 1579 13
1903 4628 18
2635 1345 87
4589 928 99
437 138 92
497 3497 56
235 349 2
75 2851 52
1221 3669 32
3860 2000 32
2457 4031 11
2870 2286 91
3787 4922 89
3625 863 17
324 1301 8
315 3150 5
422 4737 55
724 4812 58
1027 2386 79
2158 1246 31
2642 56 63
4704 2926 49
2747 3065 23
2135 1691 87
2451 3367 40
4258 34 42
915 457 80
1569 2533 44
2778 3560 30
2657 2071 29
887 1065 85
3149 769 63
4050 3516 28
4872 2003 71
2910 807 38
2249 1417 25
2443 2332 82
2374 253 15
2117 3032 27
4247 689 98
327 1576 15
111 1078 85
4173 128 53
2652 0 9
4175 4263 16
4064 2864 33
3988 307 18
721 2681 71
4987 4799 3
2814 398 44
4063 725 73
1378 2188 51
814 2713 31
118 1717 83
1426 892 46
3541 1309 11
3426 297 70
643 1019 4
3113 1006 55
4968 172 53
3863 4236 30
4335 614 18
2237 2780 83
1619 2898 100
1002 4325 45
999 4218 54
2509 3996 51
2031 4639 22
4234 4105 81
2588 425 53
2692 640 89
3521 1328 55
2890 3565 35
4972 1537 34
123 3891 11
1167 4890 81
3520 3752 78
2523 783 69
3896 1369 74
1276 3957 51
3829 1649 92
1969 1522 20
724 764 37
3610 2088 74
4395 2211 65
857 4731 56
1538 3251 60
2567 2126 43
3235 1023 12
4361 2299 21
911 2480 22
4454 4450 96
2973 1526 60
1410 1488 48
2735 884 59
2952 1741 42
3059 4631 94
1918 2198 72
2912 1786 95
275 1147 47
2947 3410 27
2268 2865 29
4463 838 7
2422 3600 96
3821 2688 80
2431 640 73
773 51 5
3718 1969 55
3789 1233 93
1236 1508 40
982 4455 3
4560 3075 68
2589 2538 58
3495 1312 11
2242 133 99
521 3916 91
3246 4689 42
602 4759 63
156 3549 96
4201 4785 4
3040 2119 11
1642 1679 86
4461 620 24
3119 468 88
1729 2710 73
4379 4584 89
4021 2830 31
2362 3432 90
376 4940 39
3271 4141 76
4026 3534 95
4236 176 27
2521 990 47
4696 4109 67
4535 2190 78
4507 2921 62
4747 1942 44
4677 656 76
719 1032 68
309 655 10
4685 4681 44
2531 3917 72
2057 2790 14
3556 3838 23
522 3373 65
1551 4232 38
2164 3979 32
607 9 88
3834 728 72
2002 1037 27
663 722 8
1506 4606 77
229 1663 19
4943 1571 57
117 3446 82
3834 4997 14
1823 2162 46
1755 4121 55
3694 2956 35
1666 1310 72
1644 1973 47
1304 4831 53
4880 1412 68
2599 2707 92
507 2825 38
3141 3011 35
6 4834 49
851 2941 71
3057 1636 79
991 3302 89
1315 1298 62
3713 2602 45
717 2483 57
736 1434 65
2327 3293 42
2364 1434 53
3751 1441 39
2299 3644 81
1321 1702 17
4651 4045 71
2939 1712 69
4552 425 24
2348 2494 7
205 3231 93
769 558 86
1862 4275 21
966 3026 14
1256 1677 58
3136 4351 12
3004 4002 10
2526 3294 74
3347 4198 52
1770 1547 46
4028 1752 77
2720 3873 36
1057 2087 11
829 3053 89
2042 4309 66
3252 3798 17
1163 1802 20
824 681 66
2198 380 64
349 2150 11
994 2530 15
4871 250 88
658 2659 75
720 3489 80
3808 531 90
3573 135 88
4042 1299 42
3513 2123 75
1278 673 55
3241 1022 57
3104 2017 87
4718 3240 89
1558 250 49
484 970 90
2464 1130 73
105 1055 9
1544 97 8
1137 3610 83
1412 1240 57
3418 834 31
2575 3938 100
4261 3656 40
3902 214 42
4850 699 12
1991 4515 42
4663 4620 98
2471 1164 47
2930 2301 10
1865 65 50
1473 3484 36
2103 1059 74
1103 1672 83
4694 574 49
3536 1776 100
4699 119 15
1993 4783 87
342 2254 51
3788 1537 5
3549 3402 22
4551 1227 6
1386 3330 17
3512 785 42
4294 1832 68
1642 1720 97
2394 2771 16
1308 4764 99
2547 1458 6
4949 1599 95
4653 148 97
775 4699 76
1732 2438 58
3749 950 44
3790 244 76
757 3238 48
853 1984 19
2421 4645 36
2419 2192 94
1024 2141 93
2518 3147 94
3766 3922 93
2593 654 31
4751 755 33
2694 897 29
3821 3007 20
3020 212 4
3638 2633 49
373 53 93
4919 2429 35
4711 1300 82
2356 1418 56
3349 4012 62
3131 3763 18
216 2809 67
2544 2982 74
4463 1002 87
4719 4640 72
4619 1366 77
1712 1285 59
946 2348 11
4679 4705 29
2334 4406 93
1995 3889 8
3764 4105 69
1431 3002 51
3456 3817 53
694 3536 46
1918 3156 64
3194 4868 1
3252 2166 49
962 1845 6
1443 531 64
935 3878 54
1895 3995 11
663 426 65
2414 234 83
1518 2281 19
1615 4199 27
3078 2393 47
2178 1998 13
4979 2960 10
2484 755 93
2100 3043 72
4253 4938 67
3215 601 45
180 4367 31
962 2238 12
1632 3853 11
1811 1932 57
1857 462 55
422 441 67
2183 4278 23
4476 1378 66
647 1983 56
2165 1550 57
461 1730 77
3991 4044 15
4803 2029 68
1165 3840 52
4921 697 15
2027 2471 8
2094 4655 86
4268 4131 64
4485 1130 99
4640 4647 50
1748 108 80
4576 4099 77
3290 254 58
2210 1420 98
3061 2693 47
727 1073 19
3835 3167 74
1220 3787 57
1336 3272 39
4786 4264 86
3435 2364 94
167 1941 45
943 231 100
100 2441 72
4449 1855 65
4495 3934 38
3365 2769 57
1890 342 96
898 3030 20
1036 2816 84
821 1252 49
714 1419 90
1059 3714 73
3010 166 67
1381 967 74
3797 1814 8
935 180 30
3943 3422 72
739 4321 54
3510 357 70
4194 2531 74
3594 4597 45
4935 2008 11
2859 18 29
3225 2751 96
3150 1549 11
658 3836 43
2287 2779 65
610 4870 38
1963 3381 48
2484 3927 79
610 3873 28
154 3808 37
1117 1667 7
2245 1245 59
4341 4395 8
4603 1405 96
45 3692 27
261 654 50
1151 3969 83
2398 1454 10
2528 2064 35
3607 3570 43
343 4687 62
4802 1933 59
660 2626 55
4419 2229 12
3366 3626 5
92 239 11
3041 1390 81
723 140 35
3684 4020 51
518 2628 73
2512 2971 61
1174 4125 46
3784 1137 24
790 1908 5
4202 274 83
2658 367 22
1768 4760 65
4848 484 5
734 4168 26
36 1039 54
2909 3551 77
1821 1077 55
4018 4862 92
3841 652 1
3597 4854 75
1979 2512 94
1952 4281 55
3316 4129 39
1173 1216 59
1698 1252 98
1203 4161 50
31 2334 27
2985 1352 41
2077 1545 94
3077 142 48
703 3473 61
3697 426 94
1451 94 75
1041 1267 91
4799 4317 44
949 520 57
650 552 44
1428 4889 96
2069 1966 94
3362 1395 88
4509 2099 62
4521 2148 40
3814 3599 86
3589 992 54
931 791 71
4526 3092 44
2283 3742 48
3726 1523 37
2873 3592 4
3566 3306 51
2106 4167 50
4119 3689 98
1558 3855 49
443 3796 41
1948 4728 85
2771 4254 77
4114 2889 72
2361 2967 95
497 2193 39
1952 2111 45
4803 4217 12
1104 3336 53
4554 1246 9
2954 3042 57
995 4990 85
2531 2761 92
2159 1875 81
530 588 1
1776 1086 94
1614 4390 5
1110 545 23
3422 1650 11
774 1204 58
3334 4158 100
4691 1505 90
2127 4036 4
3818 1196 31
4751 3078 20
3651 4855 58
1096 2821 48
652 284 94
3074 3706 96
1537 832 52
4894 519 62
1293 1562 68
4034 3689 56
889 2508 4
4620 3611 83
3939 3614 90
696 4710 63
3195 362 47
1240 4789 5
935 1326 90
4538 2572 9
2300 3865 71
1567 4251 12
2574 141 20
4778 4761 83
60 52 97
2901 2100 7
3563 1647 22
862 2888 11
1866 175 89
55 4714 61
115 2014 78
1737 4933 29
2049 2507 22
1220 2285 35
4003 3697 87
399 2950 39
2858 1514 87
679 2376 27
4641 594 2
4929 2002 68
4141 2117 82
2218 3855 67
898 904 75
1072 3476 12
1006 2479 62
2345 2879 12
2135 2089 78
2221 2768 6
1547 3761 1
2401 42 55
2968 4183 72
550 1401 79
768 3651 35
2142 4723 12
3506 2082 91
4919 4427 22
4282 2914 11
160 136 31
1117 3035 44
2669 436 86
1223 3405 69
1895 307 22
2773 1075 74
2260 4570 49
3871 4428 31
4313 4347 10
2635 3629 25
4397 141 13
280 1259 48
4923 3928 37
4609 1504 94
4829 3399 1
1451 2524 28
3076 4784 50
776 7 78
559 4321 77
1120 3308 59
4596 2705 100
3208 4337 11
1208 4261 92
996 222 96
4189 51 47
4041 2854 23
4968 2282 60
3170 4411 67
4447 4970 88
2776 1090 48
4734 2039 54
3185 1599 91
4248 2807 4
4239 3803 26
2086 4344 30
4684 3385 36
4806 4706 19
1065 2876 30
3684 3675 52
623 1451 94
871 2537 33
3824 723 33
2466 1323 40
1722 1914 96
4847 4000 40
728 3684 78
4464 4842 84
1834 908 60
2263 944 87
366 1567 91
4559 2438 28
792 2614 3
3624 1433 26
615 3155 40
2762 4354 92
4254 83 28
4131 899 71
3714 2733 31
2525 1348 75
11 1714 94
301 1273 33
4481 3417 99
4383 2041 32
1961 4009 39
1452 1771 94
1296 1025 29
4823 156 28
4545 222 13
1527 2747 13
4453 4111 79
3947 764 4
2231 245 22
3129 981 15
1813 4294 24
3651 2098 96
4844 3394 73
3824 4570 82
3703 467 4
2667 3347 4
2979 2800 15
1357 3099 79
2361 1682 77
3134 4812 10
948 2977 4
2772 1628 2
2719 2825 49
43 1649 19
2524 1705 86
228 4372 33
2031 3704 86
4297 61 37
2327 3774 20
603 3260 84
2564 4209 61
2467 3333 89
821 2404 66
2569 2447 68
239 4972 73
3376 1552 97
4861 3583 1
4146 4232 15
4234 1559 89
4653 2163 2
1236 4727 11
796 3547 96
3337 720 100
3702 3289 99
2069 4880 71
3493 3256 75
4290 3117 58
3790 3615 90
4704 2850 2
745 3855 65
46 92 44
4908 888 43
3103 577 63
54 4280 4
4452 2701 36
175 1195 93
2449 485 62
4659 4275 30
1100 3980 32
4101 1077 87
617 1123 79
1861 1031 20
4355 486 97
2570 540 29
425 4992 31
3161 167 26
4153 3969 63
966 3628 38
1395 4728 70
2378 3830 47
865 4447 22
795 2660 5
2966 2016 91
715 938 31
4095 1363 76
3825 4524 95
1102 29 64
3864 2348 44
902 95 73
4623 2474 55
4422 4691 2
1695 1838 15
0 4805 83
3790 1872 21
4473 967 84
1500 1145 61
3694 2247 42
1210 1112 90
2353 3366 86
3225 4341 12
4279 3763 3
1133 459 41
647 459 98
3529 601 70
3701 1426 90
236 2926 35
1296 1621 82
90 2831 46
4879 1536 64
1116 1114 6
4827 1745 21
4581 2878 80
4822 4877 91
2571 4758 45
841 3459 71
2782 3696 98
4516 1344 71
4849 2786 54
1295 4018 90
2458 134 4
4315 1314 50
4936 895 80
2367 2069 58
1610 4641 68
1454 1834 28
4076 968 76
4625 484 72
1795 1685 59
4500 2980 77
3742 1791 63
2745 2458 29
4846 2394 25
1178 1114 46
1035 2724 39
2002 530 25
2781 4606 93
3608 4232 29
780 2379 15
2090 3232 47
2418 1974 90
2880 1071 49
1009 918 95
1385 2096 9
182 4483 85
3621 2837 15
1597 1971 22
542 579 6
4970 2711 37
2436 4801 69
2883 3571 95
2824 1452 67
224 3813 85
19 1550 33
2279 1732 68
2264 1705 57
4130 3303 80
603 197 60
2660 167 23
2097 3956 25
1117 3191 48
2112 1015 100
4178 2592 65
3514 3963 15
1298 1242 48
4917 4858 5
1373 3989 8
1153 4592 5
2864 2253 25
2286 702 81
2862 3171 72
2010 1635 39
3961 813 31
4726 679 94
3392 3329 89
2439 3246 47
4544 972 88
1303 3477 33
3260 2693 86
1736 4979 40
4168 4194 11
3439 2556 47
1429 1517 12
2012 2595 44
205 988 73
2345 4779 72
4344 675 44
331 3331 73
2263 1591 66
2800 3327 97
4039 2495 91
4802 2286 47
848 67 17
411 2079 12
654 3637 52
4227 982 32
3750 326 59
4245 2010 90
3217 4273 33
1234 3426 12
4230 3817 59
1421 3619 45
2519 819 65
135 1231 44
1699 1885 33
4250 2464 16
2933 1214 94
2292 1811 4
1333 1380 30
1966 2614 56
2277 1845 25
1436 4618 45
4232 2137 64
2096 3625 47
3392 324 33
3324 926 49
591 3860 16
3185 2504 27
2788 3837 8
4369 2155 22
3024 4433 19
1849 2221 37
645 1453 27
260 4902 52
1107 4646 28
191 2970 54
1739 4914 66
854 3099 22
3133 2239 12
1792 1609 67
3065 4633 100
1184 2834 73
272 4831 27
2850 1444 81
4053 2551 27
580 2742 49
4386 833 63
3403 3040 62
4925 2525 2
2988 4317 11
1854 2382 96
1506 4918 83
3378 1543 66
3056 4393 10
2636 4799 13
3214 1731 7
1763 2469 41
225 873 33
3139 2150 58
3292 138 75
54 1992 9
2801 4850 28
3383 3229 23
1501 1285 68
4710 274 67
3175 3488 99
4381 1603 68
1421 1829 93
2853 1320 43
1810 4612 33
1436 4666 26
3445 2467 28
1724 2203 57
2898 3704 95
3465 4766 21
3832 2941 9
930 2323 13
1849 96 94
3642 4302 14
2584 2464 26
4369 3901 44
3146 3698 11
1773 1774 14
3630 4672 70
4476 3137 37
596 3321 30
1556 603 5
4120 2453 2
4865 1095 4
1930 31 68
2255 4400 21
4950 2546 71
3761 4320 45
1126 4302 69
2196 130 7
4384 726 80
865 3634 84
4670 4107 37
3571 3972 84
3126 903 15
145 4510 68
1066 4461 66
3388 4574 86
1133 2052 40
4901 600 70
3159 4984 48
4739 2202 35
1922 1872 42
2910 1795 66
4993 1273 21
3459 1418 32
1326 3836 45
3092 2225 71
529 4710 23
3621 4611 24
490 4123 60
790 214 62
4724 3488 86
2765 1398 33
2482 2743 6
3103 1202 25
4586 3881 61
530 3325 38
3752 3854 48
2674 3827 12
3549 4318 35
761 108 1
3822 1184 89
1460 3949 39
892 2783 34
1598 886 36
74 472 69
1034 2354 94
1924 1106 1
1171 133 28
1382 34 98
2068 795 58
4320 4618 42
60 2430 43
2198 3322 27
3431 4920 13
2219 4994 38
1239 2381 92
3585 657 51
4785 1828 36
1164 4563 70
3214 2983 66
371 2304 36
3713 2364 66
3707 915 40
133 698 13
3798 4269 59
2935 509 92
778 4094 49
1080 231 78
1515 2747 93
3337 961 76
954 1333 32
4541 1398 97
4206 105 64
4897 1591 62
509 389 32
2468 4676 41
3159 454 87
860 2887 18
389 754 17
4481 4091 79
2908 1397 64
3640 938 14
3088 1496 19
3451 1394 10
864 1903 51
1195 723 27
3387 235 82
4673 1095 21
2542 1484 75
3159 2317 19
1089 225 16
352 217 55
2365 4657 51
835 4460 45
4545 325 1
1347 2872 76
1474 1260 11
2055 2285 58
3227 4828 94
3801 4339 11
4819 428 89
2235 780 58
1941 4497 68
1791 332 28
4388 1229 5
3888 2577 30
463 4051 90
3626 2458 27
2883 685 7
4977 838 46
739 658 74
3079 4245 6
637 1186 55
4204 2977 40
3583 3717 21
4640 2605 50
3569 4421 1
110 3047 11
3936 930 48
3943 2259 39
3288 4351 97
4414 2430 94
2671 4419 80
426 4975 9
1217 3559 27
3237 3199 84
4187 3120 5
539 3230 52
702 2166 35
1549 1109 46
939 750 97
987 1516 80
280 4187 99
2111 965 75
3272 2182 86
3150 420 37
633 4607 57
3890 1498 87
193 2200 53
3779 102 15
4625 1041 17
1173 2029 33
152 2309 20
4903 773 86
3277 4045 20
1562 3547 40
4398 4180 99
354 4422 98
892 4616 98
2244 3395 100
2410 3020 42
3326 546 23
758 698 84
3730 601 57
1315 230 54
2434 3144 1
326 2542 34
2824 4248 56
1821 140 72
4371 3737 20
2022 2499 92
4363 826 38
1437 1584 89
821 314 90
2329 2981 73
2883 1768 17
1983 2094 60
2968 1270 60
2024 4444 53
2047 3815 42
466 837 41
3258 1553 67
1595 4342 4
1983 163 70
4325 3845 4
1897 1728 72
2613 63 18
2224 3032 40
2436 56 84
2788 3455 51
4581 3922 41
2521 2180 46
1288 127 88
4343 3463 4
2712 2788 49
415 1037 29
1238 3650 92
507 2227 76
1047 1015 84
2382 155 40
2533 4736 14
1225 2257 94
2822 4897 73
3761 4240 36
1216 3305 24
1164 72 61
544 2663 64
4988 3170 43
2463 4217 58
2699 1600 13
38 485 49
2651 1710 58
3796 884 56
68 4645 48
1156 862 5
3679 3378 30
3592 3923 93
3507 263 63
649 4078 33
158 1777 33
3470 3167 70
2870 2170 32
4527 2318 16
2434 2387 61
934 3543 75
4090 3574 54
2319 3518 29
4563 2025 92
3626 4026 70
3258 4184 48
842 4006 15
263 1876 38
1394 2756 56
4761 1542 95
1421 3828 38
1648 2919 65
3901 1590 83
1429 1154 61
4220 1132 87
1089 742 72
1088 1584 78
4255 3199 7
4592 4593 63
3599 4354 5
4994 2127 86
1283 3775 5
1147 2676 47
882 457 1
2642 1029 33
3428 3471 27
4751 4559 63
3729 166 62
935 4758 55
897 3358 61
3753 3352 41
438 987 16
1394 2135 45
3941 4369 54
3993 2011 84
178 1791 55
2104 1543 14
1967 272 81
28 2559 91
4035 4808 1
3747 3561 5
587 352 93
2555 3098 80
2199 3391 49
3652 2385 60
1135 3915 51
2089 1019 94
3955 4338 18
987 719 77
4129 1106 85
630 4853 99
3186 441 3
378 4348 1
1057 1547 45
2457 1551 30
4516 4039 97
4719 2480 16
1464 1435 7
4834 3774 26
4410 2904 84
147 3534 37
4445 1720 30
447 3451 78
899 860 77
4743 3318 29
2324 4186 68
3820 3905 48
2688 1722 36
2246 1556 10
2523 2318 66
3906 2465 52
1494 3262 25
4524 61 76
3253 961 36
4882 2056 6
3062 733 93
3929 905 50
3628 4945 72
1115 2191 80
2377 4714 99
1542 4972 16
594 1467 79
2718 2343 40
3293 1948 53
1080 1830 62
2186 4892 95
3830 173 52
4379 154 98
3003 1269 89
3182 3646 56
2032 189 28
3348 2135 47
2926 4853 90
3917 4498 39
2222 1930 21
2583 468 14
29 4298 87
3380 3678 41
1677 1681 63
3518 1215 9
73 3248 50
2952 1596 85
2299 874 38
340 1143 88
330 3365 19
2151 948 87
216 977 86
3454 4358 16
1847 2387 49
1509 905 64
1169 2330 12
2371 1635 60
4355 3934 86
2545 626 30
232 2309 95
1202 4460 96
1289 1028 73
2026 4482 83
2793 1329 71
241 4190 28
3904 1712 59
2168 4083 94
2027 3438 80
4113 2335 58
2342 3920 67
288 122 79
4183 2763 7
408 1141 90
2342 3934 71
1664 4175 14
1892 4432 26
802 1600 9
1347 4979 99
2178 444 35
4987 4138 7
3754 4427 29
3332 4962 45
291 370 86
1732 2713 73
854 729 48
4167 2621 32
544 4775 84
1004 2474 64
4903 4652 8
2489 4640 47
347 4746 26
3327 4430 88
4071 4721 11
2309 1453 24
4481 3660 5
2180 2827 27
4312 4724 54
4395 728 29
810 1983 33
1318 824 73
2316 1171 71
2741 4499 2
4480 3570 23
1590 2231 29
2765 1712 89
4670 3893 68
548 4557 92
1201 304 73
681 1115 56
4814 3785 81
4938 2453 52
4809 194 3
4110 4674 26
4484 1265 57
1312 4030 70
3152 52 15
2820 600 72
3563 1802 28
35 2483 95
4843 2297 80
475 2236 85
2278 2045 31
3581 2507 58
4806 1991 75
3262 3304 57
3431 2808 10
197 628 10
1520 544 12
3148 1931 48
2242 1774 97
1474 2249 85
4510 4528 82
2741 3109 89
1998 4267 81
3872 2529 37
1128 2313 45
3437 3862 26
2699 383 70
3762 4883 53
2309 3477 28
4506 1303 29
290 814 57
4472 3555 18
2512 1905 85
1192 777 67
880 3257 32
2025 3047 94
1502 746 77
1523 4508 60
3475 1818 90
3554 2676 93
883 4318 7
4091 142 14
409 2655 19
2345 199 96
3163 1080 6
2646 4457 53
4640 959 99
3368 3834 59
1980 2309 29
4069 864 57
2461 1747 76
1668 838 70
781 2599 77
3152 1297 77
4947 812 9
2704 3459 18
2156 3099 29
3706 2819 63
4765 4799 72
345 220 88
3602 2682 87
2529 702 78
1598 2835 29
1027 987 26
655 2287 91
1363 4991 50
4232 3500 1
3060 2206 20
722 3323 72
2045 3669 92
4233 3623 26
871 1152 28
3348 4102 16
4777 129 3
3854 784 42
3744 3499 34
2093 2731 34
1245 2143 92
3217 2865 16
1340 1263 37
3331 1848 12
709 2719 16
3788 1068 18
4703 845 100
2958 4699 36
3499 3444 88
4032 1889 19
4417 4487 63
2009 2704 80
4276 4044 43
1564 3727 91
2475 788 63
890 4577 31
4759 4280 76
3758 2238 27
1246 2090 23
2233 1122 13
2303 1892 100
4517 253 56
949 4529 52
3643 1093 31
3186 4920 20
448 810 97
3778 569 77
4305 680 68
4531 1926 58
4554 511 32
2818 4166 76
569 3684 29
1024 985 10
3227 4628 3
4157 2814 75
876 3262 85
2172 2040 7
4101 2697 87
4620 2229 65
2229 3135 28
2312 953 94
4288 2874 30
1516 250 15
4626 3477 96
180 2634 10
655 4863 73
3291 3387 65
1497 3840 63
1735 3460 44
251 2041 31
630 4354 84
176 3642 10
3405 1510 60
3972 1136 37
519 2669 23
3528 4676 38
1152 2967 26
2169 817 18
883 3904 31
1826 508 72
2256 1138 26
4991 1314 68
600 1072 79
2811 1396 67
2147 1915 88
1821 1795 64
1359 2948 84
636 1469 53
3753 2352 9
1683 4178 17
3007 2786 8
2332 4129 74
1652 4729 98
1130 3892 46
4448 2391 13
436 4212 9
2451 1923 9
3786 3911 78
938 4017 30
3347 2052 60
2615 59 46
3022 3744 75
2448 396 56
4297 2878 48
2543 2326 39
4055 4114 3
2363 1566 79
1323 352 90
400 2643 59
1829 2342 12
3788 4957 23
4885 4332 67
111 3132 63
66 2429 41
265 4972 20
2855 4028 86
1010 2743 4
1088 4067 57
1429 819 52
788 4001 94
3551 2789 3
2725 4027 35
644 4138 67
3958 557 97
3799 822 21
3670 30 49
2655 1040 45
4559 3480 64
3167 4909 83
770 2049 84
4363 1952 26
4265 1030 53
4852 1674 43
3570 632 100
3366 783 75
4487 805 57
987 3461 97
231 4372 29
4894 3891 90
377 4661 40
1212 376 44
4837 4641 26
3841 845 100
1984 4416 85
2035 2782 68
2909 3621 74
165 961 87
4813 1192 11
2941 2439 2
2331 4168 63
122 380 39
1217 1570 32
3343 411 78
3494 3747 94
4278 783 28
2198 3692 2
923 210 63
3109 1375 7
1019 4317 46
4172 3000 66
1986 4474 99
3824 691 69
3007 386 32
3036 3881 80
2481 3159 63
4709 357 7
3262 1280 69
1424 741 45
3482 3112 14
1628 2284 66
1645 4270 40
2043 4446 83
4011 2454 70
2743 1842 51
222 4324 62
4836 385 20
3142 3647 52
4363 1423 46
607 4905 58
2520 2885 95
3785 4531 65
876 1574 64
3658 1938 70
1827 4681 12
229 1255 36
1791 2443 21
62 1937 20
4613 1300 43
1258 1907 49
2368 779 86
762 916 17
4778 1792 44
3241 1803 82
1862 4982 15
974 212 22
761 3355 65
934 3417 2
4753 4382 3
1348 1993 62
2848 4361 42
2233 1475 10
2502 1253 55
4345 847 58
4478 2709 92
4292 35 4
1713 2149 11
1577 3083 28
4730 4188 63
4184 536 56
546 4736 69
4039 1970 44
3448 4472 97
2354 169 96
3063 4647 6
3755 291 93
1010 2004 42
1621 4933 77
648 4663 66
410 3848 54
3517 746 91
985 4785 13
4928 4585 85
125 1940 6
2520 3 5
3977 110 96
470 1121 100
463 2742 85
3540 4742 100
2157 153 48
1310 3670 46
200 4656 31
2412 936 69
448 1061 61
5 4934 64
4209 263 27
3704 2085 48
1555 2549 90
4339 2441 32
3139 4598 37
2138 908 60
1884 2461 16
2766 4873 52
3234 1674 66
1994 1679 52
2110 2241 67
2336 945 53
3683 2501 54
4124 1840 95
4307 1331 93
4644 3470 1
3 354 14
1370 4472 40
3673 2707 14
3390 1053 45
4393 4515 86
660 1851 84
364 1886 85
2617 2362 77
2311 1670 9
2955 2666 79
3155 4021 85
3521 391 57
3760 416 16
673 159 22
1969 4552 37
507 1564 41
4990 1928 79
1974 4545 42
3502 3208 64
10 1163 30
1340 671 51
4376 4192 94
1885 2952 10
2100 4977 21
1073 1946 74
3210 3805 90
4902 3795 19
3480 2121 16
4421 624 25
3384 1986 40
13 4679 11
2015 4055 3
4408 940 7
3570 4393 84
2890 466 83
3115 28 88
4905 4930 36
3623 3411 57
4590 4184 33
2414 2569 72
4106 3934 51
116 950 58
1671 358 99
2529 280 44
2013 3171 62
1147 2638 91
4086 2543 73
821 2518 84
1030 2109 69
3214 875 90
2385 1333 24
2587 1450 74
1845 4473 85
3395 2002 65
4338 367 88
2099 2866 79
1241 1953 22
314 4126 93
4149 1508 54
2169 1075 81
2758 4812 15
3634 2400 17
4107 597 42
2643 3992 44
1460 3330 64
4799 1781 82
777 3023 87
651 3337 14
3043 3838 74
248 1008 1
3328 3766 14
4094 2400 66
2662 2860 63
703 1855 7
2099 3315 89
214 3115 70
1195 3892 93
482 4543 82
247 3938 21
1520 4186 29
221 3867 47
86 4313 100
2351 1976 12
213 4031 67
4771 1130 35
2659 1344 50
2328 2540 94
1373 3022 90
3754 3269 28
1326 1141 67
3554 2714 86
2253 2800 99
4704 151 27
15 1716 59
3533 1487 89
367 4146 86
1668 2827 78
3214 4200 100
4303 4306 21
682 633 14
1248 539 81
3385 2792 81
4836 2496 85
3262 3863 53
720 2397 93
661 4116 91
3298 785 18
3475 3999 18
3026 4654 77
2198 336 10
2511 2937 1
3243 1322 46
424 1158 94
460 773 58
2212 2845 7
1804 3506 23
3247 1804 60
1164 1631 11
4634 4657 65
2410 1855 2
2171 719 91
2471 3962 13
1916 738 24
210 2550 49
3719 4763 94
4625 2919 1
999 1166 57
3159 3683 41
669 3317 98
4186 2079 6
1687 4250 77
4829 3073 39
4293 1342 30
4916 1552 80
2664 1623 95
4610 1248 67
62 3599 33
2318 1758 68
3910 3780 85
3808 2966 16
3265 1005 66
3441 834 92
2579 1479 34
160 1396 38
3940 412 61
3834 1374 9
3000 1436 8
4685 107 19
52 4017 51
89 2825 69
2204 1090 26
4922 883 12
713 3463 91
4198 4975 39
4235 3915 4
895 4102 78
3803 2102 15
1662 3139 22
2632 3192 39
2382 4633 17
1450 1837 59
2875 3111 43
1486 176 58
2929 4374 33
767 3609 1
370 4504 3
1348 4659 5
3762 1322 45
2635 306 89
4173 2689 22
4889 491 11
4400 4719 75
3442 2557 51
3651 486 26
2483 1254 87
1583 1624 92
4785 4324 3
1442 3086 77
1238 2073 84
4226 1247 25
3199 2488 16
361 1888 35
1987 1682 45
2438 333 31
3615 4169 37
3401 2104 62
4044 1890 38
4347 4684 77
3675 922 50
1958 1500 97
4282 1051 38
2098 2764 78
984 4752 13
3780 3542 98
711 2157 67
247 1910 72
2760 2307 14
950 3006 50
2226 1681 72
575 3640 24
1524 4274 75
1313 2724 91
2990 61 43
2702 3841 85
4100 4552 94
1018 1152 5
41 264 64
954 2566 70
2903 4792 51
2126 368 43
4201 3244 18
2327 4557 94
3218 2547 55
212 1602 97
4397 2054 1
3442 3072 5
4398 4466 22
2661 1772 88
282 1028 81
4585 3154 1
2527 3708 97
1096 1035 54
3742 4253 53
96 4466 7
292 215 61
2745 3657 86
1349 4408 4
1570 2069 76
710 2352 4
3290 1937 11
3942 816 19
2838 3265 54
2643 2007 8
4995 2103 26
1654 3748 93
4014 1493 2
2151 4194 10
4754 2117 80
4130 2827 84
885 2469 73
795 1411 41
4413 601 6
4067 4596 65
4326 4591 21
4051 2597 69
1695 1612 14
2996 115 60
3706 1222 77
1485 1704 4
4320 2589 25
4092 3385 88
1032 4150 41
2590 3217 37
1154 2543 81
3174 2946 78
294 993 42
259 3990 58
4419 2696 32
2047 533 36
2503 4853 25
427 297 62
1115 1329 13
107 271 82
2344 1426 78
524 952 76
1301 2599 70
43 2858 60
3900 3629 56
1683 2029 41
4818 4532 94
1894 4959 43
3708 2426 24
3320 2534 96
3853 1230 74
1930 1754 26
4306 3055 77
2675 3098 36
1386 3350 17
2793 33 46
4733 1203 30
2878 3098 42
1320 1806 68
2443 1478 54
3838 331 36
3011 3614 90
4489 2920 46
3565 1947 96
1852 4685 99
121 2478 32
418 3563 88
248 1441 86
1389 2761 44
1308 1556 74
114 1747 5
149 1110 19
1939 1951 91
3136 517 90
3783 3721 75
2781 194 5
3165 613 68
4752 861 61
789 2250 22
3632 4910 31
4305 24 78
1661 174 40
2632 3465 92
2874 1601 61
64 384 82
3290 4518 77
347 2683 42
4614 2435 3
1675 3224 5
2848 3208 67
1930 3865 92
1407 526 18
4699 4510 83
3590 2385 36
4350 3801 72
3831 3443 90
4859 3790 25
2852 4757 12
354 1432 88
2810 632 96
177 2563 61
3920 322 40
2837 21 50
1571 4963 87
3258 4313 88
329 4497 32
3271 708 74
247 3561 31
4659 267 15
3646 3078 100
842 4607 63
3254 3527 37
2545 2716 11
4995 4287 74
1181 3897 40
2521 578 37
2304 201 97
877 449 58
4208 108 26
322 106 56
3421 2300 15
435 555 42
4124 4452 10
4186 4447 49
4211 1981 46
3550 4502 24
3738 3158 26
987 4035 75
444 3243 35
1521 4918 93
676 4691 94
790 1479 1
783 1955 53
4844 1141 53
3192 1704 34
437 1607 88
4613 345 46
2638 1332 33
2464 3129 77
3750 4650 47
142 1679 90
187 3821 21
787 957 76
2192 801 69
3044 3994 74
2229 783 81
916 396 78
4113 4386 63
1345 3202 92
3173 3304 94
1271 4799 25
4061 4986 47
1033 2126 56
3609 670 57
3677 3714 3
1802 2295 39
182 4563 35
260 3676 74
4374 1373 28
265 4547 33
3510 2170 32
3435 2583 70
3533 3617 96
4588 2226 66
2796 2255 32
1351 4058 27
689 592 90
1775 2204 18
3600 1578 92
3628 3195 91
1960 1706 13
1443 1493 97
912 1378 14
3860 2318 92
2477 114 99
4809 2817 9
787 3506 2
1329 1634 6
546 234 85
2489 3862 80
331 2174 38
344 3617 83
2940 4530 61
505 4742 79
1648 2219 46
1398 2028 63
207 4168 22
4608 497 56
1213 2395 42
749 4885 5
3481 1568 31
4270 1912 49
1553 1204 31
213 3061 25
2544 1061 44
4989 2460 25
1603 2667 93
1724 3627 42
4831 1192 37
3173 1942 74
1729 1775 43
3811 1045 7
4511 2598 64
1093 4164 25
2417 1708 39
961 3049 99
2885 4652 18
329 2729 97
4622 2560 89
4958 2085 83
2884 166 10
2378 3978 56
136 3489 6
4099 4583 70
2476 3352 30
1914 4313 79
164 3550 32
2433 231 61
3329 4853 73
1769 1164 11
3504 4048 77
2013 2778 7
1568 2914 97
74 2014 32
4095 842 84
4825 2756 50
4955 4272 52
3386 1705 84
898 1386 89
2323 3155 53
833 1659 53
861 25 31
4868 1593 98
3716 3019 12
2147 3467 54
282 4644 62
4083 4599 34
1435 4338 91
370 236 77
4158 3911 84
4111 4744 96
815 606 21
3946 1826 66
1343 542 38
2106 2689 5
3711 4323 49
4424 3407 48
4409 1194 86
1099 1564 75
527 2074 86
4462 2537 83
57 3353 41
2029 3651 67
595 1346 9
4884 3452 50
1288 3515 73
2336 2939 32
4335 2348 78
4321 4799 94
2247 326 69
2732 1140 6
666 1198 59
4206 4579 10
924 1526 8
1832 1410 60
3133 2698 27
3758 1386 18
2789 722 18
719 1395 17
212 3642 95
1780 2726 36
2238 3393 86
4696 3951 65
2158 4876 44
965 3060 54
4577 1194 5
3055 4952 43
4473 4093 65
4590 4812 60
859 1377 2
2453 3157 29
188 1747 74
473 1444 25
1690 4954 53
4433 2271 66
4938 3200 60
4494 1256 64
437 2081 9
3453 3023 74
2865 3882 51
4566 1336 60
346 1524 8
871 3350 4
3996 40 10
4700 825 81
3465 2115 82
4776 2962 90
1039 4751 23
4100 3204 46
1973 1069 29
2575 1988 65
1334 3686 89
3193 4558 91
1496 3554 83
1105 4606 8
4338 3072 76
771 2848 38
3460 240 89
934 4340 45
79 2665 15
3107 240 55
2471 2926 41
4712 1120 99
302 2616 5
2285 74 12
1444 4412 36
4071 1535 36
3308 4995 76
3648 2281 68
2193 2360 85
3159 468 25
1113 4291 52
2753 4003 24
304 658 92
1408 4295 66
3471 2091 30
3606 1163 65
2942 4471 12
3869 4472 93
4137 1665 54
4773 1176 74
4298 2289 65
3101 1394 69
3024 1698 79
3267 4459 74
3585 4282 65
3314 2889 28
931 2183 52
4894 1052 24
1139 1541 41
3392 1315 17
3817 1965 58
2181 1418 4
901 794 55
279 4061 14
304 2646 96
2421 2313 37
700 4596 20
4803 4490 25
3378 629 18
3618 373 85
1386 4190 50
2795 2724 68
599 3625 62
1453 257 76
3118 1913 22
2713 4334 87
2902 1387 83
3921 1190 74
3697 4569 55
15 4539 29
3999 2278 71
1301 1425 95
3668 2024 73
3182 4829 30
1757 2947 95
4330 2013 30
4217 4915 69
51 188 59
376 238 80
1331 253 20
4011 4252 50
881 1905 75
476 574 52
1400 108 81
1229 3217 81
4323 2547 46
3104 3116 13
3272 3168 1
983 3544 39
3262 4875 44
1433 3886 49
3234 1120 54
109 2948 80
1712 4348 88
3144 1929 5
2524 2604 5
1621 709 21
633 333 89
1186 2668 86
1976 931 61
3020 3716 100
1020 3303 72
4573 4764 20
53 1476 68
1992 4620 97
797 3497 1
3501 118 62
4321 2104 48
4662 3290 16
3547 266 99
3659 4638 68
4010 658 71
481 232 35
4900 1637 11
19 3629 83
2067 778 80
1720 4279 51
3433 4953 55
480 967 45
1548 866 63
3546 4525 2
613 4888 60
983 369 44
2469 1622 81
4079 2993 63
3014 1413 41
445 3133 73
2995 1566 26
4001 3399 45
3297 4947 11
2860 3493 88
3413 459 76
4624 2794 98
1068 264 72
500 695 65
3562 3709 78
2403 4155 63
1875 3502 82
2652 2504 81
748 801 28
3358 13 73
3197 3426 32
1573 3051 79
3022 4119 43
1093 971 90
3509 4534 52
2339 3289 59
4301 1516 61
4182 520 17
2462 1268 71
2041 978 84
114 4175 11
4997 2100 14
2675 122 33
1969 2567 56
1959 1077 90
3362 4768 79
3920 4069 47
4332 4604 67
3601 3418 35
3671 460 13
3754 1926 89
3616 1923 89
1529 951 64
4913 2920 31
4269 1231 60
4510 945 28
3041 1217 50
3087 550 6
3654 503 76
488 4174 88
4653 4280 14
2993 2897 90
3433 4426 41
3996 692 13
3479 4961 97
390 823 42
2070 3864 60
4171 1952 62
876 606 65
2351 2446 39
639 2099 19
2204 92 68
693 4878 47
1485 3874 39
198 3705 52
2846 4096 75
87 1166 40
3546 337 92
3907 2565 50
4771 1268 48
1161 3259 48
1832 464 92
399 2509 70
4745 347 97
4783 1897 2
1134 4743 50
4661 4830 68
700 4729 57
43 3636 22
1344 4760 43
91 921 2
2290 2753 18
4582 4505 80
3103 4250 27
1851 4034 24
4305 1520 67
854 1181 49
4922 3233 78
2030 3276 67
352 4620 27
2646 4712 100
3199 2002 6
4217 2936 11
448 2392 61
2026 595 47
4149 4900 68
2367 2107 1
1767 3381 35
4545 411 63
2311 2115 36
1189 1113 48
2340 4313 2
1245 4882 91
4655 330 35
3668 2356 30
1714 2857 83
2633 1576 42
4734 3343 23
1420 4240 86
1382 1551 54
2317 4092 67
4316 1433 80
4670 4030 14
4312 38 44
1346 3706 52
327 1772 61
561 4406 37
2902 492 81
4976 3264 21
3814 4646 25
4767 3316 69
3185 2632 54
4565 3654 85
2178 2966 23
1474 4312 29
4477 992 53
338 1553 11
2774 808 55
4906 784 19
1279 4598 66
4203 717 82
3923 3903 66
77 4820 21
261 3350 39
483 1176 4
763 654 96
4167 992 1
1978 118 9
1632 25 94
4551 1304 44
3468 1859 62
701 2134 17
566 2211 37
438 2472 87
4629 4307 64
3132 1422 18
3979 590 62
1379 3920 32
4588 552 57
4933 1455 13
4876 4923 24
1889 624 59
2805 2543 22
3541 4333 47
3980 3962 6
4243 3446 29
1512 2425 71
1125 3805 91
856 4745 95
1965 4678 51
729 906 74
2705 2796 51
1815 1953 46
3136 1847 79
3282 827 94
440 1422 40
2668 4286 18
3190 411 75
1280 2619 20
2626 936 50
4076 1666 56
1802 4371 4
1504 2538 58
3749 674 57
1679 309 84
3572 749 58
264 4769 44
733 4311 7
7 591 26
4026 4569 63
427 3646 81
1382 1800 4
2838 3304 42
4895 3405 68
151 84 29
2586 9 30
1443 273 51
938 2358 62
844 2365 5
4721 2743 75
4535 3170 73
1015 904 73
4570 3742 29
663 3637 34
2431 140 18
2211 4078 27
2741 1873 52
4391 4163 10
353 7 27
4609 1081 70
2083 616 40
4555 2984 97
3827 3906 39
4107 4570 29
1440 3353 69
3858 564 100
2636 3305 25
1688 4049 89
4449 754 48
4576 363 29
2445 2447 98
4837 2002 34
3133 2182 40
1523 1289 10
3551 4082 63
720 2940 80
4671 1928 37
495 4968 86
1835 4418 40
3183 346 56
611 4143 3
8 332 57
3741 3465 91
2733 1341 33
4942 4892 15
1857 1964 7
688 1635 35
2824 3483 4
4010 318 74
2301 3501 20
956 465 63
3410 1825 96
4219 1919 13
2209 4652 54
4193 946 47
3907 2803 11
4265 4843 99
200 2668 82
2455 3030 52
480 1683 54
2499 3992 71
13 3754 96
1508 2973 15
4173 1535 67
3178 728 14
2076 988 69
1587 253 13
437 453 33
2770 4260 63
421 4740 98
2926 3591 90
896 3605 45
692 1465 70
3758 1990 5
125 169 34
3790 2245 22
258 184 27
2922 621 33
4606 3391 93
2968 165 86
718 3091 77
1107 340 34
1603 2384 52
73 1142 42
1429 2619 63
2162 1409 61
235 3020 45
3562 2294 19
3694 1901 62
4438 1221 27
4923 1939 71
352 4399 63
737 2354 47
3940 3779 89
4134 209 61
4496 3723 70
4808 3959 42
3953 3873 37
1423 3919 90
2284 3357 11
4663 4633 3
1485 1337 2
3647 3426 8
3193 2367 88
233 1501 97
4893 2349 20
2315 2158 31
4108 2463 56
3196 3886 75
4185 2522 85
2748 3537 70
3250 1374 59
4503 21 85
3110 4566 4
497 1152 57
3093 2397 7
765 1064 17
3747 173 80
603 3369 18
1377 3907 40
3213 1655 30
1034 4905 4
192 4408 78
4129 3870 96
1784 4368 100
941 3813 98
2447 930 62
3815 4678 87
1294 281 9
4011 3010 16
602 1224 71
2083 3610 76
4939 3803 36
2816 4284 6
2963 1068 26
4263 2009 40
2960 808 70
4073 4623 48
1712 2269 81
2720 1280 92
2635 3235 68
4205 318 78
2032 257 33
619 4425 17
1724 2389 38
3550 1652 47
541 964 8
2110 1389 31
4710 3101 1
2590 821 33
4833 3456 68
3300 4013 39
1730 2397 96
3962 3016 74
1831 4741 63
768 4643 67
3066 184 31
1173 3646 72
256 3356 74
1608 2299 95
4240 2132 4
1460 1785 69
3998 3515 67
3145 3829 83
1718 2012 76
4032 2780 19
2998 2199 55
4280 3372 2
1952 3628 58
4077 236 9
2023 829 42
4778 3641 79
1547 2639 94
2065 2136 75
4247 207 88
3875 4239 20
1793 3590 19
1248 4222 92
701 2526 72
2158 1603 61
3619 3627 42
860 3405 83
2590 1304 74
1483 3369 10
1909 3969 69
4348 2844 9
4568 989 51
1986 3589 73
4129 4290 100
1253 2801 55
4965 1420 82
4506 3632 40
4040 1222 96
1213 4057 66
1874 966 35
2743 315 31
4203 1235 20
4253 4573 10
4877 55 52
3028 1308 53
2783 2625 73
2516 2131 57
2007 2523 79
2803 3736 36
1968 610 55
1454 4705 22
3784 3908 57
3455 4513 30
1716 4391 85
4268 2419 45
972 1554 70
2745 4071 53
4501 2430 76
3832 233 64
867 2201 27
1573 7 32
2594 3791 93
4850 2247 6
3032 315 49
4916 4583 21
813 556 75
2982 4653 98
4987 506 29
4514 4338 62
2778 1558 16
3004 3131 75
4287 2078 67
4479 1928 66
537 1312 81
985 2581 17
205 3394 73
980 2728 78
3529 4067 84
3509 3582 75
3723 2712 85
1138 2068 68
4912 1355 46
3830 2187 27
1347 2724 39
4180 3709 72
1596 3915 66
920 1247 47
4897 4776 14
732 3286 96
2258 2009 60
342 4499 28
4262 763 84
3907 946 23
1833 2293 47
2424 2825 56
595 4421 23
3513 1693 70
4159 2942 99
224 27 37
4872 2285 98
2231 3980 49
1659 3242 64
3794 2149 10
3116 335 56
1514 4111 81
3621 1058 55
4644 4571 100
3265 82 43
3015 1659 70
2403 1531 55
3800 3762 87
2400 1773 29
1764 567 31
3425 35 18
2380 1549 81
513 171 39
4419 1167 63
18 4432 97
4912 3800 56
3481 1203 39
688 4 2
1874 3756 27
2655 520 47
1937 3946 82
2906 2678 84
2986 4543 7
476 314 74
2538 333 58
1035 245 58
2542 79 62
581 767 18
3734 3993 74
3660 3000 47
1858 4937 93
92 2843 23
4875 2181 67
1181 2658 81
6 1548 66
3263 2583 64
1673 1478 95
4934 2059 14
903 2145 7
4276 2157 60
874 4016 97
66 4108 93
4641 335 26
2407 1516 84
1839 2874 33
2957 2489 68
672 4162 98
3466 4096 57
3379 1351 54
3637 1980 12
1896 2854 28
1445 4273 36
189 3914 71
1114 2673 39
1050 864 65
1182 3821 54
1601 845 17
3499 663 65
3807 394 17
1261 4032 97
872 2280 51
851 77 24
3586 266 90
3008 2733 63
298 3783 28
462 1317 1
3115 2918 99
4931 1417 62
3548 1577 57
2164 2838 41
2760 62 73
2562 913 51
1638 851 17
4627 211 2
1642 509 85
4521 2323 2
1221 438 21
119 1722 90
1033 270 19
989 3786 9
2681 1546 71
1653 460 36
703 3450 39
1372 3078 50
4773 1072 11
3310 593 34
1811 3166 25
4583 4638 47
3773 671 69
891 3012 55
3552 693 53
4922 2346 65
4910 4402 16
2100 2126 46
3150 3251 18
2412 1561 63
2646 3373 29
1022 2956 67
1120 3081 90
1488 325 2
1994 3877 95
398 3799 94
4262 61 48
1577 2162 74
4674 1664 25
2491 4076 87
3605 3074 12
1534 4096 68
452 216 50
42 3056 75
3995 50 52
2290 448 3
635 4711 17
3382 2640 79
3255 2315 95
2731 1158 71
3769 4764 98
3180 2650 94
548 4454 11
2349 4496 19
4475 4844 70
4126 2134 70
280 4121 33
2848 2503 74
1226 2110 41
3972 1193 51
4443 4963 15
692 3143 17
4685 43 72
247 2392 20
3866 1867 64
3887 2345 50
4356 3978 23
889 1826 26
1414 4405 88
606 3377 82
956 4172 97
2423 4864 40
1539 902 84
1462 1149 28
2234 1367 48
2849 254 93
599 4611 23
173 1852 2
899 3266 7
1438 224 36
3171 1180 9
4867 3603 25
4707 1495 27
942 2957 77
4569 1543 96
2768 4393 51
3313 1344 14
2835 1517 66
536 3768 84
3994 207 8
830 3378 88
1838 3246 44
414 4305 39
3541 247 48
4169 1168 92
1164 3937 85
4766 2250 81
2979 1437 98
3044 1974 67
4079 968 26
3986 1798 4
1426 4988 2
2469 1755 7
1359 296 6
3206 817 75
2949 3333 64
2085 3100 66
2565 1079 3
4563 476 29
1681 4555 98
4006 4894 48
1061 1320 89
1363 141 44
2321 2852 92
3527 2410 9
2253 360 42
1268 2445 42
2533 11 74
1587 926 50
2616 3959 57
965 4317 51
1112 378 23
2600 3093 16
2195 1767 68
2086 294 79
4146 3899 91
3188 1519 36
1681 4052 99
2606 639 77
2655 4607 36
4964 572 53
814 1685 32
689 637 77
2056 4185 44
4924 1271 90
1554 418 41
4896 4958 60
4331 2991 12
1482 598 4
4558 4605 63
1594 4569 36
2946 1736 73
1029 2425 10
2206 4481 47
1501 757 19
1091 3663 89
931 3559 99
2291 4243 90
4054 2077 40
2809 1635 46
1172 4581 67
1459 2528 3
3431 4909 80
2392 3467 14
539 4969 23
1309 2412 87
2497 4695 98
1347 3338 93
1836 3745 70
628 1554 58
2673 4078 39
639 537 19
1694 3968 29
173 1361 48
4486 3252 17
2261 4561 81
2347 3410 77
3696 4757 15
4289 2945 60
3310 3573 67
3967 1246 97
4206 3238 87
3324 4932 7
3704 1457 20
2552 2296 72
2720 4557 33
1653 3256 43
3929 1952 100
895 1241 46
1607 904 71
225 4871 70
4273 4077 8
3859 3754 92
3766 3810 1
1385 2714 97
2257 435 6
4041 3440 62
2884 2369 15
2835 4616 8
732 2575 12
3555 2800 84
2624 2074 13
4931 2285 19
4874 1051 30
1274 3789 44
1323 2398 31
928 2791 71
3790 2027 92
3604 4863 61
2363 1947 36
2027 502 37
1562 3126 63
174 4409 100
245 635 52
2774 1910 93
4369 3233 43
2752 4161 34
4574 4303 62
3766 4259 77
3926 1623 24
1661 3650 79
3549 212 57
3863 1738 19
1463 3335 54
1466 2461 64
1610 3183 49
4152 935 11
4485 509 66
3198 4275 26
1774 4553 49
3650 2567 51
1028 1116 15
4236 1332 5
1854 2795 41
108 613 2
271 2223 85
1372 1375 72
1634 2212 82
1199 411 9
24 3537 63
472 2187 82
2274 4567 50
4288 3804 82
4393 2010 29
4185 2118 94
1438 3742 17
1875 114 44
3246 1748 9
1479 4299 72
3988 4324 9
2402 1148 97
3383 3423 16
1832 4063 72
2966 4808 83
1894 3993 1
2788 1784 95
2256 3659 61
4452 1905 61
3860 4737 61
31 3725 85
1091 1127 85
2987 862 8
2155 4046 24
126 2012 32
1460 259 78
3561 3047 62
2107 1655 73
768 1107 30
2528 4967 67
4940 1350 92
1676 2442 71
4561 1781 85
2220 3936 32
3943 415 44
1827 1875 3
3704 1788 2
3717 248 10
2389 1016 17
4318 4896 37
985 4837 39
2728 1513 81
599 2426 15
683 4647 3
1166 4942 18
2310 1769 46
64 1825 86
2218 542 34
1027 4283 50
2295 3602 99
4883 939 88
3822 3667 53
1554 618 80
1068 2654 27
2223 3820 21
2440 2482 91
2237 3899 16
3823 1117 11
656 3496 94
4858 2143 48
308 2027 39
595 2201 7
3747 107 77
4326 1176 31
904 3399 4
2425 2191 86
2067 781 85
3534 956 54
1896 1612 2
4542 2822 46
789 3130 25
680 77 78
4238 177 85
3414 4503 13
1597 1760 64
3600 537 8
3085 2604 89
2822 1138 45
27 3035 9
729 2577 84
4926 4718 66
2502 398 44
2279 988 21
3515 4403 76
928 1000 88
4443 4600 25
150 4037 29
2990 3211 20
1786 3239 7
2195 3968 36
3130 3894 6
2195 1396 57
2690 27 45
3362 3542 48
3538 822 100
1825 266 52
2002 416 42
3430 3407 53
3701 1545 92
3359 92 12
594 3222 58
252 418 6
308 4460 85
1352 2823 28
3152 1361 50
951 4538 68
1055 1540 85
196 1323 44
2548 1376 89
4492 4736 34
1755 1682 56
2913 1934 26
3170 2242 87
3455 4947 10
2282 3099 23
3283 402 61
4551 1457 54
2587 1653 29
382 554 5
4722 1398 93
4155 3153 76
1811 2418 62
1236 589 5
1474 4044 4
3183 2678 55
3957 2313 9
4270 1864 67
1123 803 72
2003 1185 78
2907 2260 76
4900 1415 82
4927 4578 100
1888 2167 89
2444 3641 33
2947 3177 63
4253 2134 77
962 2756 93
480 3879 97
1651 882 34
1081 142 94
1908 1394 62
889 1321 92
2289 4561 59
4277 2006 53
1662 1305 82
1724 559 68
452 2873 25
1045 3353 56
2441 1356 91
2726 2437 33
272 698 27
585 1587 100
476 3876 61
3887 4506 19
2291 2520 25
3872 4244 36
291 1049 61
3115 2094 14
2523 887 22
2813 3613 12
3245 3885 10
1423 822 97
2274 1299 74
2686 186 32
105 3829 52
3829 2701 48
816 4344 97
676 3812 91
241 1335 78
1162 4148 44
873 3745 81
2634 1520 4
4631 3794 3
1856 1480 41
3587 2937 22
4190 1766 75
4037 3934 19
4934 962 31
4276 1203 66
4506 3718 66
3349 943 11
2429 3578 83
3684 4561 77
1238 2769 10
330 1356 47
3251 1898 66
225 935 52
1544 2221 15
1674 1498 70
4492 1004 88
1457 705 84
2168 4486 62
2102 3171 75
4479 4409 44
1040 4740 52
538 2991 50
3155 3217 37
4707 4761 59
2221 2787 9
3642 2279 13
2430 3737 70
4865 2257 56
878 4359 27
1452 190 37
4795 2582 29
2198 3121 20
147 1276 89
383 2335 2
4193 908 90
4501 4551 21
813 1981 10
534 3198 67
3390 4076 79
4416 528 21
1204 1675 56
4084 3873 29
4956 372 57
4044 2107 93
4246 1301 1
3587 802 52
207 2968 85
1917 3502 83
2235 1892 11
3265 2661 39
838 3865 66
2345 4302 39
1973 4258 63
581 3302 71
173 3900 72
2026 2487 74
3429 4047 42
3166 2316 45
1100 4551 89
3111 4169 50
2001 7 68
2567 3704 70
2005 677 28
3168 1258 82
1438 2784 83
2361 4810 22
2734 4591 69
1076 2757 85
4272 3858 89
4360 3321 58
2110 322 17
77 2889 21
3698 1247 50
225 767 60
2758 3557 44
2840 918 6
1762 3652 98
1082 1080 7
1367 1704 17
2555 1065 38
4264 4527 61
2332 956 2
2752 4654 49
1553 1231 68
1612 3989 25
4456 3182 43
4813 4944 48
3410 2378 80
2469 3745 85
385 2652 2
2975 1916 29
4535 600 37
336 3352 91
3737 1257 74
2904 2870 15
1981 2326 97
623 2139 93
622 1902 72
3054 723 17
838 1108 22
2391 4083 90
2119 4970 91
507 1659 95
2197 396 53
2822 4652 23
2436 1633 1
233 3609 92
677 583 94
2148 3637 17
3717 4475 78
2938 3218 13
427 337 84
3517 844 43
2664 4393 91
1716 3567 95
3638 1004 81
4238 2589 90
3329 3266 73
675 1767 63
3743 484 90
2920 3422 9
2533 201 98
3468 71 95
4710 2735 88
4052 803 8
3046 4441 64
1378 31 53
1967 4712 71
4492 387 38
654 483 74
2643 3403 48
2851 2288 50
4749 756 73
3843 1818 60
3682 2222 63
2089 1621 4
2852 2999 87
2556 1319 99
1879 811 87
2968 1465 70
4542 460 25
889 4664 66
3790 4413 74
1762 4608 45
3821 3290 67
3035 1732 88
338 936 40
376 3493 59
3775 372 70
3913 3340 87
4534 4234 99
3558 124 63
2575 266 28
2349 3381 36
293 3554 79
459 1590 11
3599 3280 47
1090 3657 92
3548 2432 16
3169 1345 9
607 879 43
3505 789 19
2420 3365 86
747 714 19
3683 2359 73
1261 4170 63
1923 4121 44
2169 211 1
3613 3759 85
428 3280 30
3288 3887 61
4031 3745 50
2601 1165 67
1438 1912 81
3656 595 92
4429 3208 63
1791 131 84
3786 3653 96
4438 2266 7
2522 4046 88
3303 2335 27
4963 2718 72
3765 1671 37
931 3110 2
164 1766 49
1755 2547 58
3869 691 89
3753 829 42
200 268 60
1758 4142 59
245 2446 46
324 3761 64
2795 3878 35
2784 4810 97
4685 1326 16
4885 4433 63
1942 3303 6
483 3408 36
2676 3608 4
2136 366 46
3346 1964 44
1891 2288 58
4506 1435 36
3792 4219 46
1189 256 24
3056 142 58
1118 3436 61
2576 3919 69
3511 1596 29
1066 84 47
2763 3430 63
3259 1673 51
2516 1179 87
651 4971 58
4949 1160 67
572 4216 61
1981 1687 97
341 615 69
3461 4126 17
1541 1544 1
4988 4307 83
3102 3918 56
2153 1434 35
3991 3438 6
1400 3387 19
418 311 87
4578 2293 26
3527 3986 41
2747 3800 19
3563 341 63
815 1681 23
1497 4784 41
204 3289 76
90 3632 14
3595 32 53
965 451 64
3904 1381 9
3529 1260 48
3770 4007 48
4488 2570 41
1751 3385 75
1025 1234 11
2865 1438 100
1140 1528 32
4205 1476 16
657 2441 19
3773 1345 53
533 1227 13
1280 4997 21
2179 837 91
3420 3940 29
2694 4965 63
3104 2831 2
3155 323 30
1838 881 58
553 2890 52
2424 3015 97
676 3549 24
188 4829 73
60 2009 11
2503 1781 51
3331 4475 69
393 3931 100
246 2086 75
1628 3924 56
4485 829 47
1136 4605 62
485 281 63
1060 1822 45
1633 1882 6
4395 4385 87
1097 4068 14
2765 4462 45
3616 4708 83
4791 1336 7
3198 2174 88
4496 3310 94
3810 3795 27
1672 1208 1
716 2841 36
3121 3588 73
3659 4685 42
3672 2451 4
2616 1067 64
4998 858 53
2656 409 79
1144 4905 89
589 3715 37
1667 1740 97
4568 2456 38
703 1930 78
2575 589 63
3516 4262 14
271 3230 34
3087 3229 44
3591 885 53
1269 3381 11
3609 322 26
1097 1990 66
4793 1558 75
2682 2261 5
4159 1188 46
322 4705 60
287 1328 91
2672 4415 20
916 3006 57
920 627 91
830 4237 65
4456 334 55
1173 128 65
1699 4162 78
2803 3322 67
2201 4996 24
860 1635 52
2750 4308 68
4221 1576 26
2930 2496 54
20 3327 43
3784 4135 77
891 1660 57
4555 3360 20
1833 2515 94
1651 4716 90
1174 1929 25
2025 4679 85
3644 253 61
4622 3183 58
4875 3203 37
717 3339 24
3245 4230 84
902 138 44
4073 1971 12
566 3622 80
3407 4796 9
2883 3173 41
1668 1818 94
3380 2792 77
1237 2667 32
125 4736 71
3148 2981 54
2832 235 92
2227 660 63
490 2578 37
3470 985 85
3378 221 10
670 1889 28
1863 269 20
2591 2859 39
1522 2984 27
145 2485 61
2998 317 96
989 3896 9
2303 4387 87
3591 2857 25
4675 2587 46
284 4610 35
4064 1473 56
635 4065 67
1226 1939 4
1552 2084 89
1212 82 6
2460 2423 54
4368 4726 93
3854 3317 50
678 4344 90
4075 4629 100
4361 45 25
4917 2032 42
1035 3258 82
138 4811 18
1726 2375 53
4983 4835 76
2137 555 55
29 762 24
2131 2792 69
3172 1868 50
3823 1229 47
947 2498 79
4841 3534 38
4322 24 1
3591 1751 76
2943 3086 64
1071 1575 71
3925 1605 85
1448 88 78
4668 4612 98
3869 3435 79
3115 734 78
4394 575 64
283 1249 88
983 4841 91
410 4136 78
1025 207 53
3548 484 10
1832 3285 50
2909 2953 62
3558 1823 49
437 1290 84
4814 684 11
429 967 61
4716 3302 54
2107 3713 90
3936 1090 98
988 4638 82
998 1471 67
3799 732 73
4861 4291 48
2061 4728 38
3644 894 75
3507 1323 94
3267 2391 97
4220 850 62
661 4786 52
958 2127 91
3092 4477 14
3510 3276 46
3234 4489 89
4781 1551 17
3971 1547 63
3845 54 38
1038 3321 30
2886 3893 32
3447 907 71
99 3217 98
2741 1309 27
1854 1172 3
3051 4406 93
3540 540 96
108 4511 43
2571 4708 98
2708 2098 71
1589 1337 17
1321 4784 24
2191 1235 41
1540 328 3
366 3534 75
3820 1586 33
412 126 73
1259 1586 36
2302 4157 96
3399 3218 47
521 4807 84
1537 1128 20
3460 4671 56
3601 2563 84
1403 2929 19
1729 1750 57
1461 3514 35
3086 4774 21
573 3428 79
2769 1827 49
3415 3700 56
1750 238 37
4869 3698 60
4224 3651 24
260 1406 53
4830 3135 55
986 949 22
4972 4035 48
4192 4608 76
3922 3729 55
1870 3496 55
978 246 93
1214 1468 44
2473 2044 95
1296 2304 2
4401 3486 89
607 824 38
328 796 25
1175 1341 34
1802 263 15
4256 3486 12
411 4464 10
3155 2030 78
4598 4503 23
1045 2152 79
3898 2905 66
4886 3512 90
3176 193 39
500 2720 80
3785 4523 95
800 131 33
1311 1894 49
4772 50 79
3350 1000 35
324 3397 39
4602 2295 96
2367 3534 8
2309 1710 53
4399 3562 26
2830 2348 1
2876 3148 32
2761 811 79
2109 583 29
4840 285 81
2074 609 79
4164 212 26
4159 3931 60
4018 2592 22
4071 1991 85
4548 1173 33
4548 4050 33
1031 1811 44
4409 272 27
4189 112 13
1322 3538 74
500 2702 86
4677 1861 70
2389 2232 62
1810 2655 6
1146 2203 79
2830 3103 81
2662 4134 44
4657 4896 69
2236 437 81
100 1759 20
3573 3611 74
2259 3289 88
1228 678 20
4141 3840 75
4046 4987 30
1477 4169 33
4309 1832 19
305 2841 15
1573 77 53
2953 177 64
4224 3751 76
4550 1010 65
1737 3590 43
2508 2731 83
934 3130 22
1563 4607 92
295 3916 76
4513 4221 17
4980 794 95
884 100 24
3547 676 75
4822 1578 37
738 3315 79
980 2175 11
1415 3109 41
1836 4672 100
2779 1319 68
554 2185 90
2523 3517 36
4569 4401 88
1792 4300 17
4119 475 95
2455 1213 63
734 3546 38
3096 1313 100
3588 3149 24
3687 2281 44
406 4187 29
1347 1710 46
4435 2631 99
2622 4424 51
4190 3543 26
985 2350 92
3799 4436 38
3788 3884 51
1887 2472 52
1011 2511 33
2806 2918 73
1786 4265 35
4283 3700 67
1181 2675 91
3731 1865 86
3109 4202 88
3700 4353 25
2837 3142 9
4639 1381 34
4590 3744 45
3175 2902 15
947 4688 33
3133 3971 85
1599 1504 60
841 236 78
3626 4697 32
1466 3397 38
2390 2586 80
3550 2225 13
2183 3167 10
4680 1342 12
1446 3641 1
2478 1775 24
3563 4726 29
3674 568 17
2003 4194 14
887 660 63
4124 4402 49
1855 2953 26
2319 1488 93
1528 1168 88
4992 3967 81
3144 1445 56
267 1360 35
247 1387 3
463 4742 97
1728 1981 10
1390 1105 64
4990 4312 69
815 1632 58
4808 3160 78
1495 4504 45
3175 2648 43
2983 2916 55
2517 3163 94
2619 4979 37
3267 1707 18
928 4450 76
4344 4440 88
712 256 20
3569 1416 33
299 4263 37
995 2438 86
4489 1773 54
4344 642 69
1937 4613 48
4273 2881 8
4943 161 10
1718 4505 50
2805 218 58
1877 139 26
4109 1790 89
2197 2786 80
2934 2275 53
1587 2971 96
1108 4909 9
607 534 42
1814 1829 56
3823 3547 61
1625 2705 31
1034 4582 23
1860 43 13
1948 2240 51
2179 1527 79
2832 4466 50
479 574 11
2739 1182 98
4233 4348 27
888 4524 27
3400 2501 32
1131 3535 66
1705 1747 61
2717 48 53
4220 2227 80
4350 1411 47
2451 1890 73
462 982 55
1711 215 56
3437 2455 32
1415 855 33
2098 3338 68
2363 43 68
375 4113 16
628 3333 43
2407 2683 55
5 1486 97
3178 1948 31
3884 11 98
3939 4801 53
4870 1216 61
4654 3315 99
2974 2030 95
3041 2406 8
3156 3034 93
1850 1793 28
1956 1799 14
3953 4977 15
3283 213 26
4181 505 27
3885 1727 44
4445 1382 11
3344 4356 41
3638 2397 47
4397 553 81
3489 3755 75
1616 712 26
1229 4665 3
4143 4300 68
3421 4833 73
1147 71 1
1442 4516 83
52 4212 39
693 4202 88
3739 3599 93
1172 3440 48
4046 56 60
71 2638 77
2425 3133 30
1344 1554 63
4417 4054 34
569 496 3
1751 549 15
3641 1242 70
4280 1333 69
472 2505 62
419 2903 18
1079 4326 8
4107 3103 94
1436 4448 48
4951 3865 2
2184 4434 51
1638 2537 100
3953 2530 94
3174 1810 79
4642 2282 85
903 4053 40
3573 132 67
232 592 70
25 2028 18
2725 1979 35
4478 516 21
1728 2154 10
879 2459 40
1272 633 2
703 1628 84
1287 3883 38
1126 3808 22
1644 4041 14
3914 418 95
1983 3143 26
3918 2622 42
2990 702 49
4600 1582 60
91 4206 46
2393 4909 26
1976 2548 9
1965 27 70
3439 1671 63
504 1937 81
4598 3921 25
3376 4191 99
1317 3533 1
4117 3133 83
729 3225 42
4326 618 51
4551 3946 100
11 2264 27
4280 703 50
294 1207 88
375 2158 61
4951 534 52
2149 3203 85
1401 3673 71
2236 4402 48
2277 3728 66
2227 4631 64
1078 4642 28
3604 275 31
4154 569 91
2993 944 49
753 2247 35
4056 748 38
4540 2150 11
862 4386 65
409 3015 45
1926 242 76
2390 2673 19
1469 1277 46
1252 1783 15
2242 4776 12
1742 1881 59
1776 937 8
1365 1830 10
4628 2692 48
2292 4454 63
1389 1380 57
3764 122 30
2134 1592 60
779 2844 43
1346 1438 72
2857 4532 5
2967 1308 43
3826 4025 73
3187 3653 17
1934 2298 71
3696 3687 4
2053 3803 78
4434 938 70
3093 3069 66
4888 4415 56
1459 3624 88
1263 2944 48
3357 1770 74
929 1310 79
3898 3244 29
4968 3293 68
123 1698 72
401 1132 62
3622 4226 31
1040 4114 47
4895 1925 23
3283 4540 67
682 4250 90
755 179 100
2186 429 44
2266 398 37
1034 521 87
4957 2274 20
4818 897 98
2748 1937 64
1446 1832 41
3769 1467 81
4035 3502 83
2424 609 63
3475 2795 92
1419 62 42
4007 2448 16
3294 2405 90
65 2223 39
1062 1323 76
2525 2770 61
2265 1539 80
2897 1926 82
2780 703 92
4194 4178 87
1037 1949 1
4631 957 49
98 603 54
1487 668 29
1478 1730 53
2053 607 23
813 4224 14
3745 2121 92
3826 1253 95
4517 1799 26
4356 2837 75
608 2468 84
2957 2566 87
4062 405 55
3743 3235 37
3395 289 96
2169 2454 20
2482 1199 94
2425 1378 47
1720 895 47
2897 251 36
4671 2212 56
3755 169 74
4793 583 31
1500 4326 67
4936 2721 56
332 4890 62
1303 3724 14
4396 1150 92
3743 4222 87
1241 2119 91
1576 3142 3
731 3249 24
156 3043 7
4986 4543 86
3052 4479 59
2759 1163 2
4921 2467 78
4634 3215 28
725 1958 2
4063 4551 21
2653 2479 16
4807 3210 65
3482 3366 8
2741 4705 51
1326 2757 83
3984 517 98
4237 438 17
3215 1424 33
4694 2149 43
396 1212 95
4568 218 74
1883 1377 37
2448 4860 55
2407 2601 60
1910 3927 18
892 4263 87
3741 4853 77
4058 3068 1
2590 2762 50
4432 3158 14
2178 4079 84
2404 962 62
840 4762 74
346 3522 75
3206 432 54
175 2676 69
2661 1417 22
1937 475 42
3989 4417 5
3190 202 15
3603 3732 94
1939 1136 9
1652 1976 23
1225 3675 45
4751 1881 29
3556 3408 5
1624 2421 75
898 710 2
3239 4699 20
3343 2889 74
4310 2844 6
4355 1135 43
363 2787 71
3838 364 46
834 1467 79
3263 23 87
4719 3000 60
2593 3898 70
2295 2137 69
2766 1833 10
3439 2495 55
4196 1850 90
4738 3566 30
4961 2404 46
3858 3238 14
4637 2853 37
175 2573 37
3135 1518 35
1804 165 25
1525 4283 10
4134 4074 5
940 3271 55
3882 4361 21
4611 674 77
3408 4533 16
2321 4170 21
1258 697 46
4546 3832 65
1733 1989 82
1057 3514 66
4918 4000 40
4922 4941 63
3128 3823 77
4901 4786 51
4077 3194 84
2844 1868 6
817 3126 4
1362 2672 88
4778 4405 77
3360 1814 91
2577 1732 92
868 3006 85
2431 2487 60
4707 3740 98
4009 4169 92
1493 3366 12
850 4183 38
4553 545 63
3441 324 20
4317 36 87
60 2613 71
4803 3481 30
839 2264 17
698 3323 9
1695 2333 78
2238 3826 44
4650 4676 79
1539 582 25
2453 375 1
2773 1044 89
2611 1104 2
4181 2259 35
1462 3098 100
4878 148 23
4738 3195 8
2416 1786 34
4811 1436 63
1390 4327 97
4866 1781 72
18 906 16
206 4869 73
4359 402 32
1993 1865 83
3244 3095 31
2819 2834 79
4726 250 65
1812 1413 1
4926 2803 80
4974 2669 13
4045 4039 71
512 4245 40
3084 3604 43
4268 1950 8
4902 1546 3
684 717 37
4662 1796 39
426 4960 5
3978 4886 8
1858 1212 30
2870 257 69
1141 2121 67
4280 1558 23
4174 2178 73
4581 2080 72
4436 2764 89
2124 2427 37
1415 2853 97
2119 1832 35
1978 42 47
4507 2912 56
2428 405 78
946 1038 88
3068 212 66
3493 1146 46
464 582 62
4504 4058 89
341 473 95
2489 3944 79
4524 923 21
4122 1782 85
3978 4210 91
2307 156 81
2194 4577 93
4259 3070 91
4756 3534 25
3017 4390 84
58 1083 57
4952 4925 2
3030 4449 77
1150 3571 59
3534 2549 22
2676 1208 30
2856 3402 7
4601 2661 77
2491 3769 63
2316 1787 6
1199 1845 89
1907 3149 14
1560 1179 15
2136 3681 39
4495 3567 88
2416 1244 49
1845 452 51
852 53 65
4280 2545 34
1243 4861 73
3948 2412 18
4088 4319 19
4154 880 98
3668 4368 31
3106 3863 99
1446 2631 95
994 4477 47
296 1681 53
2260 2313 50
4346 4908 11
3218 3856 75
288 4297 46
506 3451 78
3256 3471 47
4686 1578 62
1036 4376 94
4982 1722 23
4381 2018 56
3833 4279 69
2182 3625 78
1744 3195 86
70 3483 35
2715 3990 86
2593 2246 10
3191 3284 40
2652 4321 16
4745 655 38
2667 36 8
3622 3869 39
3243 2403 16
1420 499 12
1157 569 95
192 3285 85
4029 2230 83
1338 421 68
1577 4425 41
2544 4171 96
3881 3190 85
4941 1813 6
279 56 10
595 2828 61
4106 3985 31
2452 529 68
4789 4559 50
4371 897 23
3590 2475 48
3482 19 19
4030 253 10
4614 194 75
419 1825 83
3628 2420 63
3689 2878 48
671 331 30
938 1472 89
1139 2195 86
1761 786 13
1808 620 33
2379 4650 38
1140 4264 84
1714 4684 9
48 4664 82
1210 4705 12
2709 376 95
4738 2666 67
1326 157 63
164 1918 1
1476 3727 73
2808 1106 24
2097 3598 88
1580 312 24
4241 1712 41
674 2922 46
4985 631 75
980 1722 93
4798 3048 51
4460 3212 69
2612 1041 48
1385 201 6
1160 2299 4
199 231 68
3923 4472 80
3663 146 2
4460 1484 86
1986 2464 60
2179 3614 8
3881 4427 73
2501 2039 66
4849 4776 67
1006 936 66
4410 1136 50
829 1411 22
2609 1426 21
3662 2238 5
1699 4225 21
1458 1404 35
4266 1637 62
2990 4138 54
2755 3987 82
4073 1346 19
1339 2108 7
188 2937 70
4861 546 96
1033 4209 34
3689 908 59
3809 3719 15
3896 4337 52
3409 2327 43
1314 1434 82
3996 507 28
3966 3198 36
72 4738 74
3941 952 72
588 1985 33
4473 675 94
1232 836 13
2098 1084 50
4602 4494 29
1244 2160 15
3225 1156 22
1553 122 73
3340 1546 63
1713 1839 15
3337 2427 1
4169 1901 28
2262 4485 64
426 2935 1
1575 2537 47
1403 133 7
4017 3359 64
3491 1264 86
2515 4604 85
1277 2670 24
992 2359 4
4044 1528 57
2771 143 42
3686 569 77
2038 3497 67
4884 1252 100
4891 270 59
1054 113 75
3691 2628 32
2875 3905 54
251 1249 13
54 1645 93
3110 4416 36
2003 4455 58
3831 1493 7
3197 2730 59
2697 2621 29
1907 3675 94
3734 3718 22
165 2946 80
1970 3197 81
4782 3251 27
474 2713 95
2662 4716 2
1771 3547 48
729 3097 78
4587 794 99
68 4053 26
661 2787 96
235 4304 42
66 1274 39
1146 2408 42
224 4235 55
71 3249 23
4372 1372 23
2871 2101 20
2748 1688 66
1598 1756 19
475 3770 59
3071 4005 15
3612 4071 42
3703 1569 50
2044 3146 37
4451 3217 86
2925 2589 58
4947 461 11
66 4561 100
2331 1160 8
2 1635 78
1812 1058 83
4278 4671 6
3019 3374 28
4169 1770 74
2257 1221 91
2243 4147 32
4952 446 45
4763 1865 7
2614 548 19
2221 550 6
1951 3714 17
4333 2993 88
3491 1012 62
4218 1533 32
3091 3791 6
1533 2386 5
2564 2338 51
1761 3453 16
519 2419 65
1789 4641 67
4694 1592 34
10 2277 27
1349 2120 91
1062 1338 25
2546 781 68
251 2314 54
4807 1231 44
4809 2992 50
325 4863 69
2741 1652 62
2059 2698 54
92 4061 84
1118 410 4
4509 1473 95
785 371 76
852 1974 43
4657 1781 26
2152 1590 70
3101 3267 33
2822 1008 85
2183 4420 83
4489 4512 44
4072 631 7
775 1492 32
169 2277 3
1697 4481 77
1891 490 10
3316 2642 52
4085 2096 20
4717 4918 80
3353 2101 100
3335 1590 13
3731 662 96
889 2790 88
4520 4311 17
4874 2360 50
2202 4251 40
1311 2567 34
3362 3004 30
33 2721 48
2713 2426 2
1164 2114 92
2776 845 7
1371 3086 49
2810 2606 12
2878 3832 73
3779 1034 24
170 3697 44
4204 3411 48
333 3445 22
2733 2510 48
2234 3674 62
4677 1451 59
2783 4174 45
1383 3337 3
4295 2567 35
919 2699 69
442 2869 66
237 2073 78
1685 3759 75
3558 2844 85
1505 1430 59
2919 1107 62
177 243 89
522 1626 26
4824 2273 45
2959 3192 44
3479 4987 14
1345 224 39
3974 3261 50
48 1819 46
4984 4677 76
2242 2596 84
3656 2773 79
4244 4647 5
4521 824 79
2365 135 23
2909 3614 10
2674 1311 35
864 1637 96
2814 3037 16
3959 3021 45
2887 1616 41
1570 1624 66
1848 868 14
104 389 90
634 4106 25
4357 3367 91
3066 1041 55
2000 3258 92
548 2424 30
915 2735 3
959 622 71
3599 3544 95
1716 1744 15
4481 1849 4
3070 3835 11
3146 3192 78
1837 1259 72
4543 4611 30
2534 1511 54
4915 2426 89
1670 4737 64
40 4688 8
1387 1405 53
3601 886 2
2557 3957 37
619 3455 82
2048 1644 93
4519 1187 56
1600 74 68
1105 4989 46
3346 3011 84
1209 4404 72
2616 791 77
768 744 64
2121 3301 73
2310 3920 80
2043 969 25
3035 1840 12
4990 4793 86
4809 898 28
2055 596 91
4038 1805 95
709 4422 38
138 1542 83
453 16 36
1077 3678 9
156 721 30
880 3756 70
4144 98 63
2481 4908 14
2160 3315 10
4851 2353 68
3297 4414 90
2535 904 84
3869 1357 52
4856 3786 30
4764 3943 51
1993 1175 59
2415 1671 58
2629 4153 18
94 2665 33
1804 3868 38
1671 2166 4
2312 1053 61
847 1274 70
4399 1130 57
1628 2247 52
4579 4240 79
2637 3007 51
2146 637 56
2915 731 21
1999 3887 90
4788 1910 8
1992 574 61
2804 1422 35
4973 2173 17
929 3801 64
2180 4732 57
959 3722 64
2761 2220 53
3716 136 37
3688 3487 24
1177 3276 35
3536 1620 61
596 4424 35
282 4397 8
1099 327 62
514 3859 94
4170 1170 68
2186 3931 41
838 3999 77
1574 2688 64
2550 217 92
436 3754 12
3896 702 36
131 985 34
3538 3436 13
2099 3950 24
1745 4473 95
1464 1659 78
3404 3849 78
1832 424 18
3748 4326 35
3939 4762 41
751 3658 44
3338 141 29
3971 32 17
2635 2131 67
159 228 40
3853 3045 51
4182 2801 1
3511 4634 77
528 4734 3
4115 3673 65
2807 776 75
850 4115 17
1230 4438 49
46 2074 32
4165 2233 13
2756 2438 58
3007 1620 11
3459 1484 45
4335 2012 79
889 2479 5
2205 287 33
2179 2489 100
3647 3720 39
147 118 65
131 4283 98
343 2040 88
4952 47 60
2362 4858 44
759 545 9
3889 1434 88
2045 3639 27
978 2170 17
377 2170 89
567 2317 7
2831 2448 91
3680 4143 31
1967 447 30
3227 4162 88
2322 4921 33
3430 162 19
3370 2208 58
3596 3186 80
2664 4915 50
1804 483 20
4711 4666 20
3253 3347 64
2483 1666 63
4464 1245 25
1303 3568 98
3687 3350 13
2505 1720 21
1314 317 59
2293 4333 74
1795 1138 9
3614 2201 76
4233 454 75
348 4289 93
1911 3753 91
3987 1408 11
2337 95 61
849 3952 82
1569 266 51
1827 3911 84
3352 706 74
361 672 75
3388 1258 29
4762 1606 18
506 4869 71
2496 3857 79
4406 1194 26
4667 3395 78
3000 4964 44
1650 3143 8
4633 1495 66
1459 1856 39
4133 1596 49
2262 2710 55
4679 3217 25
2202 2065 34
1132 2824 80
1510 3843 75
4487 1843 91
4083 3493 34
3942 4478 81
4507 937 90
2097 1423 86
945 3685 97
1400 4716 66
3076 3270 31
4961 755 55
3040 2265 50
4514 1752 93
3656 2187 38
4589 1129 69
3369 637 6
358 4086 81
296 32 66
1592 2784 35
2457 2212 5
1739 2173 12
3846 213 77
4795 1079 82
2588 4735 69
225 676 51
3693 397 40
4451 2108 26
1631 2404 10
3849 348 94
2135 4157 58
3691 896 31
1003 4742 96
579 890 27
4612 3478 14
4481 55 42
3183 101 40
2522 904 48
2299 3887 4
2109 4088 52
1054 1223 61
2212 1267 57
1894 2270 52
1790 4201 94
468 3814 24
3882 3295 79
4323 2830 32
162 352 88
4461 2651 28
2516 4760 16
919 815 92
3479 4379 59
3288 1273 29
4191 3063 30
984 3532 44
2607 3766 91
637 3089 21
121 4604 25
508 417 29
1135 4286 89
2203 205 56
4494 37 87
4404 3325 61
232 2516 76
1613 4852 60
457 3811 26
299 4448 68
2972 921 24
996 2782 93
3024 269 79
1165 2472 37
1472 3318 74
1159 2722 99
3471 4306 67
3846 920 71
4106 2729 82
4483 4380 82
4302 2352 4
3725 4701 86
1270 2725 7
1748 242 80
3784 3067 50
857 578 25
2607 4049 31
1873 4247 3
2343 4705 32
2976 4189 13
3058 3491 17
4061 3569 18
4198 4839 96
4604 1587 38
3835 1724 57
2737 3933 35
4361 1541 36
1643 4766 84
4846 3462 89
2129 1438 30
2441 848 74
1458 4909 43
175 459 82
2970 1416 21
2360 1603 97
1168 4340 31
4203 53 24
3990 1697 90
3025 1543 4
414 24 95
4695 2466 43
2468 276 5
3810 1803 16
1343 1126 32
464 4838 88
2660 1006 28
142 1561 34
4165 552 31
4307 3577 26
4262 343 50
656 39 68
4251 3859 96
2755 2670 100
4422 4013 78
1154 829 68
841 4842 74
1220 4984 36
1653 502 40
135 4809 69
160 4071 13
1562 1080 4
1781 331 63
2277 4438 85
928 212 51
2057 2718 80
3024 4911 74
4997 1132 11
4884 4137 13
1675 4273 74
2044 785 45
4108 3699 77
1211 481 60
2173 2758 50
3510 38 63
3860 2095 81
39 119 93
3765 1468 77
2475 2705 66
1687 4380 39
2060 2776 77
2856 1884 28
4733 3095 9
4644 1621 19
3994 131 57
4908 3991 52
2188 382 23
732 4147 92
1760 1622 97
1926 4661 29
2716 3073 6
644 930 90
2272 2015 86
4380 1659 59
599 2005 90
3207 1913 33
2911 454 15
2733 2538 15
376 4299 89
724 1225 3
453 293 76
2958 938 6
3699 3210 73
2536 3942 33
2994 893 90
4935 4101 56
867 2012 10
3534 1097 48
348 1474 99
1488 2198 76
2290 2651 70
1166 1961 8
2323 661 70
496 3197 12
1680 2544 6
4869 2479 59
1324 4699 71
4585 3233 20
385 4933 94
483 1421 45
4511 3712 48
2480 1230 10
2739 3553 23
1208 4049 72
4971 729 16
3276 1951 48
2034 3275 47
4156 4213 80
2376 4598 65
3421 1433 86
1665 944 50
265 4776 80
4474 2515 34
2048 75 83
2819 47 65
2487 3323 16
4634 1710 43
2832 866 56
4263 4594 6
627 4368 92
3412 2385 88
2614 2650 65
1693 3476 32
678 524 8
3713 4696 55
2477 3535 30
4544 4521 40
4886 2353 59
794 1616 5
2651 2243 73
2294 2007 59
2882 4621 61
3246 2667 38
2477 4697 62
3136 3410 10
2490 2239 45
1520 3135 66
3611 4374 71
2921 168 87
1826 4171 82
1450 1466 90
3460 4348 63
3121 3946 82
1258 2775 80
1271 912 42
981 4754 82
577 1274 69
4695 1238 43
1165 4159 63
4252 2337 35
933 3788 53
974 2248 53
1989 369 99
670 2979 26
401 4251 90
4895 1584 45
1628 2161 71
1496 3208 9
739 4374 21
1501 3626 58
2787 911 98
539 3238 99
3991 227 20
2741 2249 100
619 4003 3
4408 3898 87
2952 526 100
4123 2022 9
2883 4113 83
803 615 61
2413 3402 24
4162 3942 62
3160 4285 41
232 2027 43
3931 2646 98
3233 3406 96
471 1359 74
4870 1834 48
2478 4717 62
812 1873 77
2772 638 31
1996 4800 73
809 4313 11
1202 4545 90
3844 4828 88
1841 4413 94
88 4884 5
213 1106 39
2360 3585 9
4973 749 34
3201 3522 72
4832 1870 24
1756 4031 37
2966 233 34
2555 429 14
2494 3622 27
4488 62 11
4192 275 18
731 3988 55
4691 3961 56
524 2163 30
1995 3199 19
103 3583 8
3070 3816 93
1977 598 7
4472 4220 85
312 4283 48
4504 910 17
1587 4898 71
1278 212 78
1802 2375 8
3797 722 59
4768 825 42
4027 247 11
2471 3577 9
4929 3049 29
814 3361 64
1361 4217 75
2677 805 25
4699 2083 37
3176 3886 12
2983 4035 86
2342 155 64
283 534 11
4745 3006 40
3453 2935 89
2734 3749 2
1297 1462 20
2123 4139 77
2848 3838 60
3784 2015 98
3448 1350 86
185 3692 41
2748 328 76
1911 73 34
4650 4879 69
1791 2613 71
3644 262 33
3363 3738 25
239 2938 63
551 1722 30
4748 1522 81
4333 3060 25
426 808 5
2053 4071 31
1686 74 10
606 1865 75
4628 509 89
113 225 79
4737 1816 17
3199 2367 92
1381 3468 14
913 4153 74
4137 4579 35
394 2984 58
1724 1022 32
4285 1629 49
811 2609 11
2599 2722 36
4478 2459 4
646 2011 72
3537 3392 92
4303 4305 45
3128 4794 77
2762 188 61
2820 1912 36
4303 2549 65
2652 3360 26
2862 960 49
4649 1790 60
3252 2436 71
575 2326 15
1366 1629 20
2663 4757 67
3539 3872 55
3751 3044 20
4986 2347 69
4202 1351 30
1028 565 42
1928 1566 84
287 4819 20
2010 1746 98
2124 3113 27
2896 776 85
3462 667 57
568 4418 53
4587 4405 100
2508 3607 52
2437 987 69
4678 2915 36
61 4555 7
4232 1565 53
2082 3689 66
208 2937 94
4444 1399 61
2552 3320 32
3704 2907 37
3556 415 96
3407 4204 36
1527 234 51
4862 1647 6
4368 2232 71
621 4314 13
1338 4522 2
4184 319 2
2696 2871 74
627 1576 81
4315 132 49
2963 4891 53
2598 2770 40
1500 2633 87
3606 3353 19
3628 326 85
3692 1665 8
1694 2201 79
2447 4897 50
1520 1877 78
4852 2544 62
3600 507 5
2905 4457 76
2444 958 61
4982 916 14
4753 896 93
3837 4589 10
3796 1283 11
4074 82 60
2224 1602 89
4653 1454 34
3567 1407 93
2371 664 3
298 3108 61
858 4442 29
1124 4195 25
1716 4385 14
325 3181 49
2487 2256 31
4546 832 85
1187 485 92
4020 4052 99
64 2776 63
566 3074 23
3378 285 17
2106 2761 13
3083 829 98
3648 2506 31
497 4993 87
3779 891 19
16 2078 57
2707 2450 61
3157 2515 89
2919 3081 64
3493 2812 1
3509 1270 14
4073 4353 43
4022 3002 49
2153 4851 94
2539 4982 85
110 4998 16
4518 4057 66
2978 2214 81
567 1485 15
2582 4978 27
1234 3488 97
2647 3913 3
1241 2936 5
989 89 8
3434 3980 90
418 4090 89
2185 4960 98
51 4291 13
1783 1210 98
1597 3792 77
575 1378 17
824 4025 30
1778 1618 18
4382 3959 7
3189 2393 40
3330 4163 82
3470 1349 43
2668 1400 34
4080 4535 44
3329 2485 88
2557 4412 66
1625 236 43
3255 3366 61
524 4100 20
1531 2289 13
2870 1972 28
4651 442 77
2745 3110 29
3778 3542 65
1021 3224 50
4760 781 62
3525 2407 51
4019 2014 17
4779 2538 18
850 421 59
4314 4643 31
1942 4295 26
918 2040 88
3999 2171 31
263 4544 7
364 4305 88
3525 4182 47
3275 3202 61
2744 4333 52
4961 184 73
2171 4498 17
1354 2792 64
979 63 56
66 4062 27
4048 677 24
1254 1041 29
594 4566 11
3692 4194 13
3805 3290 47
1456 4603 83
880 1774 33
4948 3128 26
4663 459 41
1419 1878 55
1697 926 32
1520 3533 73
2000 479 91
311 4171 37
3175 2976 27
373 784 30
2755 1665 57
2340 2965 37
3365 2629 97
2157 400 75
11 3449 53
4894 4970 38
4466 1970 69
1308 3633 93
3697 1809 69
3023 2182 6
3305 1290 23
361 3630 88
1897 3347 69
245 504 69
4119 1867 71
1624 1761 93
4013 2579 15
1882 239 49
1626 3936 10
2994 1960 44
2851 1617 34
4373 1978 16
3861 3875 15
3681 4121 71
3902 4592 38
2572 2568 51
2564 2934 30
878 1168 22
4178 2794 58
4287 2140 70
2931 4992 87
4216 4365 65
484 4578 93
98 3260 66
1569 2162 10
1258 1086 31
2709 2 65
3090 880 33
3711 59 79
3269 698 19
1138 4981 11
625 550 29
3441 1034 7
1485 1132 19
3650 4053 81
1760 312 19
142 3021 21
106 1111 54
2590 4823 65
2868 3092 63
1638 582 45
401 2559 95
3529 2353 29
1235 3838 13
3554 2489 67
4386 601 31
1305 743 52
4577 2201 63
3730 1143 38
4294 4011 82
557 2001 65
3153 2402 76
1299 931 29
479 2167 20
791 2073 9
1509 1459 62
2539 4116 57
2942 46 10
4457 3776 53
794 4423 16
1576 1332 17
4292 4485 20
919 784 51
4900 2615 70
2719 3406 43
4379 1268 55
1640 159 23
2348 3102 69
257 2559 98
661 4705 21
76 1281 53
1492 1925 90
311 4197 26
1414 4097 41
4683 1816 99
1378 1195 19
884 4187 79
858 1535 33
4527 3144 92
4676 3805 49
2896 3881 83
3800 373 8
541 2037 5
4418 3451 54
910 4486 70
808 2216 65
4679 4452 52
3709 311 39
841 4838 83
1884 4514 40
2632 3762 21
1014 3914 47
2674 4455 84
3530 225 87
3484 1135 25
253 3295 42
4570 2974 94
1721 1683 5
1760 3876 95
1294 760 61
4634 3393 23
1854 759 89
2152 3433 44
3135 1964 21
273 448 56
1898 2053 52
2091 1623 26
1736 4697 62
341 2809 38
1487 4103 51
2148 89 44
2922 3296 55
2611 448 89
3106 4936 5
3827 209 5
682 3459 58
2185 550 34
1663 2287 31
2824 3980 40
4213 1819 43
1363 3967 33
3258 3242 29
913 853 29
3353 311 65
2757 490 75
3961 1173 86
3570 4710 37
4803 1373 76
733 4197 8
824 3411 27
19 1126 47
4303 4385 89
531 298 94
4911 3 5
2876 2760 96
2402 3073 21
387 1643 31
275 2799 5
2450 4884 54
1309 709 17
636 728 44
1634 31 29
4522 1914 79
967 1825 82
1371 1053 94
3618 3455 67
3390 195 62
2873 470 13
2377 4273 98
3782 582 59
4951 2570 87
894 4204 70
2574 78 36
904 1045 13
4237 3769 67
330 2387 74
848 2130 21
4361 3 92
674 3732 17
3223 2514 51
1481 2465 74
1819 4711 78
3540 3637 9
2175 893 54
339 130 23
3205 1812 63
2231 4012 93
1451 3374 96
2494 400 28
2810 4975 94
1413 1456 60
2586 4627 23
2963 3167 61
4771 1694 54
3977 2033 37
599 1591 49
2313 3822 14
4805 1625 88
2300 4120 40
4879 3282 15
4973 4695 23
3884 2281 50
2506 1597 17
1118 2720 63
624 1697 96
260 3649 87
3060 962 61
4873 2120 87
1412 4420 59
4703 4300 41
1617 625 37
1339 4509 70
688 2015 19
4556 4486 40
1470 110 89
4066 1722 90
4604 1134 53
317 2360 73
1303 3772 45
4113 4828 97
3853 1445 22
4641 4137 83
4063 4825 99
81 734 85
172 3556 47
1961 3974 69
3750 3579 3
2854 248 63
4078 2903 88
1075 2016 16
3723 869 13
1997 1863 50
4779 926 28
4577 2359 14
213 2532 70
959 4493 45
4779 4595 76
3382 3802 24
696 2880 27
3135 307 43
402 4031 64
4115 1028 27
1964 807 5
991 385 65
3456 1950 97
3126 2910 42
1770 2689 37
1697 2423 39
520 4472 72
2246 2607 79
2340 3010 10
3303 3477 38
2482 441 46
2586 2785 83
50 2593 85
1398 719 47
2239 3841 37
4028 538 12
3266 2410 84
1737 1008 44
516 3348 6
4677 1652 83
3515 4134 76
4512 3072 13
2246 4475 7
1930 873 78
877 3113 72
3865 2141 10
628 1759 73
1864 4849 81
707 1717 30
264 1394 34
3298 1261 20
3125 2125 92
738 4371 67
2296 2654 93
4573 4883 6
2044 100 99
1406 728 10
4530 2592 59
2310 4651 76
3439 1267 23
2572 4565 84
2191 2691 10
1235 4781 33
3401 2077 39
2793 3002 22
1650 1399 22
4000 4157 51
4462 3687 95
4772 2349 99
448 789 66
222 4713 84
1257 3257 75
4418 844 8
1951 597 85
4841 3391 39
1263 1393 90
4136 1746 47
2738 1208 86
3933 2332 36
2483 2780 77
948 4354 42
331 612 51
3757 30 95
1964 3333 93
3600 4527 36
4591 790 81
1980 1278 27
4879 4017 87
1464 4302 20
1751 1785 52
2827 4085 59
1321 769 71
3071 878 53
666 4195 39
210 2795 66
3145 3738 8
3825 719 38
2604 598 55
3942 3414 57
2613 166 94
4065 4345 32
2575 666 1
1697 90 79
2201 756 74
1039 966 22
756 4111 60
2615 4288 31
753 1892 81
4259 2187 96
2068 4800 14
3013 217 11
3044 2792 78
196 4489 68
1875 1691 76
4100 4082 94
473 1191 57
585 158 45
1415 2263 90
4196 2875 77
391 4943 29
4456 2956 47
2866 2353 91
3295 2549 81
3814 776 24
1441 4877 58
34 1702 1
4090 2287 60
3787 3703 75
376 2899 50
504 4642 45
1784 450 54
1930 3316 7
2573 2964 56
1353 3130 33
4528 4572 62
3137 4606 64
2938 3697 52
4249 3836 7
2823 564 58
625 1068 100
3369 4204 2
422 2487 18
1180 60 34
3136 2765 65
2220 2293 37
1181 430 43
3196 4720 92
2499 3969 28
505 3145 92
2762 3770 12
1013 3491 69
4714 266 56
3084 1446 16
4417 934 81
233 3154 26
4269 687 8
4264 3884 29
4307 1383 98
3187 1889 43
2630 1003 65
4494 2017 57
562 1731 23
4117 1167 69
2732 1937 56
464 2170 10
1841 2792 50
3648 2056 34
176 2715 69
2026 902 10
2020 3533 14
785 3027 83
3041 3589 66
1915 4058 34
2235 3142 71
3490 3606 41
4252 1799 33
701 447 41
1034 1976 57
454 4002 11
1764 2374 44
4077 3159 23
4759 2552 64
3524 4467 74
4809 3055 16
1679 1545 74
2072 2149 73
3904 2850 73
497 236 49
4805 691 3
15 2455 77
111 2884 89
3233 3995 41
2649 3871 61
1122 3681 16
2738 360 13
663 3784 63
4036 4041 65
4208 4538 2
2708 4343 93
210 4358 100
1438 821 36
826 407 31
2767 3056 2
1879 530 83
4046 4620 96
2758 284 80
4972 4320 73
37 4880 11
338 2588 6
2682 4150 17
3833 588 38
2868 1415 45
898 534 1
4151 3765 32
1086 2811 4
4733 569 88
2164 542 60
3637 579 40
999 2269 80
2705 1303 30
121 136 19
3358 3004 86
2003 254 72
55 4405 37
3638 1843 48
1842 1576 17
1681 3741 11
841 3730 42
4880 4729 63
2860 2434 66
1341 2555 2
411 2266 6
896 621 60
3267 2028 18
755 667 61
4702 3861 38
571 542 31
1981 1383 61
1675 2616 42
3637 1828 77
1903 3169 84
1656 3581 2
3062 829 23
1073 4097 52
3490 1204 71
4103 907 84
1292 1478 78
3574 4811 14
3234 2838 30
327 1476 58
3503 4731 79
1939 1387 60
2640 801 90
3963 1875 39
3666 1717 43
388 2172 2
971 3464 80
4800 2038 44
13 1624 82
2842 1952 10
3851 1807 41
3030 3746 81
2141 1387 82
730 1702 57
1120 368 27
2715 2108 99
216 4431 64
548 4231 54
2043 4245 31
24 2087 83
834 2291 90
2726 321 89
1006 2462 76
88 4545 78
2396 665 98
2774 4732 6
3973 1301 37
4988 1849 20
4393 244 65
423 268 5
3405 2454 96
4547 1533 17
4435 2539 31
2062 3979 76
39 2728 94
1088 502 26
2893 827 27
481 2167 28
2300 1561 72
4717 3336 93
4221 3094 99
2368 2641 32
836 3428 24
1766 490 3
2242 1881 83
1087 2969 38
4664 2214 65
4543 4047 85
1270 2699 46
4594 3768 82
4538 2989 28
1936 1709 69
2220 2545 49
43 4312 91
3197 2906 72
4080 3993 93
1817 3657 59
1733 4552 6
3817 823 58
3814 1769 26
2148 2659 68
3575 4595 77
3996 3167 23
2844 3210 35
4887 2760 93
2458 3192 38
4351 1361 47
1161 3094 100
667 3264 75
576 3430 44
2901 578 3
4568 506 50
2945 4502 70
219 3698 32
1805 3585 92
1297 1044 36
1134 1747 97
980 4260 44
379 4927 60
1953 1855 90
1648 4757 69
4002 677 75
2304 4974 29
3773 193 27
4804 1998 13
4948 4647 9
3283 781 8
2980 3114 68
3475 4845 48
2234 3151 3
4423 4799 12
3543 154 90
3169 2458 64
2297 1231 10
124 1035 60
2888 983 8
3048 4267 41
1307 3599 55
2474 2074 53
1273 660 4
576 83 55
2339 4979 9
3428 3148 67
844 446 98
4805 1922 86
764 4810 21
1371 4210 40
464 517 39
2670 4343 65
4722 617 25
1277 2545 61
2632 4884 40
4140 4665 40
3107 509 86
4656 314 60
2241 2430 22
2162 154 32
4053 618 49
3192 3288 93
2108 4363 62
1685 640 7
2697 3272 91
3688 2413 56
2827 1872 17
3765 1528 83
1624 122 14
646 2284 68
3877 1337 86
3978 881 26
3422 4342 41
3483 1027 82
1089 3724 6
4931 2412 71
3439 1591 43
2455 356 24
4490 3333 46
2603 3979 82
870 4208 71
1107 3186 53
4632 1608 95
3873 1443 74
106 3884 50
963 3816 14
4234 3607 5
728 1062 14
3751 1904 47
3248 4507 26
29 377 86
4500 1484 73
4852 2469 33
898 2694 29
4323 4152 13
1472 115 29
2385 701 36
1241 1430 51
454 1533 55
4352 4782 15
2229 1163 92
4315 663 29
4587 1867 50
4171 4117 96
199 3440 48
112 1264 63
192 3649 17
3880 1243 99
4982 3049 32
2988 2402 66
502 4631 30
4746 3946 93
474 4885 61
1375 409 30
4970 1960 71
4069 3424 35
3283 3617 37
3199 3849 80
897 3831 81
129 1819 83
1846 3674 67
3375 3420 65
1920 246 3
2332 1621 12
1861 2943 72
1183 2012 97
418 295 66
1006 4847 15
2837 744 98
2717 2225 69
1352 4072 43
4618 3799 15
4534 719 61
4336 4403 34
4547 1265 29
3071 2448 41
19 4218 89
584 224 36
1350 3061 80
2299 779 58
1419 2131 30
2862 3101 81
428 2635 1
1889 3324 4
2674 4223 21
1403 2294 22
3495 3665 40
883 601 17
4470 3303 78
3802 602 9
359 2022 92
2340 1236 45
3120 1664 33
972 4905 57
1876 2580 80
1748 335 27
4069 3830 92
1961 4714 46
77 536 49
1254 4338 52
915 4697 26
2706 2037 14
3951 158 78
4183 1130 36
2739 4358 16
1870 2459 51
4648 2880 33
1092 4841 99
3137 4918 36
3485 2525 74
788 3440 24
1465 2498 13
3378 1449 23
3308 1984 6
3143 1075 64
1910 4298 75
1012 3946 56
3944 38 49
2943 4527 68
2478 3013 45
2703 153 37
2626 2971 35
939 1349 37
761 1009 73
3066 4152 49
1082 2414 47
2908 3426 45
1263 3723 84
2164 3018 11
2983 1848 76
1327 4551 82
815 3530 53
1449 821 54
1237 2934 64
3010 2353 68
2210 4787 83
708 2695 61
3152 311 84
1987 2475 2
350 458 2
1725 3137 54
958 3952 36
3162 401 57
1716 2991 43
2631 1001 96
2698 3211 83
1532 271 79
3793 3423 42
1128 411 17
1482 761 27
3683 3838 64
1788 4797 16
3423 4311 69
2231 2379 60
3974 10 61
4421 4061 24
3304 1945 95
1234 2090 71
4475 3219 82
1543 1053 95
4069 1088 33
4732 2877 82
4347 2652 94
715 1236 25
75 1562 88
1787 983 49
3063 4287 46
4609 1873 37
4579 1348 56
1312 4243 61
3806 3312 49
1491 3044 78
3972 3743 83
2117 4459 71
3994 886 33
881 4025 16
1829 3440 56
1074 3050 81
3762 3981 30
4669 1646 25
1629 452 38
1030 3295 82
3307 2268 78
941 737 37
4811 4731 75
243 612 100
3011 3793 41
1418 1220 43
1698 4982 76
4679 4652 22
1904 2633 27
2441 3663 22
2374 3323 42
1051 4264 80
539 428 63
2265 671 28
3017 34 21
2209 1452 93
4451 3151 28
2026 4182 80
2600 1086 65
3626 4879 29
2947 2254 52
889 4657 68
4568 197 96
682 3814 20
2409 1831 6
4282 4040 59
2374 3491 62
1801 1870 96
2232 4470 83
297 3096 62
3377 1043 68
4780 3284 26
1799 4204 75
2895 4887 89
2366 2296 21
3223 1578 13
533 305 5
994 3458 27
1990 691 49
424 2340 97
2385 717 92
2953 1849 77
4530 3648 81
1304 2895 68
1892 261 17
664 4837 47
3477 370 52
1133 1365 11
2011 4707 54
2359 1483 46
2155 220 15
4346 3173 64
1174 4055 12
855 359 8
422 3604 21
4990 4268 58
1137 2745 29
2588 230 46
3850 2241 5
2155 4600 40
2800 3107 60
1866 3806 86
1429 4980 41
993 835 1
2100 2610 5
1172 2600 25
82 89 23
4362 4030 53
1359 2880 95
4415 1388 47
3954 540 55
3713 2407 61
2998 3836 41
1339 4829 29
1391 3281 39
47 806 91
2971 888 81
4993 250 11
2246 2961 43
3092 2376 31
3538 2682 72
3444 1395 31
2156 746 67
849 3437 49
377 4828 30
3867 1227 88
4957 4198 76
1137 4192 78
1347 2790 39
2142 882 67
2972 772 49
695 4217 97
825 2725 95
1144 3574 32
2644 3951 12
2425 2818 39
3013 4128 89
4488 265 81
3918 2965 71
1308 1459 5
1075 783 78
4875 1479 47
1423 3656 24
3717 1152 99
4448 3796 2
2711 1222 73
2201 4235 1
890 3723 18
3770 3993 35
793 302 94
49 1377 78
78 2604 9
676 4028 17
4000 2745 70
2250 3546 66
4451 2609 88
2175 4811 23
4027 2053 99
2497 2175 92
3931 2968 94
3177 4370 23
3206 4448 80
1066 1477 60
2582 477 57
251 4079 3
3069 3530 65
756 2058 28
4031 1085 81
1029 3582 56
3372 3866 77
1018 3395 47
40 2953 47
4371 371 24
2730 2953 53
187 4557 32
2541 2626 15
2505 4734 25
3632 3765 10
3164 1146 45
3520 4519 63
3196 537 10
3594 1929 63
4792 1301 34
2468 383 39
1972 570 48
556 3112 74
4022 1969 61
4546 1954 26
2507 118 73
4051 4990 44
2165 4538 81
3674 4484 62
4488 4277 15
673 3097 99
4812 69 69
4859 625 33
3885 4647 55
2645 545 9
1522 3053 79
194 3456 70
4737 622 60
1169 648 45
4531 137 74
1897 810 71
3295 1974 40
1616 1834 18
3048 2071 65
2802 1068 11
862 2590 16
4041 4137 72
3562 226 94
3973 1396 95
2517 2279 32
3042 528 94
312 3824 69
2652 440 55
3321 4840 26
2285 3995 46
3147 4857 36
2062 250 25
786 164 52
3779 4138 100
125 3007 31
256 1050 59
2550 2714 83
1818 1718 75
624 39 16
1501 3677 11
3446 1824 20
2981 239 71
3006 1025 87
4609 1156 77
2608 1282 37
4238 2890 87
2748 440 53
3731 3610 72
1505 586 11
472 2087 88
3434 533 65
1254 4867 4
676 4225 81
262 3834 37
339 2794 71
4775 3384 62
1613 1132 54
1165 1215 17
3788 4073 3
99 4545 91
86 2980 76
4602 4234 43
3005 4910 20
137 1524 6
3426 3215 100
2996 4342 84
1809 955 69
1063 3473 84
1631 2261 57
1433 3712 55
4675 151 35
3451 4753 21
3445 4111 83
2665 4248 7
2070 2674 23
622 2023 65
1205 3832 73
4273 1247 98
4909 2878 11
3265 664 24
2519 1691 75
1105 1494 80
3925 4940 91
4359 3957 40
1318 2379 66
1492 3001 41
1008 559 74
1480 1184 73
3129 1093 4
2040 711 68
1015 4582 11
3789 688 6
2668 965 46
2011 325 55
602 2995 34
1867 4487 88
1508 495 47
1333 3328 83
3757 1457 29
4060 4849 40
1379 864 22
390 1005 62
895 3674 28
2692 685 5
3446 1287 52
1579 4506 39
418 2366 34
3464 51 14
399 3809 24
3427 4221 73
2166 601 38
1839 2343 95
2201 4590 69
4880 2282 6
4236 728 45
1587 3659 4
3425 4078 22
2110 3894 74
4124 4293 35
299 2720 56
4971 1238 9
1860 3078 4
4755 1631 94
2675 1511 76
2633 2099 4
229 3686 16
2332 3463 46
3154 1925 40
379 2401 86
1413 2700 6
3020 2672 45
229 884 75
1132 1991 6
1626 4667 69
4401 3652 68
4257 3881 6
4124 1214 21
3069 720 46
2260 1099 100
745 2512 100
3303 532 24
2099 2113 9
3973 4598 52
3830 1224 19
198 1977 71
17 2586 53
3522 3062 19
3194 2483 39
3439 4744 90
2438 489 54
490 3792 38
1213 2243 52
4173 1216 50
4125 46 26
95 1596 55
4718 1613 94
3222 1487 56
4292 4681 40
1082 4473 36
3971 3263 25
724 105 70
4361 2671 13
1464 1844 82
3165 2321 28
2442 3769 77
3697 4839 90
242 3061 30
3497 2353 63
588 3435 36
2423 3758 52
1100 834 57
4921 195 28
4633 3012 25
3266 1177 98
1946 3620 19
2222 3669 58
463 3911 19
192 2408 24
955 4349 11
2542 1772 69
2393 4224 3
3702 4145 51
1329 131 63
3505 3397 92
3003 1695 64
3973 3917 33
3431 4381 44
949 4573 5
3525 528 6
4535 4423 30
656 1816 55
1258 518 100
4760 3200 83
1274 3057 81
3966 2412 76
2981 1386 46
4314 4817 27
909 766 52
4913 643 33
970 179 56
3800 835 24
854 3445 43
3405 3206 95
1088 4480 52
3520 4798 65
2647 2780 51
692 3446 68
4470 4355 86
4174 621 30
4406 1591 61
413 391 48
3236 2597 93
2930 1003 51
824 3443 84
1776 1963 82
1492 962 14
1242 3007 12
2161 2477 68
3846 3003 41
2527 3761 32
1387 4174 76
2434 2411 25
3279 1693 28
2329 2518 23
2212 646 86
3246 2138 1
3411 4732 8
2023 1893 37
4990 2091 41
1282 971 2
4165 2358 29
2440 1145 92
4665 4424 85
4244 1753 55
2267 318 1
3604 3564 91
2256 3327 75
2563 350 20
3052 1692 12
1544 2974 35
2445 2140 93
225 932 90
416 1949 14
3653 1194 20
4407 4813 90
808 4769 6
2050 2026 33
4377 941 84
3596 3993 76
1259 537 3
4893 4335 43
2238 4560 27
727 1329 77
4993 4982 71
2364 4389 36
53 1549 5
2658 4952 83
3590 4329 25
1225 2925 18
553 537 8
2855 1782 43
3649 4020 55
375 4748 84
4051 1093 66
273 3457 8
1308 3510 57
3465 2520 9
2647 1110 38
4123 3688 16
4593 4241 5
600 3448 87
942 3449 8
2196 3824 8
1132 4228 1
3697 4501 58
2004 2162 20
3213 1979 40
3021 978 2
3511 1454 90
3278 1047 83
4934 1647 83
2020 2589 32
4479 1137 9
1686 2269 37
4986 967 90
3095 4323 4
4714 2536 35
205 1910 66
1807 1773 20
3448 1403 67
683 1337 14
1365 3357 3
1849 2837 92
1157 4523 62
1045 862 81
1786 309 4
4690 1376 93
2276 1581 55
841 4740 28
860 4541 31
1926 224 20
4639 2941 77
1293 4790 66
4085 2299 90
4146 3344 4
2878 131 65
933 1173 41
1525 3449 75
1731 4291 67
3710 151 8
2092 3430 84
1811 3069 26
4888 715 68
2153 1152 68
294 298 12
649 4528 95
2666 461 68
4706 3339 70
1032 70 13
2099 133 16
4058 2225 46
1242 4037 68
2719 277 83
3986 3782 35
2553 4077 85
817 1078 13
563 3744 26
131 4803 65
852 2187 88
864 4286 21
2379 4697 46
2325 939 35
3044 3658 12
3126 3996 95
712 1550 24
4948 3719 54
3712 4282 99
2937 4413 54
1854 1617 41
841 2481 80
1313 1213 77
4010 4890 68
745 2934 78
4108 1060 74
1254 3124 76
2477 3072 95
2483 1784 78
4881 4721 43
4786 2927 61
526 120 94
1905 1433 7
4333 1796 97
2700 3893 31
2429 3001 43
1155 4256 67
1430 3085 91
425 568 75
3702 1801 49
2744 1587 76
4756 3466 97
4250 371 82
1308 1057 78
1905 109 71
1787 2539 25
2730 3694 33
3148 124 18
1639 1901 39
3265 1955 92
4613 1052 32
241 808 98
989 1410 21
4522 2719 78
3500 976 88
2722 2763 79
4946 1845 73
2778 4994 49
48 1633 3
4238 1250 58
1581 864 10
512 2457 71
4261 3446 81
3382 4320 52
4911 2820 28
198 1895 92
4376 1841 37
3600 972 83
4301 2372 68
1903 1610 19
1460 4543 35
3422 56 92
1192 4317 90
1724 4051 10
4976 3963 83
555 513 78
3898 1242 71
4087 1194 95
4269 495 67
2437 2398 29
1855 211 73
4841 4985 81
3932 2529 50
4173 4253 54
2382 581 17
1116 1137 82
1745 1387 24
4216 474 19
4010 4744 66
2529 3533 17
4009 1740 28
33 1581 65
1113 513 94
4215 1038 99
1368 4772 33
3836 889 22
1817 2634 9
2393 3202 84
4163 3565 28
1428 1094 61
2444 1455 1
23 1489 34
3939 2602 99
4032 3169 37
1083 4537 9
3715 3373 50
188 1543 85
1696 288 87
3679 4451 4
1758 879 98
3370 4676 54
1722 1051 43
1655 4991 97
3453 375 19
1289 1458 8
250 1525 82
99 3065 77
3935 4762 65
974 4793 68
1577 1552 47
4627 1274 75
2780 2997 27
3774 1004 70
3722 810 45
3192 3451 56
2200 3701 33
933 153 99
1209 4088 13
3125 62 6
4492 2992 10
3090 2619 85
2717 1751 34
2043 1877 90
4064 1951 100
1460 144 52
1667 2344 5
3400 3277 58
4550 838 47
462 315 61
2519 4807 5
1129 4249 24
2365 1966 27
1598 361 4
3187 4425 56
587 886 52
2790 3905 96
3694 2305 25
4752 3207 15
1250 21 30
4162 2541 89
67 22 38
4942 2387 5
1569 337 66
72 3524 44
1879 463 82
3830 4605 87
4477 3300 45
3401 4404 52
4515 2006 26
2296 1168 67
4884 2587 89
1722 2530 28
526 451 65
1043 523 41
986 3755 57
3167 2585 62
4254 2063 14
3998 1816 70
3301 1332 76
2626 4980 97
844 4865 84
4084 2939 66
4711 4817 17
2027 860 93
2868 1847 48
1876 1366 33
489 1972 48
2403 970 65
1424 624 49
1100 3250 29
3296 447 46
3079 4531 85
1745 4243 2
2213 2622 63
3205 1842 62
2952 3718 80
1637 4208 53
3736 2963 75
1300 4387 99
2900 1839 2
4481 135 49
926 4567 80
311 1312 75
864 4877 98
2278 3083 92
1891 1035 11
2871 4024 71
2175 2761 34
2449 413 73
4700 3314 13
1553 2795 48
2501 3721 15
4332 384 79
1759 2601 57
1808 4879 92
3699 1771 79
661 4642 4
1831 1817 17
2316 618 30
2189 318 44
253 3223 91
2100 724 13
4867 1409 49
297 4520 50
605 2680 30
3996 1379 53
4775 3393 47
930 224 16
4846 2541 34
4175 1082 5
3171 1335 28
4961 3435 5
1825 4654 66
4074 1304 38
275 1909 18
1356 2258 49
4208 2033 42
3054 4315 67
69 513 60
4055 1040 42
3359 4211 77
2238 525 64
3194 2350 71
559 2776 75
3796 3052 84
1065 4408 94
4714 4969 79
3107 3023 94
373 4445 7
2884 3500 48
125 3211 11
53 449 36
4769 3644 39
4139 555 15
4813 704 19
3748 1769 80
4942 2835 1
4520 943 24
4766 2668 21
524 553 21
2323 2030 32
3334 3436 34
1221 3205 30
1459 2344 85
826 3509 41
4596 3609 11
4127 4903 98
3627 776 41
2503 542 10
823 2418 15
2644 4742 45
4027 3076 81
860 4297 86
2689 2109 82
1426 2935 91
866 3883 53
3428 3011 56
3826 1638 32
1518 493 26
527 1317 45
1441 313 87
738 4340 63
3470 201 12
4408 4242 73
2689 668 60
832 2887 44
2584 1315 7
591 1493 45
3023 3012 91
2348 4891 8
444 2685 21
1930 4775 61
2844 3245 14
4408 2653 9
3080 343 29
1040 2527 16
4235 1463 84
441 2054 29
4637 77 41
4327 3778 85
334 574 70
3006 2505 45
19 1701 42
2232 1109 96
40 542 91
4869 2934 18
3936 2169 33
671 3962 87
3900 3599 17
1492 4279 47
3976 965 21
497 3972 78
1793 3991 80
1335 2575 41
4882 3968 35
3772 189 69
1541 4125 90
773 4797 4
3411 49 4
1127 1541 83
3973 1870 48
3746 3719 72
1023 513 15
1354 3200 91
4147 4434 59
3833 4558 48
102 1099 25
1243 3224 74
1347 1635 75
1402 4115 17
736 4440 39
1035 3186 58
307 562 23
4921 3268 75
3463 2415 9
4621 1249 67
2320 2703 18
497 298 42
3470 1645 30
2845 4399 45
113 135 37
603 1171 24
3460 2830 86
4535 4103 54
161 2567 22
3870 3540 23
3488 861 26
558 1358 24
851 1180 22
2780 377 73
176 1842 61
2013 2445 32
3388 2258 14
325 3145 17
530 3306 36
3151 3528 77
3373 2017 90
2650 2575 100
2226 3426 80
4799 2559 10
3123 4087 52
1583 2452 50
2566 840 8
1379 1165 53
648 1696 11
3835 1199 40
4211 925 9
1800 4927 36
3451 3505 14
1283 3304 73
4492 1428 13
895 3011 65
4744 578 6
2203 3309 23
2807 309 71
1718 4145 23
509 3356 48
1317 1509 27
1052 4960 33
565 1243 37
3990 2087 17
1502 4335 81
1466 431 11
3623 2635 20
1946 1794 30
3316 4864 75
2238 373 83
3437 1690 44
4564 4094 57
548 4660 52
3484 3650 40
553 1504 75
1985 2970 58
3995 1594 93
666 4892 40
1295 4560 4
2421 3151 30
3256 2940 72
1951 3856 67
607 4404 79
1859 4241 81
1550 4794 85
576 1779 7
33 2126 53
3478 2792 45
3717 440 58
172 4213 61
3353 2469 1
3225 4421 58
3543 1380 62
4873 3239 3
4853 1141 49
2689 1717 80
3495 3103 6
2248 1581 99
2244 1650 91
1801 3174 4
861 1528 74
4214 1105 47
71 1000 27
1684 873 67
1187 726 60
3187 4767 78
1967 3262 81
4224 1862 14
4274 4107 64
4764 2260 38
4468 4474 18
2993 3688 23
939 3759 23
265 1795 48
4183 2982 26
595 2522 93
2372 841 56
3604 65 18
1417 692 77
2232 456 38
1221 1276 12
1739 4269 100
4713 1560 11
3688 3178 6
3535 3713 41
461 4308 15
2153 1680 56
3460 1636 21
1630 4405 13
3906 1637 22
3443 4211 98
3806 2302 20
2857 2015 80
2019 2055 58
1625 1943 72
1917 2404 80
4731 909 13
4738 722 1
3458 2352 7
4223 1258 96
1796 1054 7
645 4860 9
3764 4070 77
3444 1089 32
2653 4066 27
4224 983 31
1456 2066 93
1720 1804 15
3620 1615 67
4926 2190 77
4222 3986 83
4080 983 44
4889 4748 66
417 4544 55
3000 2197 22
2527 2774 57
809 582 76
1 2302 80
1267 2274 47
4885 2201 37
4762 2775 75
2044 1855 11
539 3096 59
3104 3513 55
3111 2866 4
832 393 78
2240 2554 12
715 3908 66
2347 175 41
593 61 94
2382 1175 69
4508 4571 76
2618 111 25
1828 4567 90
582 2678 56
2886 4862 1
4315 2103 56
1327 2818 64
3344 1517 91
1284 2111 52
4129 845 79
3397 353 51
2225 2972 14
4149 4800 33
938 383 64
594 4621 26
3346 3936 81
2301 263 52
1516 4960 69
907 1244 80
1710 374 77
3689 123 31
1591 2348 55
956 2849 55
4888 3788 90
2851 734 63
2029 4080 100
3309 2734 15
3760 602 75
729 2861 72
1160 924 46
2437 965 21
419 2556 22
1373 3512 71
3479 4752 11
2321 2604 97
783 4633 30
3182 4294 16
3549 3055 18
2523 136 32
4094 2648 56
2391 1437 21
812 3208 29
2933 4581 93
4255 4413 45
718 1734 1
2914 3869 86
543 2052 81
2258 601 88
928 4476 76
2459 3571 76
1266 962 14
4686 3126 22
3366 1059 56
558 1667 69
3854 2385 55
4755 299 24
2992 2195 28
524 4453 81
2463 1733 58
4538 544 29
1966 1810 43
4479 2848 70
1552 1214 81
4559 1772 100
1979 4684 34
1734 1336 58
1078 3531 37
1603 4336 18
4066 1070 75
4957 1614 55
1923 4777 97
2754 2625 18
658 3840 99
218 1964 50
2197 3943 35
4683 2029 71
3840 3108 54
776 1063 90
2445 1481 12
619 1438 79
1573 4713 56
2622 2467 33
1891 3126 73
441 4696 90
1291 1893 85
1825 1576 15
47 1768 75
3152 3897 90
4241 1342 71
4105 3314 62
1935 1239 75
4542 213 43
4774 2105 21
3847 2546 17
2588 3837 62
272 2014 91
1338 3413 59
512 1565 8
2101 2159 3
1524 2616 69
2385 4551 8
2959 4093 74
2353 3867 79
4873 4066 77
3441 1654 67
3903 3279 33
2293 4617 47
3803 130 12
563 3583 23
17 107 39
2785 2492 90
1792 1804 83
3717 4157 3
1395 383 21
4324 3824 76
1090 4079 7
1222 2724 24
1120 1528 6
1232 3443 90
1206 3460 49
2445 1245 94
4586 4389 98
4469 3107 7
923 854 90
1443 178 67
4970 2620 46
1776 3843 71
3200 4963 51
1105 2547 94
3946 106 6
3247 2551 3
40 2137 44
3637 2958 51
4095 3881 58
3585 1677 88
3251 1647 9
3348 4776 52
4818 4328 67
520 433 67
4665 732 73
2270 3979 24
2472 4019 13
3416 4008 72
3818 4455 5
1427 3040 34
4215 2643 82
4623 992 10
226 2162 38
2144 2683 23
1610 2348 55
1182 971 86
4657 3443 57
1622 3211 17
1545 3382 73
349 1161 65
3535 376 9
3368 4999 53
2977 1577 15
1914 3722 98
2636 332 99
443 2867 70
3580 3876 65
737 498 29
4605 2043 11
1577 3745 72
2942 2280 1
3302 2000 52
4654 4977 30
4520 3243 4
2070 2231 88
1968 2674 55
4189 2607 84
4853 3344 82
81 4301 78
43 2231 75
1167 173 7
2667 4827 7
1870 833 36
1299 353 79
2154 2423 10
3342 743 37
3748 4932 44
3031 4786 40
4165 1219 41
3694 1263 72
1968 3782 97
3874 2801 76
4132 4671 9
4367 2323 63
2845 4477 38
4906 2819 34
4642 1568 66
1985 951 4
376 116 24
1717 3810 39
1640 2130 73
1737 2356 74
3012 1488 45
1473 2207 68
287 1404 46
1524 1311 65
4857 953 85
4475 4291 37
3878 1019 53
853 2736 16
443 4377 98
3815 2466 55
4988 1830 95
2185 3303 3
352 3590 7
4349 1467 70
1166 1324 76
4550 2151 67
3886 1030 86
4691 3235 75
658 3679 4
107 3846 70
561 3835 52
208 1020 56
710 2724 46
3968 3426 13
3538 4592 90
413 4142 93
2931 4381 75
1468 424 11
4094 2434 42
1097 2541 88
1918 4455 23
4570 4663 95
525 1725 72
1422 2045 98
3787 583 90
3828 2348 84
1020 1631 17
595 3100 93
4757 3546 27
2598 4644 21
4285 2914 28
1160 2484 43
406 4361 68
2377 2136 65
4126 923 1
467 1103 49
951 2123 81
3519 4070 33
1512 3827 31
3290 1425 75
3962 2063 42
4089 3223 26
1583 3629 40
4450 2359 76
2067 2837 51
267 3305 6
815 4256 29
4347 4127 100
2331 639 79
3862 282 5
1388 4244 20
1829 4686 43
1107 1269 24
1098 2072 35
3225 4139 73
1275 4406 78
1780 1573 86
760 2273 13
3811 956 5
690 1170 87
346 2559 83
2065 740 21
3359 1847 91
4634 2945 15
3269 1170 54
1093 3797 12
2222 1929 37
2607 4042 10
3471 2853 19
4975 4895 89
3113 1593 100
1848 10 41
268 3369 40
1310 4356 38
4424 3977 8
3029 70 58
2392 2292 39
3329 1251 81
2890 4722 87
4760 1050 34
1449 515 28
2048 2363 90
4740 3984 12
4280 294 68
3117 1071 45
4476 452 67
985 2845 11
4424 2526 62
3256 416 84
4942 1529 86
4228 2978 2
107 1378 17
996 1119 1
1607 1751 96
2926 4868 19
3222 696 71
3588 1682 16
2598 1106 42
2859 714 11
4195 657 92
1580 4885 70
833 4992 48
2450 2340 19
3050 3948 70
297 3226 90
4967 1449 39
3738 37 21
1705 3988 79
2199 3199 93
4461 2394 2
3252 327 87
21 2512 31
4520 4962 72
1491 4365 72
3860 1014 98
3802 982 47
4440 4720 37
3112 1425 25
2890 3624 24
4734 3085 71
2236 1337 50
974 2710 62
1057 3583 77
3480 74 94
4851 286 8
800 4088 90
3199 4880 62
635 2992 40
3411 882 16
4386 1969 54
4108 4205 43
4157 1531 54
3071 2588 37
1947 2420 63
1540 2271 49
3499 4424 38
1441 2623 18
4102 3258 63
4541 3021 45
4957 2407 66
4810 1516 23
2352 2025 55
3957 96 95
4145 3395 16
4407 1287 39
4956 4787 63
945 1228 86
1814 1682 96
676 1224 69
1773 2533 29
4838 3695 45
3461 2399 22
4967 2709 19
4061 1854 66
1928 2614 54
2067 3922 41
2981 4867 21
1519 3033 3
4666 62 79
835 1835 64
763 3025 59
3559 2838 11
3380 2805 20
4650 3219 26
4316 1499 40
269 4918 62
2361 4252 81
2033 771 67
2035 437 29
966 2624 16
2429 4739 93
3940 3298 32
2850 3031 89
4469 4033 60
646 4701 12
4438 4970 30
799 3683 82
4732 2068 5
3050 4104 95
1430 1422 19
1645 3851 11
2589 2791 61
1372 641 44
2961 1462 78
472 3461 79
4483 2899 2
4765 50 37
4298 1134 6
4603 4184 62
3049 614 84
4119 3611 35
4929 2553 79
390 3925 72
233 1886 35
462 3711 48
4041 4546 47
3942 4311 97
230 4962 32
2235 917 68
4696 3966 35
3579 3085 98
2666 3015 51
4544 4757 77
3415 4990 15
101 453 78
248 846 25
3294 1140 88
2743 1370 50
3326 3606 67
3093 4654 33
1179 4586 19
2877 2252 86
3479 1796 43
3007 1563 85
4422 1665 90
2251 3265 36
3275 2912 28
4963 655 99
2964 333 57
531 4778 63
3415 958 49
3033 187 1
3370 18 49
3464 3026 13
3549 3800 30
1790 1051 95
4526 4327 7
1105 642 14
4055 3606 99
611 489 78
4526 3905 88
1674 3290 75
1075 1661 93
4975 125 71
4087 26 71
2568 1817 23
2963 2695 2
2621 3800 96
4287 2856 2
1285 4819 92
4414 4345 49
3501 1020 39
4127 3447 100
3420 3422 78
2090 3862 56
913 2782 73
4435 2097 20
4988 1071 73
1183 358 81
984 2995 100
2627 2410 98
3175 911 70
3366 39 17
217 4811 91
2194 3253 5
1902 4166 88
3426 4953 37
2646 4941 8
2018 1124 18
1950 3461 14
349 2440 76
4446 616 39
2267 3982 30
2183 4199 93
3226 2746 47
4482 1000 65
3521 4426 71
4658 3424 12
3217 1794 89
2135 3744 50
4048 4094 90
1075 4892 58
4013 2160 92
4695 695 44
187 273 42
285 4756 42
4550 4629 68
1472 4287 45
3335 2505 39
1323 992 84
4124 1392 78
4366 2467 22
223 2832 34
2767 2527 30
4510 2715 55
351 3000 11
3544 3902 93
1163 374 32
2207 3710 37
46 1385 81
1629 510 73
3658 4876 40
1931 1451 73
2365 4218 52
4846 3728 67
2600 431 20
1463 327 22
4955 1491 49
4086 50 11
2075 96 96
1055 3077 6
2780 1735 34
619 19 86
2643 2384 56
2195 3582 37
813 2534 68
2432 349 48
4306 1656 39
2906 2095 89
216 4170 38
263 1577 15
821 709 3
1254 1329 74
4491 324 10
1947 3871 92
4483 1037 26
3802 4821 28
3449 479 84
939 3385 79
3480 4953 1
1117 217 31
3183 1038 40
3337 3644 21
3510 3136 46
2419 83 69
1262 918 6
2640 4720 80
4367 4522 59
2750 461 97
3229 3941 50
4229 1410 67
3159 946 57
2799 4283 2
119 4146 38
4116 1565 73
3337 4180 43
3594 1820 63
3673 1187 37
4232 289 99
880 3518 92
1129 4100 3
2948 3611 49
804 2762 84
2305 4234 30
3294 3350 48
718 3039 28
4060 1634 100
3475 307 39
2411 891 28
3161 1771 99
2853 4253 51
307 2201 62
3707 3005 25
1390 1663 11
3220 1309 13
4319 3380 53
3246 2440 87
1697 2267 46
1335 1031 38
1262 4192 61
2412 2045 66
2662 3704 67
1524 2411 25
4500 3802 40
1710 3374 49
4974 2693 29
4926 2291 22
1512 3988 41
1110 1675 72
1599 2937 65
3859 1702 62
1725 4364 67
3143 2240 78
3919 1740 32
1358 4802 6
1459 4777 99
4939 1055 42
2212 3920 82
1753 30 57
2324 1629 47
2088 1840 49
250 4917 13
3468 4413 6
2745 3332 98
2177 4691 1
1334 2502 30
3185 2441 37
2326 4654 57
1808 1407 87
4316 3731 68
4762 2172 61
3262 3774 78
1127 2242 91
1232 1339 24
4429 4868 67
3781 1203 69
4262 4388 62
799 3066 16
2607 1226 75
4446 543 59
2913 1657 31
4573 4920 5
2503 2399 47
4845 3631 38
520 3060 7
886 1842 10
106 2456 50
1768 3255 68
4435 863 95
3510 309 90
2668 4574 99
350 500 71
454 3003 70
4152 2848 1
4189 3369 14
447 607 8
2908 714 64
1109 3834 72
2377 3269 35
1223 3131 96
612 2151 70
3010 2501 22
3033 4307 25
4102 3459 26
155 4001 95
4268 800 54
1575 3709 20
1338 4818 54
709 3547 76
2295 4770 7
542 382 59
3364 4745 12
1685 2778 20
3010 3232 79
4887 3387 32
133 2655 33
986 582 94
3906 1921 64
2011 3982 12
3386 2630 82
4245 3172 65
903 1536 62
1414 4574 92
1233 3936 24
864 3823 64
847 3956 19
1631 4942 2
1124 200 75
1788 2212 9
999 598 39
4980 4843 64
696 2098 100
2509 4865 26
3452 2450 62
2628 4666 85
191 514 41
1761 2145 36
2562 4622 36
2988 2762 100
2397 3761 99
787 93 94
2350 2142 45
1802 1003 62
827 4456 12
3789 2084 79
1925 2275 45
2666 4036 90
1053 2951 64
3288 2291 26
440 1040 39
1838 1828 85
783 4178 27
3179 980 82
440 3160 38
1504 1949 22
882 3874 49
2126 2892 38
1867 3945 89
2583 3586 32
4708 4026 73
3299 2216 1
1983 4351 31
4161 3883 64
2342 4323 24
4980 2179 25
1053 3061 51
4402 1539 96
3139 4759 93
1179 2342 31
1510 3402 9
2882 1701 77
2434 3684 29
2517 2845 64
4932 188 39
4155 168 19
3031 2573 32
2133 1975 72
4128 1466 31
2773 2645 25
3 508 27
2612 4742 29
3788 2177 65
668 1046 11
2783 978 51
4222 1485 19
2840 868 92
871 3001 20
1794 3482 86
2476 1255 32
500 1258 92
3279 222 34
1407 363 63
923 2383 9
1933 167 87
4483 4389 24
3553 3581 92
197 4452 46
168 1247 28
253 3723 83
4336 576 93
3927 3855 68
3261 1614 31
1123 2537 66
1384 823 33
2622 306 22
346 212 3
289 1761 8
3234 1929 7
4661 2182 82
3695 2871 58
340 3150 65
2207 2763 31
789 239 69
1754 1623 92
4239 4245 50
4760 943 14
215 1233 75
1474 4467 56
3980 481 91
1561 528 62
1071 868 12
787 4427 76
2118 1568 67
986 4675 90
2029 3914 87
4730 26 83
3996 241 68
3670 3067 87
2978 2047 68
4468 4961 97
3829 2384 17
2692 3171 45
4319 289 13
1185 2627 88
1026 1008 2
1465 739 81
2847 4735 22
1814 4757 42
1600 2735 41
3220 2203 2
4016 2384 38
2032 1429 10
828 748 51
1193 3286 79
1232 664 39
186 2129 30
4166 4976 17
4739 1790 75
3380 4743 62
421 2963 18
3774 3331 54
4512 1715 83
4773 2544 84
323 89 22
4853 1321 86
392 1507 16
3021 673 44
1738 413 87
1564 145 30
477 566 45
2946 4341 76
2800 205 91
434 4978 87
169 301 76
4542 1507 98
3228 1899 5
395 1272 31
2538 4362 44
4176 2278 89
4205 4108 8
3549 2054 49
2576 1206 54
1967 2993 84
1605 3162 85
4981 2705 92
1030 2285 43
2234 2680 68
1816 1570 82
459 747 61
600 1304 69
2659 1206 75
4059 3782 34
664 2101 27
2247 3707 41
483 40 98
3875 1070 83
1869 4656 15
2488 1473 38
2470 3284 85
1082 236 41
3802 2895 47
3576 1954 82
909 2618 35
2587 1217 42
2428 1701 34
1325 1928 4
3860 3797 13
4074 1286 86
2211 108 22
2447 1190 59
3988 4992 54
1734 4920 61
967 2182 31
2302 4769 49
3695 3549 50
129 4875 78
3984 87 27
3848 4161 65
3833 2725 73
3455 172 15
3313 4160 59
2418 2247 80
3478 4566 14
4861 1868 83
1109 564 85
410 2045 12
1639 2381 99
1665 1230 60
682 63 37
4806 4870 10
121 4535 22
3131 3306 21
4710 3136 88
1175 2997 56
2410 4106 72
2194 868 17
3205 2507 99
4303 4173 81
914 1207 96
1603 1013 67
1112 2486 54
2485 618 60
1106 1680 97
645 2856 94
700 266 53
4024 3812 21
3040 3369 81
790 4024 6
1122 4938 13
1518 2893 26
1784 357 65
2937 2843 83
2397 301 63
1345 946 71
1938 2998 89
4342 2022 1
2615 1415 70
3395 3557 94
4700 4680 85
3564 1198 78
2089 2982 36
4453 2271 31
3787 1020 32
4802 2365 30
3672 656 28
4161 4998 51
4813 2613 66
2483 1008 23
528 2060 3
4864 624 1
742 4066 35
3329 4871 7
111 3659 27
842 3461 45
3871 3485 1
4898 3998 99
4300 3812 65
3765 2647 25
3140 3175 86
842 3040 62
1095 134 28
4329 4815 52
1187 4926 63
4066 768 24
4310 991 61
210 2241 60
2460 1542 72
2324 1659 19
4549 4799 46
186 1994 38
1447 3089 72
3127 2418 87
4678 4958 65
2592 4024 85
2615 3334 76
3827 3544 70
2686 1004 12
1709 4681 23
3379 4230 23
3225 768 17
2462 2215 6
3186 1694 76
3724 2724 34
4189 316 58
1773 4283 92
1701 3111 88
3870 2149 45
3933 3859 26
655 2238 8
3529 463 76
2045 4278 43
2 3816 90
378 3892 66
2063 4433 83
2773 2559 18
1816 4260 81
4404 4482 31
700 4767 90
1677 422 28
3236 3952 44
563 2349 74
1457 2352 42
4046 4082 34
712 2497 20
4046 270 79
3015 2087 39
96 2843 73
4326 4895 40
3767 1572 14
446 1160 18
3941 1723 20
3066 3180 24
1007 2227 58
4193 4291 55
1812 4689 78
1990 2704 65
2780 4152 60
4404 4830 55
4443 3597 79
2608 396 39
1078 4337 62
1897 2404 94
1420 4763 73
1377 3956 64
183 768 5
4260 4110 62
424 3242 14
2135 2646 97
2389 3441 46
1919 1050 42
1257 2128 80
3670 377 36
4264 3149 99
3436 4526 56
3252 4709 76
4108 322 39
2669 2098 81
1735 4234 28
631 2975 69
4476 4895 71
3718 2504 51
3649 2527 80
984 1791 29
4434 1579 55
1841 1183 17
17 292 39
7 2961 89
1887 4696 23
2766 1679 99
2087 1156 46
3809 1226 50
2660 4875 29
4591 2211 72
3320 1645 52
1574 3487 87
2242 4856 79
3232 4863 93
1321 3102 41
4995 2221 21
1645 4308 29
3190 3117 55
3592 2129 82
1520 1721 93
2592 1393 38
1595 2967 77
1781 1562 33
3612 1146 96
3404 3819 51
596 3815 72
4468 460 80
4496 3 49
2102 4947 31
4583 2819 4
627 411 97
3317 3358 16
4493 1492 30
526 1456 77
2773 1212 96
3123 1808 63
2046 1277 24
3925 2125 79
1626 4228 26
2808 163 45
2063 2143 9
2711 460 19
2678 1305 11
4208 3183 67
3236 957 31
4731 432 40
2746 2479 69
4869 2756 94
4699 734 74
3124 4894 90
4368 1957 33
3728 4668 45
1447 3699 2
2009 2907 86
4028 1143 95
2258 2226 27
3649 1324 58
1317 1193 67
2463 2244 1
4188 368 48
1077 1089 5
1461 4817 26
3657 1264 25
2159 4626 84
3844 3654 79
4190 912 57
3616 4562 82
3226 2231 27
1944 4694 72
1396 235 40
743 2664 81
2048 478 99
725 4135 15
1749 2646 41
3384 2842 47
1162 2032 12
2518 2001 74
1551 227 57
1778 2171 4
4249 3567 39
3440 663 3
3721 2711 81
171 4788 69
4237 2889 15
1578 1273 58
276 2435 42
4887 1305 43
4060 2857 22
3169 987 93
1972 1588 13
2362 28 76
4064 101 39
2597 1624 27
265 862 16
1931 3792 41
1440 4068 28
2982 3956 33
1524 4368 42
1646 2537 81
290 861 69
3854 3223 50
3081 2288 51
1371 1237 28
4449 2854 90
416 4785 82
2656 2578 50
3683 560 6
2368 3436 75
261 1434 64
4142 3077 26
4610 3283 49
1459 2717 89
4762 4088 26
4689 4890 32
1830 306 18
1411 4315 48
60 4350 60
4018 3070 96
2344 3332 83
3207 3826 12
1284 3436 95
1233 1248 64
1173 2362 5
2351 3403 95
1382 233 53
1551 1644 68
4298 3056 71
3957 3426 41
3405 770 25
639 330 51
950 1614 40
896 4199 88
4912 373 2
3016 2724 5
1010 458 90
2014 2010 34
2334 2660 42
2004 2970 69
1096 1375 91
4873 3366 21
1123 668 88
3514 1564 87
801 2828 60
3154 844 36
2558 1854 47
3547 221 9
2532 2555 69
926 4559 39
2746 2007 66
336 1880 32
4609 4356 100
496 2870 17
582 24 45
2394 3178 90
3281 2089 96
4627 1988 69
4335 873 24
3056 1799 35
4746 897 43
2812 1233 75
595 2194 31
4047 2690 2
415 4625 26
3259 2019 56
3300 1652 45
1548 2632 34
1368 1967 59
2392 1375 10
4326 1122 7
4620 286 92
1795 2233 87
3325 1280 29
2726 1695 54
3503 1307 25
2459 959 78
3503 3859 10
2888 228 29
3146 2620 5
1555 3298 79
2213 2919 65
4105 4714 50
4543 3039 31
2671 2118 78
425 621 85
2901 4432 97
678 4288 56
2439 3528 36
1168 3027 56
2624 934 7
1554 3148 26
770 2253 40
2219 1796 31
4949 819 49
727 2596 23
4163 498 7
3559 2528 95
3167 4968 24
3002 2488 51
1810 1464 37
3916 3018 85
293 3788 90
32 2359 38
514 2309 58
3115 4388 54
1337 4903 52
1695 4815 81
4990 4334 1
3165 2336 89
4367 498 5
1503 766 23
3140 1059 63
2029 2443 22
4067 2958 83
1924 1073 23
3729 3762 27
4681 457 94
4513 1799 28
665 1316 16
4305 683 15
4409 3539 33
2531 1679 93
2145 60 36
2766 4127 94
3401 2403 67
3423 1133 81
4701 2166 39
794 3031 38
2573 3696 7
1689 4353 90
2655 3762 81
4387 2645 12
3531 4790 25
3767 3908 52
3312 2309 8
3931 733 41
3311 1786 59
4501 2581 90
1139 1506 38
445 4547 91
1786 2202 53
3019 2942 50
2282 2825 40
1606 2944 48
1410 1257 10
3617 1540 43
3309 4851 81
167 4353 62
1408 1844 21
2697 3641 68
1987 1779 23
1391 1150 17
3440 3433 42
1631 1391 39
3730 2801 96
3139 2770 88
4633 1079 91
2914 2598 96
127 358 40
3847 3055 33
3467 1394 13
289 2785 15
1405 2577 48
1698 560 40
4936 4291 93
783 3782 64
4522 3416 95
3113 1330 94
2408 2809 4
4900 1657 60
1032 1476 54
296 1765 92
711 4522 21
910 2572 82
2501 3861 25
1894 4644 7
409 519 23
3 3632 5
3548 1040 15
2452 2292 24
763 4677 100
4116 4973 17
2959 2036 91
4380 4299 63
2713 1800 24
337 3694 21
1743 4103 40
2918 459 72
1774 4007 64
3440 2811 9
1763 3574 86
2914 4043 11
2182 2002 48
972 2734 47
2335 447 47
3910 784 94
130 3880 49
3221 1798 60
3592 4924 20
2708 3365 31
4116 1480 58
1553 747 53
3963 2929 7
3410 3902 42
3508 2589 41
407 1499 78
2352 2982 58
3400 1203 8
2612 1148 32
831 208 49
3213 4324 30
4170 877 77
1874 4840 6
1581 4603 60
374 4463 1
4614 4870 1
991 2222 83
2600 1975 38
2359 4587 86
2043 1770 94
91 4983 70
4620 4154 99
1248 1028 92
806 3961 95
4265 4335 10
1666 302 81
1918 2645 55
152 246 82
4589 3957 21
1527 1000 91
2320 1092 75
142 2064 81
3840 3313 61
3731 4119 23
4577 4736 58
4887 2754 12
1419 4672 58
1525 4824 4
3607 766 13
1627 2293 14
1418 965 58
1192 1107 74
1472 4948 39
4132 31 10
2106 961 47
4416 2200 1
2027 4971 26
2284 1496 50
4139 103 68
4952 3083 61
3117 4501 27
3726 2045 34
1399 4869 34
3738 353 18
2899 2460 31
445 1876 31
2098 255 54
4775 2540 50
2276 3031 6
544 2983 89
1104 2452 90
3982 1178 35
1616 2578 4
1901 2668 9
3570 567 69
1200 2365 97
2382 815 53
3535 590 45
1185 2866 76
290 4762 12
3830 867 64
519 4849 43
605 2817 73
560 1071 41
868 4641 8
4989 2194 25
985 4576 40
3589 4464 30
3733 649 49
1909 2291 11
4420 2473 30
735 2992 32
1877 3597 49
3301 509 72
1041 1377 14
701 1366 8
2725 3704 36
1917 2293 100
1698 1027 1
4346 4288 44
3109 60 17
2738 795 9
4921 4025 58
3570 2326 19
4641 4720 49
1706 421 15
965 4498 71
4801 1415 65
4452 3114 44
4753 3812 32
3696 3273 92
1465 2364 87
2225 2285 64
1583 2207 91
4153 3201 11
3101 4907 84
4768 2225 82
138 2026 50
4154 1478 16
4197 2583 80
3528 2632 54
4271 4097 70
810 1322 55
1373 4257 15
4263 3411 16
3225 1512 75
2608 1280 100
2842 2771 26
4491 1925 57
1958 1123 40
3237 1003 24
4142 275 21
3763 2437 44
4318 3810 1
3432 3074 12
2099 1299 77
673 260 9
1473 3102 32
650 3945 58
2658 2255 33
2250 1844 88
4473 987 15
794 4750 52
3437 420 63
1689 204 89
3353 2303 40
1529 4329 100
3689 802 54
3621 1452 51
478 4111 6
1162 2713 51
4201 2186 90
2516 2980 92
4619 1417 65
4181 4459 69
4521 2812 25
1161 4341 54
4412 3030 8
766 3003 12
3768 4833 75
4026 995 88
1128 1549 75
4217 4065 55
4760 3684 25
724 4218 84
3245 3739 96
3069 4900 89
3574 4313 71
4881 1431 27
3992 1551 60
3567 577 8
2206 1705 57
1680 2274 74
487 2035 58
2063 2759 76
1746 2356 68
593 425 68
133 351 33
4055 232 16
981 577 20
2741 496 97
1848 2702 55
3856 735 29
4929 1222 16
1038 3285 28
14 1383 84
433 3328 62
752 4813 13
385 3868 46
4152 4850 75
4471 3943 23
1720 2143 25
674 999 12
1902 2280 86
2870 3318 71
1597 4684 6
2680 117 86
541 870 99
3754 1255 68
3551 1759 70
277 1231 13
2499 2951 8
3775 4977 59
787 1879 39
372 1101 57
4595 2698 42
1552 379 59
1838 2272 29
1936 2378 36
2255 2281 48
2424 2558 79
2888 1409 82
495 185 59
453 2324 90
4043 4048 92
4600 3643 90
4841 1548 21
1551 3386 46
4132 322 24
2967 2578 6
4914 1354 16
4444 4243 26
3277 1090 63
735 2896 87
2777 1939 35
920 1539 31
1761 2732 79
4334 4284 17
4179 3416 39
2754 2735 69
3611 4002 76
2027 3446 19
3204 1724 61
4566 3811 57
3252 2940 97
2338 3860 88
1420 622 21
2050 4956 57
1066 487 73
1757 3241 8
25 1853 62
1000 232 9
2570 3436 85
231 3002 48
2139 2606 89
4635 4944 1
23 2717 75
4495 4767 31
3251 834 70
423 2591 12
1682 3968 65
1944 1321 97
2004 243 85
140 474 87
2087 3966 45
3327 3601 89
3428 4976 58
1854 4471 26
3885 2722 60
2754 4497 3
1217 2532 71
1533 828 92
2081 4184 88
1065 4324 62
3051 2763 80
3995 1091 82
1236 871 10
2545 2725 82
2270 2962 56
4181 2069 6
3683 3286 38
2154 1172 18
3297 3253 2
1036 4319 26
4250 3722 89
1429 4070 32
2210 1658 3
4320 4203 81
2253 2826 43
4260 2007 64
765 691 3
1154 4197 75
2371 3846 28
2772 4883 47
3849 4133 22
1338 562 92
2621 4125 50
3424 4797 5
4656 3402 31
3850 2662 39
114 4780 82
1016 934 79
4442 3306 77
4769 2430 12
768 1280 45
489 2618 60
4280 239 85
1081 15 34
2085 4671 36
2268 4874 50
3106 4988 30
2339 2356 65
4417 1798 23
3045 2919 53
1557 3687 33
4201 4176 51
112 4808 43
148 2241 10
4981 679 34
4568 2947 8
1818 2405 48
3847 4744 4
1811 513 54
4433 3558 73
4486 1467 61
818 669 89
1121 2133 50
3015 2282 91
4924 2263 70
2857 1832 17
664 2 74
1163 3849 18
4018 2013 83
3671 2798 42
2596 2284 9
208 4455 30
1996 1928 16
4945 4943 98
1488 1219 13
2357 4077 97
2526 1093 99
99 2257 49
3769 1275 14
2951 1299 12
2044 3895 49
2605 4103 56
186 2451 84
4901 3749 79
1898 237 98
3863 3946 27
2659 1472 73
2810 2924 30
1810 3045 57
2823 2348 8
1634 4393 3
434 3350 58
3689 3536 10
224 3438 11
3054 1688 100
2104 551 46
230 4563 71
802 2373 47
4983 535 92
1792 3358 40
4899 1344 85
3254 1779 35
711 1820 72
1972 3397 62
1982 1451 50
4933 3555 54
479 3786 69
201 940 94
2847 2276 29
4890 4068 87
2929 319 83
3066 3573 14
200 4285 35
2223 2609 84
2684 4592 35
1186 4525 91
239 1356 29
207 2909 21
252 756 97
4480 646 17
3418 4928 89
3700 4346 62
3466 4546 99
52 3122 9
35 806 53
1469 1992 30
2811 3583 87
4291 142 96
1712 394 5
2760 4874 3
4229 4644 83
1017 3345 29
2730 3163 28
3729 3215 50
2337 3250 8
3241 1071 1
3670 3883 36
1808 3174 79
2856 1238 25
4660 351 52
4814 932 96
1249 3301 93
677 1031 56
2356 1112 71
805 4801 21
2765 3042 93
1717 1713 28
4252 4873 54
3282 2729 45
2707 3741 96
4710 3556 28
5 4805 81
1350 1834 12
4505 4191 25
2228 1348 78
3200 465 21
244 2182 86
1171 1435 59
1625 4717 89
4669 3776 30
4416 3486 38
95 4844 95
4075 1194 30
438 699 73
2914 2927 73
192 1128 39
512 1372 21
3897 3896 8
3507 1873 78
4495 2894 54
577 2310 93
214 3757 37
2361 2832 31
1342 4622 30
4514 2537 10
1738 2729 90
4428 4593 14
4301 4842 10
608 3349 83
2985 2845 77
491 4774 39
1483 1340 48
3671 3701 32
701 43 55
4782 909 92
3143 4000 73
2632 3428 66
4846 4081 8
2307 4690 9
1642 4027 6
3870 870 80
4761 3705 21
4408 2376 74
3240 3077 18
1694 4212 79
4037 2355 79
461 4988 60
1478 1186 41
2337 4845 83
1545 1487 11
4951 358 33
4482 119 39
354 879 15
4928 4119 45
897 2165 57
2775 2554 12
3654 3015 52
4313 4493 90
405 1830 36
1188 4728 23
2350 4679 33
4382 513 4
1472 868 84
939 796 3
3483 1693 21
1591 820 75
2054 4474 43
3858 139 36
1847 545 19
1034 3085 47
357 435 78
2741 4817 91
245 1290 11
3628 2229 7
2482 2064 52
3502 7 73
2077 2061 99
1371 2271 91
158 4119 88
776 153 73
2474 1862 8
203 956 77
2094 1201 19
1204 4829 100
2463 3663 64
1766 2166 23
1890 595 37
1489 1966 8
3931 2124 79
3270 4253 85
4342 1727 47
2201 1931 55
1229 377 56
1548 2933 37
447 1748 1
2763 3515 19
85 405 14
821 3246 80
181 3529 56
3659 1799 9
3643 2493 37
1842 1046 20
996 2276 49
2704 3824 82
4240 4271 83
792 3386 50
4510 3472 55
3823 645 54
1454 2178 35
1210 838 35
218 833 80
2306 2675 27
2677 24 3
3425 2728 27
3459 3320 50
241 4113 37
1890 4975 61
296 3799 58
3301 1605 37
4836 2815 27
4522 4386 60
1701 3044 88
4927 2074 64
1781 499 44
1107 310 64
2409 1903 29
2097 145 5
257 442 4
1766 95 61
454 1283 29
4980 805 67
1692 3859 11
2431 138 37
3194 1920 37
3037 4379 99
2552 1788 3
1181 3885 48
4785 494 42
3540 3613 38
3900 4067 73
3428 400 79
46 2092 90
4709 4523 28
1445 4069 48
3681 2106 28
3932 4658 68
4734 2191 6
2033 1976 100
4775 516 65
3964 769 33
4436 549 85
714 596 29
3555 305 52
183 1750 73
82 1784 31
4361 716 41
429 1802 33
3086 3835 9
1237 3610 78
3002 2574 47
186 2011 48
2770 4077 44
3798 2633 49
701 4168 100
1673 4250 36
2455 4964 52
2895 1745 6
527 4831 41
1488 1068 52
4317 4070 78
2915 4256 41
2062 3378 19
1806 2176 4
3206 2877 24
1357 902 74
1292 3357 90
3295 2605 35
2100 4484 66
4741 972 35
2344 1641 5
2521 4556 14
2414 1619 92
32 4777 69
2987 2983 98
110 4341 53
2835 1985 62
525 281 19
4959 2381 4
4225 3474 28
4559 818 70
315 4692 26
328 2106 97
72 3490 74
1992 2829 10
1789 4291 3
193 2126 88
3307 4003 69
4025 3963 3
4228 4540 29
1756 451 100
925 766 92
1002 2447 50
4051 2519 92
524 4511 21
2685 2652 12
4187 4198 90
2675 2505 94
2795 2882 9
297 2111 49
3978 219 100
3477 2496 18
4020 4850 17
3021 3901 36
512 4426 99
2184 2111 4
3147 2651 2
1236 326 59
3329 3121 41
2089 4771 52
4037 3749 23
2788 3578 19
3658 2598 70
1974 619 71
2810 1131 49
860 4667 13
1563 2814 64
1464 4050 42
1574 3732 63
3215 821 86
3318 1211 35
3641 351 65
2811 4009 63
1832 984 82
4755 146 65
2103 1006 32
4267 3922 98
4082 386 49
575 1961 33
190 1528 6
4575 4846 69
4062 4839 21
2126 2651 30
2789 4483 14
422 4238 12
539 2694 71
322 3313 93
2920 3748 31
920 4323 92
2652 4513 72
2909 441 19
4378 4503 10
1198 1629 61
3379 770 97
1545 2545 87
4856 3084 33
526 3406 99
118 1326 99
1449 3598 22
1092 2602 88
2264 512 29
4634 1242 84
1843 2440 65
3056 2171 36
104 3716 81
2742 3573 17
3075 451 23
4425 570 2
4523 3371 100
3944 815 3
583 4431 67
1311 417 9
4246 3613 1
3811 1669 72
4146 3125 89
3378 867 14
2046 294 65
2768 4719 87
2521 4242 10
873 4539 26
475 1474 57
3293 4138 27
1001 3384 40
2501 2195 61
1172 2693 86
4912 2423 5
2225 4469 100
4990 2238 71
1028 1111 14
438 1984 5
663 3811 79
1671 2104 17
3097 3105 54
4488 1958 49
2548 3131 43
85 3043 66
3490 1621 88
3541 1611 26
3311 2639 89
3676 4429 74
3580 1444 37
1311 3116 42
3179 2565 99
3432 2054 58
2233 954 41
3727 1040 36
1292 882 57
4679 4423 20
1656 2734 12
1097 1411 41
2522 1343 86
2758 2654 54
1451 2186 71
3250 1970 77
3359 4203 32
2951 2930 24
586 575 6
1195 1606 29
4766 4615 63
977 712 26
2970 3234 70
1407 2344 76
2960 3796 62
4782 3398 85
3659 1757 88
3490 4708 19
2065 1646 94
170 4193 52
4050 3960 67
664 1289 79
3690 4259 65
4411 666 10
2786 4978 6
4700 4761 56
3584 3420 13
3023 3262 73
4041 327 71
1986 1849 65
1538 899 77
704 1563 66
1935 253 78
1399 1016 44
4560 3803 23
165 4855 84
520 4791 56
3984 2814 18
3508 3208 97
4679 1546 46
1395 3084 45
3423 141 8
388 2076 14
2965 3475 30
2561 3036 85
783 4553 92
118 1426 35
2873 1762 2
3890 271 10
1586 1302 56
1131 2697 93
2927 1120 34
1286 2860 10
4899 2178 37
881 4739 25
665 522 31
3009 640 9
143 4865 23
1444 3755 94
2305 1693 48
3361 4176 97
205 2103 17
838 3389 30
4899 4641 8
3787 522 47
2064 2539 21
4894 548 13
1854 692 78
576 3488 85
922 794 78
2569 507 54
3266 712 9
1434 1550 50
2463 2801 91
2022 1588 13
1320 3652 5
1140 4898 53
4304 3104 97
981 3681 38
2765 4603 32
2594 3524 39
1599 1790 3
2707 3225 53
3557 2040 6
399 415 94
2764 1735 99
2668 4228 49
4472 3532 54
1969 4514 35
4306 3631 90
3789 2578 66
3779 4177 57
4481 3237 34
3085 3146 26
4490 3545 41
3835 1309 29
1833 3977 57
2434 3450 89
4787 1771 55
2173 2429 39
514 1218 17
2379 1349 46
1035 830 83
620 3915 29
3598 4757 27
638 3592 36
766 1778 66
1474 4212 68
4363 3999 39
4469 2524 20
3207 3038 90
4523 417 39
1369 2805 69
2803 3425 36
1032 2023 93
4158 4014 85
4945 1132 63
4710 2607 27
629 3322 26
3319 2791 50
3438 999 88
2479 1874 58
1517 3243 63
2737 2399 40
2872 3431 16
2764 3941 82
2601 238 14
4215 1301 73
42 1930 95
1219 1602 87
3569 40 38
308 2520 12
3817 389 8
3779 3127 7
4871 2351 90
2986 1468 83
1467 4069 21
2432 3284 74
1005 3326 57
2899 4546 59
3937 4467 99
2326 1127 71
1238 4945 13
4745 76 92
2003 4947 43
2692 2933 11
26 752 80
1246 3185 17
1472 4190 43
3628 3441 41
2386 3731 60
2536 1057 40
1559 2295 85
971 3392 13
4862 395 61
1104 4439 46
167 4465 99
3298 2064 84
4714 3536 74
809 3516 67
1449 902 98
4261 3438 56
3200 4997 3
3436 2320 96
3748 2182 43
4008 4639 35
3554 1158 52
204 4456 68
3687 4171 4
2712 4980 72
178 2781 74
2728 3394 65
4983 1594 14
2237 30 35
2884 131 69
279 4139 60
2113 4045 18
1116 4249 27
2184 4288 98
3139 2000 30
2611 3531 63
2984 1259 58
3148 2594 4
4662 1183 87
4848 4068 18
2216 4347 9
1928 1460 55
1445 2576 56
1771 1112 45
2620 4252 97
4801 1863 28
4764 1199 39
4473 700 85
776 1714 69
3462 1562 37
1279 130 84
940 2058 96
3294 4856 24
2601 1627 89
4845 600 41
442 401 56
921 1517 55
4012 990 55
4696 1767 69
2916 1581 83
204 4213 14
1839 153 72
1286 3447 28
3310 2400 8
2798 2246 60
2890 4040 13
4845 1313 31
2999 325 21
3206 1374 40
126 642 22
3609 847 87
2222 2686 40
4245 3973 39
1125 3635 39
984 2785 85
1443 2027 77
7 1872 43
3737 1223 68
4810 4429 94
4001 4556 37
4774 4517 36
4760 3091 74
4899 2336 99
1189 4813 86
3528 797 23
4464 3592 50
4441 3600 22
2083 3689 98
1402 4851 79
3448 3853 87
1136 4979 4
4671 4740 95
3596 991 32
1495 2181 97
4380 709 95
1403 1525 39
452 966 39
2726 4401 81
2575 2156 32
1853 604 37
2040 3092 17
1743 2763 9
4538 1359 52
1021 4206 85
2317 3587 46
763 1342 72
2802 1794 90
4792 872 92
1824 3447 100
3708 1653 56
4444 3693 48
1512 1788 63
4672 2678 22
176 3699 81
2860 2369 68
2606 4484 10
3877 2286 56
2466 3431 81
1809 255 80
3308 3963 33
1763 4760 78
4662 2624 67
324 2297 45
3698 2473 97
1278 1685 18
3797 4291 2
1306 3168 41
3313 635 72
2545 3796 79
225 3457 95
4557 220 55
3935 1235 79
1453 1559 28
297 257 53
545 1535 39
3162 332 30
264 2990 51
1004 2656 38
1527 201 34
2305 426 91
4751 1336 64
605 1623 99
436 3076 10
3915 4725 68
1220 271 55
210 3433 40
3491 49 30
4941 1053 38
3378 3932 40
1964 2590 18
4006 2341 54
1269 4299 77
1119 1087 5
2529 2 31
548 2574 2
102 2784 87
1341 1276 37
1923 1217 90
160 948 75
3599 4264 65
3817 3270 6
1722 892 57
1251 3363 44
3855 892 47
1185 2792 21
138 2895 58
2525 588 34
4961 2511 3
4802 4024 3
3576 3975 19
1292 4144 90
1350 867 34
706 2118 97
1150 973 42
2948 3511 34
2320 3649 81
4477 1174 22
4262 2487 85
265 2290 9
4919 2218 85
3838 3511 29
2379 1213 48
3164 1919 18
2312 4421 44
2353 3721 55
1539 2394 56
4971 1871 83
3992 2486 70
1877 2751 12
137 4022 83
2373 2860 46
3754 1591 59
1001 4755 30
1719 2068 4
1114 773 25
2668 3664 19
575 3636 43
4657 3980 29
2579 2209 32
2790 2347 54
1572 4720 67
217 4826 58
1427 828 14
4557 3899 34
3460 13 7
2436 4033 72
2455 4608 60
697 618 92
2777 3197 2
2608 2339 1
2813 3912 73
879 481 100
1889 1909 80
1302 2818 31
487 1278 96
4093 66 81
2716 2521 41
1327 4570 59
3919 3699 8
72 1307 48
4924 473 12
848 1352 45
247 3241 6
3178 895 24
8 1382 54
4555 1828 21
3135 896 94
2676 2224 17
2834 2495 16
3894 2567 76
941 3843 49
4604 4691 1
3748 1291 95
1154 4469 42
1377 830 77
583 385 57
3503 4873 53
1648 2549 29
4364 1735 24
780 629 43
4855 2922 86
4403 2526 78
1655 1275 69
3501 2429 38
2595 158 20
3071 741 6
1727 596 79
2631 2245 80
760 1609 15
1383 3741 97
926 3596 19
4311 4351 46
3740 2359 73
3108 860 2
3298 3455 12
4317 2878 6
2074 957 2
4704 3589 99
4883 4349 61
3150 2084 2
3398 4362 51
216 26 2
913 3766 61
2885 3227 74
3638 1525 81
4550 842 60
2555 4269 17
2508 325 58
1059 209 59
1219 4711 96
120 3109 58
3970 4677 36
3524 591 3
436 3476 82
3209 2115 7
2142 3017 1
2601 1924 22
369 784 48
1727 1843 57
137 3062 20
632 3183 81
490 3505 58
3077 3381 49
4431 3818 78
4012 3379 93
118 1873 62
4771 4474 86
3692 1196 70
2939 4275 14
3747 4412 28
4266 1397 63
598 3239 21
256 1316 2
504 748 72
581 4760 4
4125 1231 77
2038 1002 4
1875 4694 52
2497 3986 27
4962 2733 91
489 3352 88
552 3950 27
472 4206 96
125 1063 44
3597 2996 56
1800 3474 87
3228 512 41
4131 3740 88
2582 1237 74
1660 1199 59
1503 1688 11
1390 2240 14
869 4064 72
3016 4190 87
4559 4139 84
3566 2291 10
2453 519 74
3693 1003 14
2332 4937 51
3605 1598 50
3964 3101 39
4026 843 31
3039 3064 48
2611 1080 90
4597 1991 29
932 558 72
2093 4363 43
3767 4408 46
4180 1741 36
2183 1698 86
32 662 39
922 4689 82
405 4080 99
3952 1691 31
4393 2641 75
3973 4925 85
844 2019 48
938 786 8
684 1318 49
3071 3501 48
2056 4886 62
494 808 3
1127 2565 84
1177 2869 27
2308 2262 68
3134 1235 46
4518 3431 65
265 4370 3
3124 1406 21
2725 829 75
2672 2885 61
985 3379 21
3988 858 87
1071 2036 56
1197 696 71
317 3830 58
714 3348 42
1778 4965 64
1332 3089 22
852 814 51
1578 4838 36
2190 824 67
3611 4812 25
3949 2235 61
2156 4784 9
2626 1453 39
2036 2167 87
4877 297 52
3440 1629 94
1113 3834 8
3263 412 99
3298 2603 23
4416 2566 87
40 1515 74
4053 3671 58
3761 2650 64
2300 4686 31
538 915 81
3742 707 10
35 1820 44
3494 83 9
1792 4733 12
2266 4149 78
3904 4189 45
2777 4594 16
2787 3356 18
602 2008 4
584 2546 19
864 1288 26
2774 2675 98
4869 1170 81
2377 4314 14
3840 2933 63
2869 1837 5
3413 967 99
2629 106 7
846 2060 15
102 2644 62
272 3509 2
1150 2635 78
3847 3856 100
1628 2586 14
493 1426 47
2156 4296 37
712 2709 56
2510 1690 14
4017 3889 74
2531 3991 18
4944 4263 79
3646 1765 66
1375 613 23
274 3593 9
3487 4086 35
986 2594 83
1674 3306 93
3329 2169 83
2794 1186 72
2967 69 15
2136 1366 31
4815 12 96
1480 2739 61
3354 3013 54
1462 2852 93
2349 3838 87
2531 512 46
1775 193 15
2710 4339 53
1181 2306 22
1348 795 88
778 610 52
3325 3442 91
1486 1797 56
4591 4611 9
1783 1960 47
2922 4492 12
3719 1267 57
333 3977 97
837 1511 55
1410 4211 50
3350 1341 12
1653 4666 7
1344 2504 4
399 3448 67
3659 231 28
4406 4505 72
3369 3224 91
3877 4909 69
2373 746 32
880 3509 95
181 1859 36
1445 3512 54
1151 1208 11
4006 2960 59
1472 1619 42
899 2377 48
2522 746 24
413 4624 86
3633 3349 84
4716 581 93
10 763 52
1645 2208 17
650 4711 25
2160 3717 85
2118 1541 57
3660 3793 34
1059 1315 33
3034 1728 9
4919 361 10
3903 77 92
1395 87 7
2099 3084 67
1315 3735 78
3091 2247 47
2828 4366 88
4184 4378 81
4269 437 97
101 3471 77
3261 4743 39
4771 3646 68
3214 1393 8
2420 3492 44
1538 1159 79
4015 603 79
2913 3431 45
2000 3967 75
1233 3236 12
429 4690 35
2705 2951 30
1695 4074 76
2115 2288 22
2622 1060 14
2565 2598 26
2596 2965 29
4874 878 12
2870 4231 79
244 464 15
4407 2245 57
3393 1302 9
2123 4350 35
850 1465 24
971 439 36
937 3004 87
3414 1952 52
142 3178 83
3005 1048 66
3483 2644 82
3549 3403 79
3306 1797 81
2366 272 83
500 1122 48
2275 2094 39
111 4383 96
3249 2797 48
4352 4291 79
1334 2296 79
251 779 24
4632 680 27
2610 3986 76
3243 2704 48
3225 4557 71
1025 1832 17
615 3295 100
3210 1544 49
2758 897 40
1836 3583 88
3314 187 19
3789 4819 99
2668 3782 38
3343 3377 42
4291 2954 51
2713 331 84
3229 947 31
4480 4157 28
3528 3267 25
3219 1455 60
206 4770 47
4324 4911 19
4122 2579 1
611 923 30
4805 214 84
3555 4279 16
4138 2508 15
721 3340 72
3848 1868 40
4224 1439 95
3183 1645 17
3682 969 81
4000 1443 60
4452 2055 35
4633 1860 1
1416 1767 80
4883 2258 88
4297 2979 28
4221 1827 48
1060 2403 87
706 1938 84
1475 620 53
2155 972 49
1766 1776 56
2301 1409 68
4401 4178 35
781 413 93
1020 4711 72
4600 284 51
1399 2696 6
3286 3402 45
3169 1229 17
374 4736 42
374 1503 18
2429 3804 80
2696 4557 58
1082 1690 23
375 2711 86
3998 3663 70
801 62 66
6 4700 21
2502 4222 2
619 4596 39
1060 4970 42
4629 3751 46
960 1447 55
1469 2529 46
2392 4256 9
4377 4607 72
1647 408 34
2964 1766 87
2684 4269 9
4986 1240 5
3376 3652 27
1917 4633 78
614 594 77
3868 2063 58
3813 4455 15
2821 3833 22
1844 1832 82
930 4796 48
4716 3833 69
2724 171 9
1680 3547 13
606 1816 47
4635 2430 41
111 2650 56
820 1464 12
4434 637 97
4007 3834 81
3988 4764 29
2088 4480 14
4456 3556 37
4417 236 36
4381 2194 52
2627 3181 34
2819 3292 85
75 4112 1
1786 4899 90
34 258 24
114 599 88
1342 2687 20
2756 3495 76
692 4264 64
3528 3646 58
4531 1273 39
2965 445 83
4049 520 48
2949 3658 99
3838 3692 57
3562 158 56
4401 1500 95
4721 608 91
4948 2653 7
412 2533 53
4421 2064 79
1612 29 24
3446 4078 44
4393 3379 2
1591 2218 46
400 2132 4
3455 1533 56
1902 2606 65
3844 2555 70
50 2967 3
1255 3740 67
3733 352 97
3008 3799 27
1451 4544 7
4904 2488 77
3401 2888 61
2056 2695 46
2211 4597 53
4327 3441 8
4096 4844 27
1398 1099 67
765 4832 72
1513 2840 71
2691 643 67
2249 1899 55
4025 1652 95
637 3708 91
3783 919 40
4535 247 34
4194 4343 78
1820 2094 29
4538 4211 13
2609 724 5
831 4767 100
3598 2017 99
3852 2394 51
4699 3032 59
1889 1815 30
1380 2702 77
665 1896 73
4794 68 19
22 4606 30
1434 3568 6
2038 4399 73
4637 4349 90
487 3202 85
2989 4253 69
4199 2494 36
1329 3874 38
57 892 86
4481 686 54
999 709 12
1728 3495 80
885 1886 32
3458 2875 81
4399 4715 35
2735 2704 88
4103 1904 82
3638 4585 9
2227 994 1
2712 476 87
4617 2827 48
2481 4556 96
2560 1793 82
4743 251 9
1276 4651 24
1010 3738 29
1350 2842 85
4183 2832 22
891 1412 16
3491 476 44
3130 94 72
4829 2575 28
24 1487 21
2105 2583 25
3414 3859 28
789 1221 66
4517 2571 60
2853 1755 45
774 2646 57
1042 2490 33
1785 1972 79
356 1801 6
4835 1826 94
1108 283 77
2632 49 36
1511 839 9
4128 1708 81
4588 4562 36
584 1688 34
2992 2730 76
876 868 48
3855 1224 2
760 1060 28
505 3520 63
2833 2504 13
4020 4015 52
1429 3143 12
1409 4083 74
4496 1019 15
229 4011 97
1157 1240 65
2704 95 42
2405 2207 54
284 4065 74
3447 1898 78
3011 919 45
3414 2348 40
525 109 24
3551 4605 95
3265 1186 7
2061 2343 47
3078 1400 94
319 157 53
4972 442 18
4497 241 69
1526 3252 40
2570 1666 88
3109 2191 49
4084 742 6
1079 359 92
3437 3773 88
2035 1851 40
2080 3522 97
4332 3494 91
2002 4343 32
1570 869 36
3409 3439 54
3948 2900 46
948 3337 40
2553 4416 52
1696 4205 25
4535 1240 76
3774 3320 98
4523 4004 44
2065 2358 39
3497 3928 8
884 3689 99
4938 3989 99
2535 1289 88
2226 3842 4
2277 1891 61
1101 1426 1
1776 1553 73
2325 2428 30
1368 4493 88
1106 4342 69
3065 227 10
3463 1517 52
3114 4052 41
1101 1278 36
4857 3556 27
2817 4657 5
3370 2786 10
3594 111 38
4175 2832 32
763 290 26
3983 4708 53
892 4523 22
3143 3989 74
3036 91 5
1771 1300 61
3749 469 70
2153 191 8
4815 138 72
3552 4313 56
3135 1428 98
2061 411 6
2565 1304 82
4587 799 71
2012 3835 14
716 1958 14
4328 707 36
3950 4213 79
1357 380 17
1580 3932 31
4635 3420 11
685 1833 23
90 4398 79
1723 337 78
994 2350 66
1707 4418 24
73 3747 84
260 4049 49
638 406 29
1155 3339 13
2337 2974 33
4947 3659 66
4321 102 17
4999 3177 54
1477 4171 56
4494 2231 75
4469 2304 74
152 2564 23
2752 3202 81
732 709 20
2645 3046 47
4329 4346 58
1495 3667 12
763 3667 90
4016 1496 61
2324 990 92
3698 459 48
171 1964 12
2045 4716 67
4325 449 28
4945 4446 27
4891 3775 73
4848 1622 92
1260 2385 11
849 1402 7
961 3726 49
3305 3776 61
2952 299 25
1516 2344 93
4634 1669 94
3461 2966 40
1687 2857 16
611 4058 38
3203 318 24
813 2519 78
1272 3480 56
4072 1785 84
2332 4738 83
2556 2606 79
3849 2240 48
1942 701 67
834 2389 24
3501 3000 82
2790 2555 52
4465 4721 71
2542 2345 4
2049 1417 89
332 3750 79
266 1306 85
2544 1507 77
2844 4802 79
1110 1988 20
3585 489 72
119 3279 80
1970 2745 1
2693 1639 46
1896 3689 63
4236 373 65
2667 640 72
3703 4536 31
1980 2380 33
2310 4842 21
29 4780 62
3452 4899 42
4431 3221 39
1483 2266 78
4528 514 19
343 1103 93
4907 3770 85
2130 3825 73
2213 805 6
2097 4467 48
2618 4496 80
1331 4301 31
1972 3732 53
3062 216 71
4440 1096 86
2210 2791 89
4002 2699 11
4138 1181 36
3811 3394 94
3568 492 61
3167 4462 10
2547 793 11
3177 4118 95
3381 2180 63
852 2972 60
3837 183 51
4277 537 2
4839 1028 84
2874 4839 30
4419 3407 22
4080 2926 36
941 473 30
751 3651 100
1997 2032 32
3460 2884 5
1019 3073 40
2721 3702 77
2123 3541 5
4058 2768 96
4387 2187 55
1561 2619 82
4548 3560 55
3329 663 58
1228 2661 91
2660 1121 27
3416 3492 53
4355 1213 55
2183 4688 49
4688 3746 17
4735 4486 56
3190 2399 28
923 1947 88
2777 277 4
987 2857 17
4877 1869 38
4355 285 30
1907 992 95
4514 4528 84
662 4216 82
4578 303 20
3385 4845 71
4812 768 71
1152 3546 100
3155 885 57
4171 2114 27
2660 1469 64
4641 4729 9
4187 4243 37
2070 4905 5
1404 835 8
1575 572 54
498 385 74
1368 1537 72
3867 1044 57
575 1567 71
4153 4227 41
3017 220 22
577 4407 65
2665 2830 22
3969 586 9
1928 2161 81
4733 2659 66
3307 379 55
1778 598 51
1135 1174 18
3957 327 97
1897 4696 17
2270 1625 77
1886 4290 7
1407 3259 93
4467 1540 6
1748 2625 18
765 932 97
2672 4063 96
622 1550 22
1492 507 1
2940 3757 98
3257 1027 75
4333 2914 66
4591 673 77
4083 141 17
2088 3241 95
4105 358 79
2854 4382 42
2201 1357 92
2722 2849 52
4922 789 9
3171 398 88
4398 1083 2
3563 674 76
2339 1109 69
4008 4550 62
3302 7 20
4880 2861 3
1874 62 60
417 4136 61
4468 411 2
3628 4934 1
3816 4332 36
1917 2895 63
2044 1587 72
3664 1947 74
3525 1601 82
3745 2833 43
4699 4707 58
2010 1477 94
3522 945 57
823 926 92
4875 4742 24
11 3011 72
3525 56 11
3148 3720 58
2322 2246 11
1503 2343 44
4897 3394 4
3354 404 81
2300 3926 78
1656 1101 4
947 977 46
923 2340 58
146 865 66
956 4013 38
65 2687 36
775 4190 31
670 4088 25
273 3794 29
1353 1094 7
4731 2751 9
4034 50 86
3080 973 78
1489 2471 43
1306 4779 8
4843 4844 48
3331 1971 38
4161 2642 78
3386 2915 73
4366 4269 67
4273 352 70
281 4386 21
3618 3818 94
4295 1659 18
2189 2965 97
448 4161 42
1395 2492 65
2885 3005 7
3462 2743 75
4186 2110 44
4653 1383 48
4222 3016 34
194 2986 53
2140 2281 12
1557 822 30
753 2622 43
1146 4018 35
3511 3255 92
4869 3069 36
4143 2256 46
4038 3261 81
4285 2483 49
271 2678 35
3723 4818 68
186 2727 90
967 3480 12
909 979 82
4695 4490 89
1487 711 59
2374 4855 15
4019 245 76
4751 4531 11
3499 1154 41
233 1229 11
600 2767 38
3141 3735 71
3304 996 50
3838 692 92
2626 3531 3
4484 905 10
4950 1276 56
2325 1027 39
4888 878 93
128 1111 22
2891 3063 89
3380 1204 76
2350 4508 73
3651 3346 17
4442 2325 48
945 1809 5
3654 1760 81
2961 437 60
1799 325 90
3143 1806 53
4364 4697 16
4705 3077 72
3780 1780 32
204 431 31
2320 4874 56
2967 2171 17
2223 2177 77
1403 139 67
4314 1938 92
4455 82 50
707 798 99
22 1855 29
3245 636 9
977 2192 92
3407 4513 66
4514 2480 89
2430 4704 67
3459 2459 6
4925 3126 96
3068 2581 30
3018 3289 29
4016 4663 36
4444 2909 24
3004 238 17
1996 3645 30
2213 3159 62
4602 589 18
4168 4048 78
225 325 56
3220 3394 89
2650 1412 30
4230 1780 46
2665 2577 55
3089 581 45
705 3929 90
2834 1143 1
147 745 42
2165 1265 43
1642 1490 68
1949 4710 14
1189 3712 78
3719 2942 59
2264 608 88
70 49 21
3114 2106 51
1155 1292 94
2355 1439 91
1848 3604 56
390 1598 46
610 3547 8
4223 1089 21
601 4808 63
111 3424 23
2198 3494 24
1218 2960 30
4168 467 22
4613 4174 14
803 1022 18
4610 2765 17
4907 3375 16
4915 3950 5
4987 4551 65
3001 1014 89
2976 3212 35
2999 783 47
1481 4951 14
1254 917 88
2467 3072 63
3637 2683 28
1405 2590 55
4072 3857 5
2829 196 9
1393 3198 23
4734 1174 88
2920 525 71
4067 2006 74
680 4613 43
2820 3432 16
982 2069 99
3261 3474 41
3915 2547 51
4871 376 47
379 3121 45
3254 2855 71
693 776 97
3915 1195 55
2088 3227 68
2531 1047 1
1046 3381 70
3596 1642 97
88 557 96
438 1781 24
985 3512 45
1081 3118 53
2352 3811 81
4148 2726 28
4302 1167 55
422 50 3
4974 1096 84
243 1044 79
1691 1132 88
686 2923 69
2761 3908 82
2958 4989 100
2362 2341 64
2542 2841 90
269 3496 57
2575 270 7
4577 244 55
1313 487 51
4691 3531 36
1330 569 59
3399 3331 67
332 2641 8
4031 3 2
2894 3897 95
836 518 91
4944 3093 61
2751 4023 5
4357 336 45
3360 1379 28
3495 2709 97
1553 2460 80
4871 2792 21
3178 3176 76
1531 1070 73
2726 3258 91
3768 3203 85
81 2306 8
1637 3015 96
33 1375 27
1960 4870 36
809 1423 97
4340 2646 41
513 2177 17
1688 3708 40
3113 2786 98
3703 2907 53
3739 2988 59
2798 977 27
2193 1011 2
4319 4323 73
507 1484 48
4155 2177 95
595 4042 24
1564 730 32
3603 195 71
252 3899 78
105 3990 18
3615 1789 95
141 334 58
3043 1006 34
2167 2865 70
4066 3372 47
2260 319 89
3983 1883 72
767 1838 67
1689 2091 18
4166 2196 61
2335 2163 2
1481 2305 36
1639 1700 94
3824 3867 59
2493 2933 83
4692 1546 3
932 1881 86
4255 4000 25
2774 689 68
1543 1207 64
4303 3542 79
204 24 84
2792 3015 36
2737 1839 55
548 684 89
1730 1728 87
3232 2661 20
2970 3268 21
4546 1042 62
3213 3938 70
428 3241 64
4806 4798 40
2842 3942 55
2577 1679 46
2532 2227 83
1772 3958 11
3910 3542 24
2929 2864 93
2301 2410 87
3715 623 25
4984 1051 19
2499 2210 17
39 52 11
1945 3981 90
2043 1513 18
2825 4637 28
335 4899 22
3211 2829 87
4355 1482 97
1541 197 73
4018 1533 24
4736 385 34
1604 424 38
2414 3721 20
1255 764 85
2324 3589 23
3703 277 74
3625 3488 55
2763 2843 38
2959 736 87
131 4754 73
4707 842 58
1492 3798 82
3330 1212 55
4149 3820 20
2833 1144 9
2507 4848 38
3433 3473 26
2187 2588 21
2424 547 58
563 2031 12
235 3090 7
292 4582 5
2125 2912 70
2679 3413 90
350 2599 34
1611 1458 82
3148 4891 7
4526 2079 95
3746 855 95
3703 2770 78
4767 3005 68
1673 4649 2
3729 3126 67
1998 2158 80
4087 2508 31
3673 471 90
3106 3620 33
1013 3146 64
2859 3244 72
1605 1948 42
2382 3067 100
2601 1092 1
2403 4821 28
1469 1820 38
300 2259 98
3083 932 70
972 4039 42
1456 1404 40
4020 615 84
3791 2221 84
2684 955 51
4583 3557 43
3836 2312 65
4863 3781 37
752 433 96
4149 3516 81
3018 840 72
1859 2297 28
198 2669 43
3134 2812 64
3017 1848 72
968 2784 29
1362 1620 41
226 1483 74
3614 3587 59
4262 2736 76
842 2107 68
4165 318 17
3892 517 38
4234 3 50
3150 3020 51
3021 3988 35
1449 351 55
3541 1929 90
766 544 77
3424 1158 13
951 2000 20
4319 1165 39
1335 57 8
2373 643 11
2574 3793 83
4624 1814 24
810 4615 27
2264 4508 56
1553 274 52
781 3699 10
1394 4650 62
465 321 79
4855 3009 88
1114 1734 32
2376 4308 77
1659 285 44
1282 2447 59
2608 4712 20
2215 2617 94
3719 3399 45
1380 1145 48
2394 2962 69
4572 2818 78
3160 3932 64
3743 2661 25
3119 4320 10
662 1954 57
2821 914 21
2192 4481 39
1837 4552 90
182 933 35
881 4679 97
549 4251 67
4579 3763 52
342 2506 13
1766 626 85
4827 1288 39
336 461 53
1908 2653 34
4746 4491 39
3687 1025 72
2421 1906 51
470 3807 54
2688 3386 18
3839 81 24
2651 3199 2
2135 4379 91
4925 4715 52
3629 1623 58
1815 2722 1
4553 1409 26
3224 183 32
2926 653 39
3231 4693 78
948 3533 11
2524 2536 10
4725 1024 89
4567 949 56
3519 931 80
2828 2746 54
1628 2299 63
1453 1875 98
4536 1153 3
1426 4384 97
3055 333 30
4765 4209 18
4675 286 42
315 4854 44
671 4725 75
4002 2553 21
55 4181 20
3869 1986 47
2867 2874 100
3869 652 84
4565 3708 69
146 3473 78
3264 3148 17
3757 3464 71
200 487 96
3926 4489 49
4046 896 82
2817 4765 20
3463 3984 46
1614 4206 98
2798 123 6
666 270 80
4096 4886 80
2812 3643 44
2734 196 83
1029 4122 72
3229 4521 68
4610 3690 86
681 3506 70
4626 120 76
4223 2918 100
2529 4937 22
660 385 8
1939 4549 3
3035 2283 99
4617 4664 74
689 2893 95
4008 3855 85
2093 4536 43
515 514 64
1790 4737 34
4541 3618 23
3914 4278 8
1821 2570 9
1076 605 44
4174 222 8
4099 911 53
2193 1272 8
330 3365 96
3324 3880 62
87 2023 52
1121 2916 70
4795 1831 1
3855 3652 71
2463 4728 76
1059 255 50
4318 706 62
471 2900 86
1830 4582 51
4078 2906 84
1839 4346 7
690 1819 75
4512 1614 6
3964 469 59
986 4285 39
2261 344 46
110 4662 53
223 1485 5
2960 4668 39
2711 98 97
4046 3289 95
2404 332 14
3678 4844 29
1784 160 50
4894 1146 35
4084 4759 31
3530 1221 46
34 2797 83
4438 757 51
1128 4820 1
724 3866 91
1019 1270 23
4484 1301 19
4564 3085 79
114 4331 25
1300 3415 84
2831 1945 57
1728 3331 54
2110 4121 12
3513 249 32
13 2326 99
4803 4697 21
4925 4181 22
1243 98 59
4073 212 90
1697 2864 6
432 2047 3
389 3775 87
3142 886 8
3005 4399 58
1337 764 36
3535 568 33
4707 1845 66
2181 4441 16
2739 3514 80
3981 1564 45
3638 3348 92
1592 89 68
2878 4584 6
3286 2589 57
295 3926 21
4630 3813 41
14 4873 39
931 2054 32
1947 1145 98
4526 126 62
1322 3764 63
3814 357 4
1433 4587 88
1290 2873 78
546 3168 56
1918 2798 22
211 4164 95
349 96 49
1280 2043 94
2077 2921 73
791 4244 37
4205 4410 46
2708 843 34
796 3485 59
2825 383 28
3780 2301 78
1253 2512 43
2247 4213 91
295 493 86
841 3923 7
1513 4714 3
2301 3919 13
4799 1627 8
532 3775 93
1842 1600 76
4969 1733 30
3599 4338 42
41 1586 8
2931 3233 1
568 4074 76
4774 1939 90
4577 4241 61
141 4040 41
1549 924 16
2793 2766 69
3069 4088 54
1998 2687 92
4791 2728 30
1798 2011 64
651 2579 90
3426 3705 30
2268 4634 71
28 4776 63
2120 2677 87
2988 470 5
456 4891 93
2361 3241 80
2252 3033 8
1434 1183 71
2497 1834 2
3986 1613 8
2415 3881 94
1437 261 22
4499 2382 51
4837 370 74
2942 2178 65
134 4539 7
14 3143 92
3973 4577 75
4944 3426 62
4845 2413 27
4804 1180 8
750 2618 21
2823 2117 3
2574 1955 25
4147 1249 3
611 1383 94
1669 1397 90
760 371 67
2387 1667 94
2200 2864 59
4978 4021 39
285 4771 57
3557 2594 27
2860 1520 34
236 667 83
3439 2631 18
3884 4300 16
2473 1413 39
1992 152 6
3585 3704 70
295 3682 91
1833 319 14
2342 3876 61
1320 3088 81
3605 3325 1
787 1764 32
704 2000 84
3371 4474 97
1409 1466 1
1114 1403 5
36 1698 87
2978 4883 6
692 3577 83
2352 4897 71
1884 3502 48
2084 641 64
4915 2698 65
4751 1069 39
4647 3831 57
2400 4945 12
2504 1333 62
2643 4312 45
3100 4 75
2434 3708 72
4857 1944 27
604 4029 20
4468 296 18
332 47 40
2022 1047 71
1530 4799 68
2441 2303 2
1402 1298 14
1598 4399 70
372 1833 30
4044 1690 74
3922 3647 3
4441 3115 52
4011 4799 51
4650 3173 50
4120 4703 49
4887 2144 5
3340 3546 3
4753 144 54
3874 517 88
1703 913 30
1477 1187 77
1631 1980 44
2082 991 43
285 641 68
4534 1113 71
3583 2353 15
2639 693 13
1641 1799 58
2747 673 27
686 2377 92
315 3854 31
4944 485 11
4039 3920 3
2934 4205 96
1 3739 10
1772 3674 63
2038 2665 56
851 659 55
1160 3406 81
3338 4092 58
1429 759 12
3411 2055 49
1021 1095 69
4623 4029 74
219 382 66
3280 2154 92
2342 4193 58
3449 1396 17
1356 2556 23
4936 894 67
893 3675 26
2056 2086 82
3704 4459 29
4273 4083 58
398 654 92
1615 3934 47
1507 1276 92
416 1077 40
3632 2433 96
1606 2369 42
3672 4614 69
1497 1670 7
2730 375 66
58 1000 1
2767 2750 55
859 4366 41
2457 2225 69
4600 2641 47
3139 2625 80
586 4231 2
3927 2903 16
3647 752 39
453 4835 66
3070 4893 18
4771 4013 68
3477 1224 86
1118 3681 11
1386 4633 4
2732 2772 29
2864 3358 60
1717 3637 15
184 3636 20
322 441 55
3539 3511 100
2756 4634 13
4724 3112 89
3761 582 70
3672 1968 55
2575 1053 27
4104 269 37
1215 1986 74
1230 2170 62
3349 3845 3
1655 2384 15
1206 141 49
4771 1217 13
4559 4978 95
4381 3650 16
3835 2578 69
1062 3034 38
4350 4249 76
1276 1831 46
1837 1532 91
2840 3187 76
2354 4394 17
2854 4165 86
1467 76 64
2013 4457 67
4528 3293 45
4448 707 79
4637 57 80
1812 1333 12
2510 3171 96
700 1011 84
2627 4717 30
4695 2571 47
2980 390 23
1244 3756 33
4510 4636 26
1706 4085 33
1936 74 42
2767 1887 76
4078 4397 47
3274 1449 10
2009 429 27
1490 124 50
1488 3105 93
210 701 49
1094 1563 37
3919 3269 22
3803 1557 97
3745 4324 36
1372 4755 85
2170 3029 86
3979 1390 15
1857 2880 40
3658 4368 97
850 930 50
3150 2025 13
87 2296 34
2460 2452 91
4908 2549 67
4243 3921 22
679 1091 3
3565 70 93
1879 3279 25
318 1937 45
4566 4140 28
4515 3642 5
2379 81 53
3512 2542 5
2554 3802 54
921 3046 27
4042 77 18
2897 3642 40
3141 522 19
2618 2192 57
2814 1759 49
3941 2626 91
4797 6 73
4302 4870 67
4906 2425 69
4412 4698 67
2838 92 45
3708 2989 87
4647 1131 61
3866 3749 54
1374 2915 65
4374 1857 91
4664 3006 49
1388 2308 20
2006 3567 97
75 4331 95
3893 3521 39
1437 2229 29
3976 3229 12
2036 2095 13
2289 4821 28
2005 4195 37
2996 211 44
1696 2952 4
267 4958 23
1263 1385 54
3309 1631 28
448 3068 9
1928 3396 38
891 433 85
3603 4074 6
582 1080 53
4419 428 17
2614 2124 69
4469 2392 79
4892 7 17
997 4669 48
1976 117 16
185 3397 13
1622 4288 98
1507 4243 72
2564 4825 4
2817 596 84
4633 4562 9
753 4032 53
1831 276 12
647 1273 81
1094 3250 50
962 4787 47
4226 1409 35
4275 2916 30
3398 1833 56
3602 4650 52
585 635 15
1045 1388 99
249 4571 75
4461 1571 100
4693 4017 2
43 1331 89
3789 557 99
3176 1184 67
1805 4583 100
1612 4537 2
664 1474 37
630 2520 77
4628 4121 49
254 4934 72
2153 4628 89
3655 1023 21
1295 4812 30
345 4340 15
3664 2498 50
2463 4110 87
3617 1126 61
405 1756 33
3582 2736 7
2682 4342 41
4705 2848 21
4393 2855 44
1765 4150 9
4695 4496 1
161 3160 99
210 1975 10
1148 1944 36
3560 2350 45
3493 2284 33
3899 1318 76
591 1023 76
1912 1768 31
607 3534 81
4115 4581 29
3316 1094 89
14 2656 17
2175 3804 61
463 2364 63
507 2209 47
991 1108 65
818 3052 40
3493 4964 9
4023 571 95
3704 1039 76
584 707 22
4273 2073 78
2641 4249 82
2953 4712 98
616 1571 8
562 2562 68
3179 3381 20
1818 1874 36
3578 898 60
3872 954 99
99 1538 58
2420 2163 31
2397 1156 80
2530 4110 92
28 4726 63
1087 1640 78
4606 1171 59
1178 2990 85
2713 2920 35
2524 1793 89
3374 3244 80
4931 665 95
3562 4414 52
1441 1945 62
385 3325 40
899 764 80
3976 370 4
1786 1548 94
1471 614 66
3405 3138 11
2646 1513 56
4777 1444 73
4071 6 87
4522 2800 32
435 3185 9
1074 436 73
4706 4413 96
4509 2551 96
3654 4022 10
2071 3780 1
2282 2778 66
737 2555 62
2561 1626 21
2447 1149 21
631 2936 58
2139 363 94
764 69 59
1111 930 63
3006 936 85
1868 3007 17
3868 1641 95
85 3730 50
2746 1291 29
1766 3739 30
4938 4370 66
1295 2861 29
4441 4977 50
3351 1088 32
4813 4095 68
1650 963 28
3618 1183 69
2013 2620 100
4314 366 91
4594 3485 82
1023 3423 52
389 1071 66
117 1864 43
2619 1567 32
1050 1381 79
418 4383 94
497 3001 29
865 1366 49
1316 2033 15
3059 1627 52
3540 2651 76
4744 4392 99
3809 4509 15
2851 3480 82
4334 4531 15
1264 1301 98
4157 1798 52
4585 4015 70
2633 1684 55
2400 4743 83
651 3283 86
3678 3027 78
4128 3188 39
1442 2392 20
324 3078 51
3290 4343 4
4288 3500 2
991 3086 69
412 2071 53
1867 823 96
4949 2827 32
3386 2857 59
4863 1986 100
3553 4780 92
4372 104 70
1074 3395 65
4077 4035 66
3878 1378 4
399 1790 27
2251 3657 51
3847 4958 78
78 3344 35
688 4559 73
4487 3113 54
2030 2485 10
2652 4912 57
2616 3989 44
2433 4220 22
1688 4619 65
3015 1870 22
1517 2069 33
1494 2147 77
680 4188 89
3205 3675 2
4158 2058 39
2919 1062 51
76 3678 93
2619 2464 65
2893 4152 36
4957 2167 6
2030 3684 28
4062 1530 75
791 3563 63
2079 3120 91
1480 2278 1
1070 197 63
573 1625 93
4065 4245 57
4481 3490 10
4516 3447 29
2773 477 66
3100 4540 96
575 331 11
3589 3762 31
1631 1594 61
1731 2664 11
4245 3237 36
438 3654 33
446 3135 23
4607 2651 22
936 425 100
2301 3525 92
1548 452 75
4359 394 37
1641 2025 31
1202 109 95
2312 706 85
1399 2496 91
1084 2943 27
2906 2550 30
880 4838 7
2979 2139 85
970 40 37
644 751 83
432 2392 61
462 3594 22
4508 2258 28
1792 10 25
435 1094 68
861 352 70
1642 1232 9
2849 563 100
285 2885 40
3173 3529 91
1456 313 84
3116 775 30
1237 284 41
1416 3428 51
2740 3863 97
3359 1076 49
1529 4071 34
4537 3272 97
1036 3557 35
3928 1730 16
1218 3186 30
2253 2654 5
1883 243 41
1475 1660 22
4725 752 85
1773 4112 14
4173 641 37
2806 1530 9
3355 3918 66
1789 2846 96
104 4065 35
3733 1318 41
4490 4553 85
530 1028 97
1351 2105 1
2388 3878 13
853 3052 6
3389 2210 88
4197 565 7
4914 3706 5
2361 163 22
2995 248 41
3988 4738 46
224 1621 75
3120 4324 32
3120 1712 11
3585 3917 15
4690 2306 25
30 2855 43
2936 2769 1
40 131 64
2562 4478 13
2754 3466 3
3851 3690 24
977 3162 49
209 2635 13
4671 2572 31
2185 3614 89
3261 3644 45
1255 1580 66
2956 2973 97
1171 1887 28
4635 993 94
2838 4844 37
4013 822 51
4513 1031 38
3078 2054 10
560 4239 25
348 3852 21
4344 108 54
1110 3064 27
4358 4235 66
2085 3871 59
4631 3061 3
867 3426 25
2969 2940 8
2707 1018 62
1368 2930 53
3644 3278 6
4565 3975 66
3418 85 30
1596 795 17
1661 2881 40
2719 3864 1
4973 1083 80
3050 4052 20
2157 3111 90
4671 4480 20
2775 4476 50
4732 4041 25
1797 3811 62
3278 407 58
3995 3420 91
4934 2491 55
287 2465 38
418 1867 42
2137 376 54
2578 47 86
949 4175 62
2598 3907 56
4575 705 67
1636 3983 27
4493 4330 99
1583 617 91
3889 904 8
2278 2674 75
4720 4811 51
1625 3741 51
3010 4690 78
3871 3640 85
1478 3215 90
2897 4852 26
4723 697 56
2673 3633 73
1763 3874 29
1022 1153 3
2148 873 66
3651 2498 59
1553 1860 49
3630 2083 42
4614 3562 9
2656 1459 13
4681 2534 11
2388 207 96
713 1971 70
1293 4345 23
3196 1494 48
2613 145 98
772 1698 58
4972 328 42
2813 1294 4
222 3950 15
3834 4983 49
4496 3724 56
143 4437 79
3313 730 25
3987 278 71
1887 2892 68
2284 16 18
4542 4988 98
3883 4154 92
3138 728 43
3852 914 78
2100 1763 2
1907 1906 39
3686 1571 22
1162 559 100
132 2446 44
599 4730 60
4116 624 1
4313 859 55
2156 3997 35
3950 4201 49
728 1301 64
1229 4561 71
2520 3247 42
4541 4409 1
3192 893 99
4736 1492 82
2647 1960 6
547 2625 66
3953 4781 15
4439 3732 17
4488 4460 70
2651 2041 31
4073 913 30
715 1806 39
4267 4999 32
266 1087 76
3699 3734 88
1404 634 13
1321 939 95
236 379 79
4704 4867 91
473 3870 84
2156 4296 98
2085 11 56
2776 4278 7
4359 896 94
2435 4595 81
174 2352 15
4187 3673 54
4333 261 85
3211 4965 4
4253 1791 75
2336 3947 23
2685 1032 34
4841 3808 64
3347 3168 13
2941 1955 60
3973 2129 12
639 2668 38
3244 3353 99
1229 1564 17
432 2169 8
4858 4506 55
3580 2191 87
3665 2032 48
3029 1732 68
4641 1025 75
3552 4998 4
3464 1989 25
3401 233 78
4951 1462 95
1467 3247 64
4774 3105 22
2028 1686 14
1667 1703 98
1466 4732 82
4433 725 7
707 4278 57
462 4094 46
4238 3847 80
16 3798 94
3710 1618 41
925 2744 99
2647 1125 37
2912 2792 40
1561 610 25
1943 43 50
4701 2102 80
2458 3916 26
2203 3155 73
3534 3171 24
2680 3233 42
72 4158 86
570 3157 11
4106 2421 55
698 3983 65
2022 2278 60
423 1979 14
4455 4437 31
2580 2993 86
4553 1527 9
1676 4207 42
1769 4280 52
4606 1202 62
3569 1661 83
323 2359 18
4040 733 96
4151 1156 76
1365 1963 13
2495 4544 6
1780 4097 86
1940 2125 45
333 246 77
2884 1204 80
1297 4773 41
2132 1449 52
1949 489 85
4045 992 93
3120 2357 57
2984 4852 53
842 2984 2
1579 4924 27
1523 257 25
2100 4494 29
3879 2143 3
3671 4275 4
822 1225 45
58 270 37
1802 4742 95
510 4078 47
3762 1272 84
2463 2851 60
4641 4375 18
2065 1475 64
2046 1706 7
1800 377 35
3003 2551 60
1047 3961 82
1435 763 76
2829 2626 54
428 1388 27
2363 204 78
4222 4845 5
2691 3263 80
654 1661 38
2113 3461 67
2847 1464 18
1158 3863 31
1091 1650 47
766 4480 73
4519 1260 13
897 3623 17
127 2845 15
3731 537 30
163 2543 91
3300 1008 52
3167 207 68
1936 1365 83
4667 2456 33
865 4574 65
3337 4094 25
3549 1343 100
318 1470 98
1932 1554 87
4513 1717 30
2403 1369 39
3754 888 98
4273 2825 64
3655 3844 72
1039 4709 47
2904 4398 93
2380 4299 36
480 4617 59
2777 2901 13
1963 2414 82
44 4817 51
4134 4923 92
3432 4196 17
447 4203 13
4918 243 74
316 3147 72
4808 527 71
1996 2359 41
2006 136 42
3570 3451 9
3203 3496 78
2853 3982 54
4744 2414 50
812 2861 6
2076 4132 1
4401 4448 100
4772 609 27
795 3957 39
1435 2315 27
1328 885 79
4988 4088 27
3466 3293 9
3219 4390 76
3520 1554 37
4377 4983 21
477 4384 70
1076 4157 31
3555 1304 40
3393 4091 55
4719 1771 40
849 1760 80
1827 226 25
436 4797 15
2811 3317 22
4399 2695 5
120 4524 89
1641 601 98
3771 4156 2
2562 2549 45
2316 3620 17
4307 822 77
386 2649 3
1110 4437 52
2577 2248 69
598 3000 16
3602 3120 41
2342 4761 42
240 4884 50
793 2446 51
438 1114 23
1854 421 45
30 807 95
4784 3269 32
687 2198 33
3555 2796 33
1823 2750 5
4615 1445 18
3008 1685 54
557 3830 52
2007 4268 66
3429 2474 87
2026 3856 46
1920 4992 67
2603 679 66
1887 587 14
2819 3762 65
3223 3377 62
4740 1385 47
2493 1942 29
4044 301 50
3061 82 24
1147 2108 33
2744 380 25
2611 4336 57
4676 1223 96
2241 395 58
1205 3618 35
4318 4711 20
4116 3556 14
2745 3953 15
1994 3366 49
69 4514 10
2001 3610 42
278 2573 78
586 3601 2
1481 843 97
1138 3400 67
4172 2719 30
4943 1835 39
2656 4580 44
2022 2926 10
2822 2996 76
731 1349 87
373 2979 60
4350 4917 62
903 1398 5
2851 3888 5
4770 4412 76
2751 4355 12
4289 3363 92
1132 1737 71
2694 4560 67
3769 1643 68
3455 2016 100
2067 2719 17
4280 4974 68
984 4178 56
2440 3948 69
1616 1699 76
3979 2341 40
922 4825 29
792 2519 89
10 1289 85
578 1096 1
1829 3163 72
1645 2443 47
4212 4779 25
2020 3572 25
2888 1540 76
815 519 17
2106 2793 95
135 3586 14
4075 3596 3
4659 526 100
3612 2355 15
283 353 11
3281 4565 42
457 2937 14
1581 2177 6
2109 2993 77
4977 99 71
2671 1586 57
2885 662 5
739 321 32
4690 3933 87
1805 569 40
2715 3850 58
1108 4308 47
3074 2241 25
1579 702 18
3308 680 69
1478 3351 56
4586 2588 70
1290 3328 91
3521 3018 77
4460 1175 46
751 242 48
2960 1351 8
4459 4425 2
1783 1004 4
3452 4312 36
1572 2142 40
4927 1728 28
296 4371 8
2339 4244 27
4667 56 54
2564 2160 97
4311 120 48
3071 4579 73
4072 2714 29
2127 1166 94
863 2739 88
4302 4018 69
1681 667 40
2389 4358 36
2467 4025 93
3720 1589 53
216 900 25
4415 323 57
1687 4395 71
2668 1523 90
4313 3738 81
3100 3040 99
1320 4721 18
2559 2110 76
4395 4577 1
2639 4650 90
1691 4866 43
3567 4282 66
23 2321 14
546 1341 89
2235 654 27
4367 107 19
517 1427 92
2335 339 55
4862 1086 84
63 3725 34
3204 1768 1
3598 335 35
4316 1711 56
781 2257 50
3769 844 56
495 1563 63
2965 2080 43
156 767 34
810 630 72
2394 2045 49
4979 249 17
1079 200 4
4165 4516 15
4573 297 24
1322 4066 20
77 913 83
292 230 16
3286 386 83
1619 2549 13
3742 1295 58
4590 1274 60
3558 3706 60
2861 2871 76
228 3796 25
1203 118 43
3023 1548 8
2757 1840 38
4572 1478 76
2155 4449 25
1719 3191 72
3329 2781 47
188 1339 5
2247 552 28
174 780 25
4750 3336 95
3392 1359 43
651 468 35
1788 41 13
1015 3548 62
2792 1619 5
863 4948 86
1561 136 77
965 3735 30
4593 261 62
3369 1363 98
2263 1107 9
4058 1758 78
2692 4898 71
4157 914 19
70 58 38
4175 921 39
2412 2483 75
1989 4800 63
3470 745 76
731 4114 40
1329 2730 99
4637 1788 58
4766 832 8
4936 4989 74
3654 60 32
344 587 54
1982 2999 89
108 1340 41
3322 4810 87
3150 542 53
4341 3223 35
1639 2860 75
2048 2627 8
2356 3915 49
4929 2570 61
2561 4266 48
1114 2600 100
4854 4060 40
3394 2383 51
4032 533 93
3785 4874 16
2619 2865 28
4594 4914 7
3753 2270 23
2901 2199 45
3462 1112 63
961 3578 63
1460 3432 23
3300 1827 58
1302 2211 91
4846 996 17
1613 4968 83
1240 914 97
1199 4667 19
3721 3920 18
1517 3734 31
3579 4696 9
3241 2508 94
3315 2160 73
773 3462 84
115 4660 33
4332 1273 1
2766 2514 67
1114 3713 34
1732 3786 6
4549 303 41
4831 3882 89
3692 3475 97
985 1790 10
1457 2563 24
492 2679 85
524 3363 58
524 2481 24
4142 3595 89
1075 327 75
4633 1228 30
573 1060 12
3913 1104 39
4761 2089 30
2770 4898 45
594 1742 76
3078 2267 91
3187 4143 72
811 3286 67
3499 713 46
4974 346 75
3103 2271 87
1467 2536 91
3305 2298 32
3286 68 30
831 2014 24
3758 1444 91
49 4632 35
3820 1795 73
2539 294 86
1584 1620 85
1858 1076 8
4544 3895 45
4686 2200 43
1917 1839 63
398 4022 30
622 2780 74
3112 4181 58
1098 3002 53
2370 1893 48
708 3477 20
4392 1688 96
1699 2584 91
2895 2271 44
37 4188 35
4952 939 57
1881 1561 89
254 1025 71
4612 2124 25
2116 846 18
4915 2906 95
4335 3650 35
1182 350 20
1925 4597 91
1220 4635 31
2354 4587 70
3862 2820 83
3150 3074 9
2972 4038 85
796 2507 83
513 2422 90
60 1757 40
1294 4292 42
1465 1217 40
2555 3789 27
538 1143 66
3107 1357 86
3590 859 12
1450 3832 3
1434 4628 10
3616 1494 32
57 2906 42
3797 4200 34
590 2018 3
1981 925 92
3007 1463 87
4972 923 44
1109 865 3
321 2315 35
4923 101 16
2032 69 10
2915 127 68
556 276 68
3841 2218 38
3343 4200 64
2986 2207 27
3772 3532 2
2267 4641 19
270 1314 86
3456 2589 87
2623 973 9
3284 3889 36
1851 797 64
971 991 82
2108 686 82
4171 3673 42
4050 3797 74
1203 1065 67
4222 2687 34
907 2495 23
4046 119 49
2254 4755 38
589 1607 87
1904 2578 78
4085 1038 65
1819 210 90
1760 612 87
1585 1815 4
1051 2389 91
4536 3297 39
4259 2343 10
1307 4597 65
3596 1538 72
3034 4794 2
2112 231 41
1876 2050 3
1665 162 67
1603 3099 34
2607 503 24
2649 39 73
187 650 68
4196 1957 17
2961 1905 55
4684 4940 49
338 3404 32
2030 1632 35
284 3297 97
4150 1252 97
2535 3859 100
3310 2861 39
2382 3048 90
149 3597 99
3865 2910 57
471 3946 49
1871 4284 53
3503 1314 85
3537 1598 34
85 2100 86
3381 4636 98
3532 4298 59
3723 1681 59
4564 3182 56
3714 3400 66
4770 3871 13
2118 2095 49
2870 1950 16
254 1839 14
3639 1924 67
1925 1658 55
422 1542 53
3132 265 86
3890 4829 69
4598 4896 21
1863 4666 44
4427 3137 39
2628 2359 89
2143 3966 28
4608 2605 5
4174 4530 63
1080 1304 5
2285 788 23
170 4679 4
2590 4277 100
3410 2492 19
4454 3272 56
2592 900 15
4033 3043 33
2312 2651 39
2516 3178 21
730 4258 78
4135 1543 66
509 1714 45
1712 656 74
2812 4067 67
4930 3521 91
1537 2465 91
503 2850 34
3436 163 37
326 4031 15
1746 1114 26
2175 249 69
2041 2110 35
2937 3822 92
3111 1634 11
2129 2916 32
4419 4453 49
3961 4957 100
1546 4745 15
1782 71 98
197 3169 12
4222 345 13
1142 2386 23
1129 323 46
420 4786 32
130 3267 1
4713 4038 54
3113 2999 63
4364 897 8
778 2680 31
3928 4229 1
1839 4803 98
2704 2297 84
4326 3426 59
1123 198 98
907 1680 65
3607 1393 56
2112 859 7
575 223 5
134 2354 85
1117 1282 66
3917 4473 69
3414 2177 66
1649 2856 93
1559 331 43
1256 2590 24
573 1197 17
3928 3310 28
1634 237 52
238 1723 6
2874 2840 40
4739 3109 13
1407 2875 43
1725 876 51
469 2436 34
4411 3692 25
34 617 74
3403 4545 36
2630 1180 73
2081 2770 49
238 645 41
4677 384 51
4942 1792 78
3736 4869 55
1738 338 43
71 4749 87
995 4784 5
4469 3187 50
2604 817 82
2329 4251 53
3777 4489 98
769 519 34
4519 461 78
3849 549 47
4055 2287 85
1697 2358 35
735 4706 19
391 527 6
4593 4483 75
4974 3164 78
4478 3293 20
4627 4063 39
161 3582 52
3838 3783 1
2385 2838 40
1269 887 50
1255 2975 56
4673 3366 35
2630 2959 19
2757 4286 83
2134 3764 77
2353 4744 40
4443 4905 74
1994 95 10
1446 3832 48
3185 1454 88
4987 2709 63
142 3735 81
3529 1365 41
47 474 27
1081 2609 43
409 1314 87
2448 758 44
774 4104 40
2883 551 24
4182 88 78
2721 75 40
4235 1570 75
4116 99 92
1956 1498 67
434 2579 28
2676 2989 42
4663 1789 52
2906 3915 57
1245 1798 60
1121 2333 100
1098 54 76
1489 4290 98
4263 4758 97
1107 1714 47
2073 2148 26
3352 4824 67
945 839 9
4297 3746 24
3105 1343 75
2464 1207 64
4915 2613 91
1404 3255 88
668 3013 36
1775 1079 82
200 4579 60
3552 756 26
4497 1595 86
146 341 10
3251 3037 84
2067 501 43
331 416 8
2173 1821 16
2813 3841 29
2348 1968 61
4982 3520 40
1941 3424 48
3918 2921 44
2704 4420 37
2213 2671 74
1948 4739 28
4242 1422 44
4149 3595 17
3664 1408 10
2545 109 78
2505 91 50
3396 2032 74
44 950 48
4639 6 68
4575 2219 39
3901 519 30
3728 4761 52
323 3911 100
3740 3927 60
2349 2824 69
4279 329 12
4728 78 44
4954 1474 47
3101 1113 53
668 2040 25
2258 941 44
3588 1021 58
2691 1345 21
1742 1437 48
2202 3786 73
4122 4417 54
1134 498 84
1529 452 58
4227 3553 23
1932 4221 64
3208 2831 57
3651 1419 79
208 463 24
3380 2205 61
4128 4407 99
4052 4882 69
657 2368 19
2341 3897 71
1850 4477 76
2473 1409 49
1488 4617 80
1444 4620 100
2422 1181 15
1097 4561 20
1209 41 80
1460 445 62
1128 1103 30
3998 4796 79
968 1646 56
2843 471 17
1643 1959 86
1922 3404 59
4973 2178 40
3487 4628 53
4207 2189 47
2038 3649 92
4751 1129 95
3480 127 91
3810 2447 90
3618 1642 61
4834 3285 73
3372 208 29
1530 1533 59
2221 21 87
2473 580 29
4119 3970 78
2563 3721 60
757 3553 87
100 2363 35
2441 981 29
253 2168 15
25 540 75
905 3422 8
3964 643 81
3002 3116 13
4230 3588 83
4108 1151 56
2819 3260 9
305 4712 25
1591 2153 58
4520 2407 26
2086 3784 18
4860 4690 40
519 3654 35
1200 1656 52
164 2239 92
3099 2699 95
4754 518 7
4963 823 20
3887 3767 25
1496 4639 84
4922 1725 69
1591 2937 11
1683 3456 65
2417 1008 73
2620 1173 64
2763 624 63
4057 378 81
4964 1693 57
1935 1932 24
1059 3429 15
3943 4703 92
1963 1294 29
4673 4329 85
2389 1747 46
1761 4367 71
4725 2131 95
387 2540 25
2920 3856 19
1276 791 3
4751 3203 84
2865 3498 87
4056 461 34
4536 134 63
3472 2523 62
3417 636 82
2239 1713 65
333 3453 5
1510 1373 14
4380 4001 57
4182 3752 60
3766 2969 10
4404 3377 71
1337 2913 57
3952 1385 80
3313 1155 69
4746 3394 82
3310 80 87
767 1590 60
2080 970 61
536 1504 65
3548 270 34
57 1027 11
3380 2364 76
1836 2668 14
4168 982 69
2136 2080 15
3169 391 95
2656 1158 85
4867 3238 7
4728 126 12
1044 26 34
3978 1436 61
1640 4816 78
3568 3004 46
1881 2172 80
2701 660 61
3267 182 4
2562 2838 62
4798 4057 52
4357 137 78
4068 1182 57
1753 1512 93
466 3152 9
1543 3072 13
1640 1305 38
2720 358 50
2232 3626 32
2135 1188 22
4548 2338 80
199 1695 17
2328 2115 99
4484 221 11
4428 687 16
2836 3582 40
601 222 46
1890 4294 4
3839 2878 30
2323 13 70
3644 4561 9
4023 1112 56
892 3441 24
2590 4277 45
2153 3706 84
1220 2894 66
3359 4847 40
1804 1737 35
608 1929 13
4389 4252 79
4359 2896 92
3019 3272 5
4726 4164 46
3549 3106 75
3945 259 81
28 1479 76
1045 4839 23
2285 2995 13
4171 3603 42
2583 2993 94
3713 3704 42
4405 3075 14
1209 2801 30
2806 2703 37
3680 1648 48
4613 3029 28
2088 4074 19
762 2711 14
1174 1882 70
4867 818 15
1460 4531 19
3654 3936 94
4119 1497 47
3749 4303 50
2837 4336 99
2184 301 80
4363 3741 6
1381 4503 18
2747 2030 52
2716 1897 70
2030 4710 2
1400 4716 90
3845 3835 88
4091 3936 43
2041 1773 31
2991 310 32
3322 4673 73
2727 2407 29
1196 1506 59
1548 4222 8
4069 2604 18
4770 356 34
2112 553 22
4599 4644 58
4093 3037 84
2924 2380 94
2055 702 19
1280 4782 78
8 978 84
766 3878 58
1125 2948 14
4843 4070 70
4628 1182 75
3249 2133 20
2159 2579 9
2842 503 90
187 3910 44
2205 190 26
4335 1550 57
2970 3668 35
828 4794 35
3993 4637 58
2515 617 92
1589 3867 78
308 1026 57
3417 220 60
258 407 22
2801 3964 65
127 4651 15
1135 2622 84
4669 3450 78
3856 2443 67
2113 4958 84
2904 1548 3
2181 3208 81
389 2977 1
2748 3235 60
1722 1037 77
886 2516 28
1600 3651 50
2335 4672 100
1512 3528 96
3030 1993 54
3814 1250 54
4816 4783 15
4549 173 92
3149 4273 28
4861 995 17
537 1881 85
864 4834 88
3814 2169 60
1565 34 41
1760 3064 86
3266 1878 36
2671 3047 72
285 3948 45
877 3449 18
1056 3310 66
3624 3847 99
3708 1064 85
147 4878 55
4906 2795 89
898 4556 53
236 2822 84
4471 1845 83
4842 2131 31
1738 3008 80
2908 4064 43
1425 4040 90
1823 2748 6
3408 2895 36
3514 4153 32
3654 1404 88
506 1640 62
1941 2463 7
2775 3658 90
1205 396 98
4437 4656 14
979 1081 54
2720 4257 54
526 2665 1
913 1179 7
2744 4833 63
483 1691 3
2396 4985 18
1155 4112 76
2044 318 25
2294 1107 33
1607 3438 15
1313 1158 72
118 3036 89
1819 3950 20
377 3046 5
339 3530 48
3293 2278 85
3710 3433 98
4138 478 68
1314 4124 75
3146 731 13
1060 3396 23
4583 3515 60
771 1686 62
842 3415 60
746 3754 42
46 3399 21
4330 3461 54
2727 2599 84
2794 3913 8
3968 2060 92
4932 4472 40
2055 4056 55
3566 1179 93
379 3374 60
238 4120 14
4980 4166 65
2000 4849 27
3805 2576 26
2441 1723 92
200 2043 4
3691 1976 76
1931 383 84
37 3949 16
1182 4328 90
741 4566 62
407 898 81
3471 2898 30
1349 3056 58
1827 497 81
1218 697 25
373 741 1
4000 4024 84
1684 4061 85
3251 1595 13
3192 2337 31
2253 4096 30
3185 3919 80
2614 269 36
2324 2096 85
2404 4666 35
880 39 76
1332 4039 100
815 2075 13
1951 326 61
2415 4870 50
2446 2124 46
4727 1661 65
1258 628 34
846 2952 82
930 356 48
3064 2589 87
2291 3921 27
542 4737 54
4207 3040 81
4467 456 3
3416 4254 27
2813 3981 41
1129 1591 69
4715 2437 21
396 3368 29
744 2784 18
1130 1428 40
1908 1970 29
4762 1177 69
4294 1996 77
3696 1764 31
1575 929 64
1115 2059 56
1283 1774 93
755 2170 13
583 4266 98
3001 1749 78
692 3657 48
3120 4771 78
4940 417 26
2217 466 91
3747 2041 20
611 4508 31
4066 2143 5
1310 2898 28
1923 3481 94
1672 2834 43
2849 3526 53
2348 2998 76
3025 2939 46
2051 156 12
4193 255 53
2264 866 61
2395 1284 4
4299 3947 54
4726 2222 35
772 3894 22
3566 3095 100
1370 1795 99
298 1173 90
4643 3224 98
4454 3769 53
1306 1033 72
4018 3428 8
3873 4080 55
1626 158 77
4212 930 23
985 849 70
1285 2219 66
935 2517 39
3524 2160 15
2621 1614 36
3325 4272 69
4896 3290 50
4104 3515 30
3610 141 88
339 706 19
2313 1691 68
2383 4328 39
600 263 57
4990 139 69
3956 4112 84
1691 2438 56
1811 2334 99
360 2790 14
2989 1401 8
777 1740 66
847 4053 9
1766 2788 38
4904 4740 53
560 1082 45
4729 38 57
1864 3081 95
3271 4893 82
2969 253 72
1183 4595 25
2242 372 17
4007 1219 23
167 2985 63
4304 4241 4
1409 4802 86
3653 883 77
1361 4099 58
1508 2370 3
3989 340 57
612 2875 52
3637 117 76
1105 476 47
2627 643 84
3290 1300 25
45 4061 79
1530 4066 14
758 427 13
1716 1935 84
3918 2276 24
2726 4241 99
1129 4230 68
1256 335 96
2602 4315 91
3285 2605 43
4562 4002 4
640 532 22
3954 2643 50
1366 4359 37
1149 4629 66
2624 2356 7
1974 4837 37
2793 1094 72
4088 3696 87
3731 3334 44
4673 2896 46
1029 4888 31
1450 194 74
3651 2913 85
4140 414 14
1905 3039 22
3911 1365 60
1499 4159 54
3070 4599 50
309 3330 36
1504 4356 84
350 385 73
2432 3187 19
805 1839 32
1241 979 99
4954 2884 38
2376 3147 55
987 4646 14
4340 4068 14
2741 4377 96
4477 2234 4
460 2584 89
2684 1368 77
103 3525 68
1786 4766 47
3884 4720 83
373 3448 82
3228 4435 80
1593 127 48
4558 2869 78
2206 2346 12
4209 4158 48
2950 1843 16
3526 3298 41
3645 1436 7
4743 1673 79
77 3398 80
3558 2978 67
3037 4572 95
1584 4130 64
2213 2688 10
3724 1898 20
4171 4848 15
986 4726 13
2678 3371 2
2784 4466 75
315 4543 25
1294 3101 4
3060 2490 76
4954 426 58
4717 2640 47
3178 1364 97
798 1888 45
1612 4226 71
2077 1905 94
3978 4689 60
3904 1356 55
2228 2650 56
3531 711 98
758 2017 24
3468 1735 64
2514 1265 81
4810 2063 21
3306 28 47
1528 2105 52
4473 2435 94
1884 2691 50
3838 1271 53
245 1155 64
4142 1913 81
3465 381 68
1781 4247 34
2813 409 49
733 67 77
4231 1595 34
4635 1068 21
1080 2952 12
3881 1790 84
4333 3387 91
1848 2529 56
1381 2347 90
2648 480 37
1533 4645 99
2482 378 66
4810 961 14
4244 596 82
2464 1676 87
4728 558 29
3263 1243 17
2953 3092 98
908 4473 45
1949 3473 77
2238 7 22
2936 3841 52
53 3651 14
3766 4247 62
4900 3064 91
3986 2792 1
1214 2407 44
3182 1712 36
2680 3972 61
876 922 35
4553 3160 42
4226 1096 83
4278 2501 86
1643 1268 86
4604 1168 50
1946 1506 94
4846 4072 53
3990 2255 65
2577 4935 37
638 2163 59
3524 3068 19
65 2295 67
1799 2925 21
3536 920 89
4521 524 9
4922 3823 67
3115 3669 39
67 4011 94
83 1589 81
2720 3579 97
1278 3455 65
4349 3520 12
4867 1671 89
2887 207 9
3527 1081 86
335 1003 9
1 471 78
92 1890 90
1085 1974 31
4718 4694 62
514 2324 17
730 1673 89
3242 1541 12
1382 780 71
4091 4308 52
3676 995 8
2084 2349 79
4161 2441 69
1602 4878 43
1984 4596 89
945 1462 14
4713 2193 87
3353 1787 80
3664 3169 61
535 3612 21
4838 2288 16
145 4372 65
923 4886 6
4944 2840 85
4586 4825 33
275 2122 96
4640 1836 41
4326 189 80
3258 206 1
2970 741 14
1990 579 54
2005 2077 27
4370 3000 65
527 2944 5
211 3883 30
2196 510 53
643 150 41
2635 828 82
1414 438 88
1066 3408 81
4331 398 61
4885 3756 90
1163 4478 90
2327 5 87
2683 1569 22
2865 3765 32
3817 4408 34
4309 3395 62
4990 4809 53
2230 2227 61
210 1559 12
122 1444 20
2111 3959 98
3453 1286 55
4091 3969 24
3612 1834 41
4995 2003 1
2880 2664 96
1593 4007 57
745 1237 85
3306 2799 44
3969 2922 40
3388 33 99
2285 4838 37
2539 3929 58
715 3893 45
4007 3888 100
1708 1768 65
4155 3362 72
1412 4107 61
2248 3765 60
4643 2734 82
3482 1122 68
2632 4759 58
3068 2299 88
177 4366 81
4121 3373 22
1421 1433 90
2737 589 4
3060 3353 64
4620 601 29
331 244 16
2613 3726 38
2632 2710 50
2489 778 49
2628 2307 67
1661 1429 92
4582 4202 26
623 1939 15
27 4999 68
1242 4619 69
4870 4950 65
3937 3915 91
2775 2899 53
2724 1741 83
1324 721 90
642 2382 19
3333 1964 21
2458 2588 60
3524 3967 11
2943 209 82
1611 1431 85
3227 369 100
2217 4496 52
1621 3572 93
1803 4896 14
4293 1890 49
3211 223 13
2684 4034 53
4095 2558 72
506 502 81
2887 3465 65
1571 1693 34
523 262 30
3726 1884 54
3670 3687 2
4335 4332 92
2383 3896 15
3748 1580 49
2700 2027 60
1972 3885 14
2804 1773 79
68 4696 24
4053 1571 39
2534 297 23
4587 319 62
2888 4655 47
3079 2038 43
4846 2138 75
646 4839 2
357 3163 88
570 2319 13
601 3740 61
2324 4145 85
662 1680 34
2236 2619 54
2498 508 9
4796 4939 99
4638 1137 38
2412 1784 29
2213 3493 44
2252 4064 15
4064 4665 55
3277 1989 1
4061 4004 33
1494 1240 52
4247 90 12
3007 4886 52
3806 4524 41
3095 3288 77
2223 1854 71
2218 4106 35
4532 4523 52
1939 2800 41
2139 1861 97
371 4707 38
2574 3955 80
286 1962 67
2937 2120 43
4429 1567 84
2706 142 38
4476 2360 96
310 3245 19
3513 184 71
2353 2323 84
2902 4046 92
3339 1620 99
1570 1906 13
4688 1195 86
3683 625 53
966 3331 96
103 2807 56
1050 4469 1
169 2982 37
4791 1687 60
1275 4589 58
3818 4280 79
316 2203 37
1480 1891 33
4765 574 58
4618 2892 41
4613 4347 100
3320 398 69
273 567 3
2409 358 42
3221 2985 84
3078 1803 16
908 3471 19
645 4952 63
1577 4717 89
4486 687 82
726 1652 29
1125 1325 27
2345 1598 46
2899 359 57
1492 4932 42
1027 3011 98
4843 3919 69
2213 4564 73
1475 2493 43
2664 1979 30
1745 4057 83
1525 1534 8
352 231 58
1097 4482 69
3553 975 2
347 2002 13
296 3197 84
2364 411 1
2089 3238 94
1531 902 26
1660 3999 35
4794 525 70
4253 2229 53
310 3326 36
3079 3232 63
2132 4931 17
2844 227 15
179 3943 26
2079 1032 16
2825 2563 71
1902 576 70
36 370 47
1057 976 76
2310 2638 55
4397 2069 39
2459 4201 70
3875 3397 49
4841 3577 92
1218 656 25
834 4833 40
2704 1735 68
4925 1772 39
2672 4181 67
3999 1491 5
3653 2240 75
2891 4699 76
3412 4927 74
4160 4768 51
204 987 59
2280 1821 45
1919 877 80
3487 802 4
1777 3474 86
2395 2474 77
4299 2479 18
3273 1723 69
2801 135 48
726 648 17
2228 2204 56
4386 4484 29
2730 2755 6
4162 2594 8
2365 723 35
4750 3118 9
4979 2418 40
2448 2043 63
4616 4844 51
4416 1922 51
2632 4150 55
3187 3537 91
1915 2619 46
2872 1781 41
3279 499 64
3513 249 83
2573 228 53
465 4028 96
3727 4997 93
3477 4413 15
1579 2045 66
533 1584 55
323 4851 26
4221 4075 60
4361 2354 59
1576 2220 8
1910 1145 89
4662 1610 17
810 1690 66
3154 167 79
2420 3099 76
4485 4984 12
2791 308 63
69 881 38
4128 1594 45
3686 3170 17
4845 1433 62
2585 1095 25
4354 3257 15
1119 1411 34
2298 3832 33
1873 4669 18
4385 3813 78
3099 3882 11
889 3010 5
2385 3048 27
1101 4245 60
2314 1831 56
138 1185 65
1004 3656 77
2038 954 9
2522 4180 30
2991 4917 43
120 3016 25
3130 257 87
4086 2642 35
3213 3743 33
3772 2410 64
1779 2548 1
3044 4905 57
720 3295 12
3580 2169 44
2461 161 61
3804 1633 29
380 1116 87
4967 202 81
3953 3415 77
2185 3540 87
3600 319 87
1200 3363 92
2457 435 87
1020 367 9
3763 2829 70
2775 1633 55
1155 3365 71
4793 4684 74
1074 3638 41
2450 2175 81
1236 776 1
274 3328 16
2866 785 4
104 3157 71
4512 1920 100
433 1047 85
4340 2203 51
3010 1996 35
3235 4422 25
3228 1872 53
408 4460 29
4260 4735 57
2828 3953 95
1831 409 52
1201 1274 25
4753 1707 24
4937 1047 27
4839 410 76
4426 4997 50
4002 3225 75
754 4986 35
4634 4246 22
1843 3426 27
1189 257 89
3692 1459 63
3116 2564 70
1292 3853 70
318 3693 32
4045 4471 29
2195 4825 7
3569 1932 93
755 1566 91
4029 4761 18
2607 950 75
1595 4643 86
1857 4111 50
179 403 4
900 2074 49
3383 2471 72
4511 1018 97
217 939 29
2261 1695 48
3552 2076 61
3269 1035 64
3243 2631 7
2381 840 70
2730 1019 26
3285 3271 100
3885 1654 23
3956 2518 42
205 4087 81
3385 1349 28
4484 4901 4
345 4522 40
3508 4117 23
2666 1498 63
935 581 35
960 218 58
4411 4104 13
334 3060 31
2275 4617 18
155 3003 19
1083 2487 72
438 4184 94
829 2692 12
203 358 62
418 2646 43
1652 4958 62
3861 4370 66
1373 1056 78
2755 4683 48
3225 1190 51
43 3625 90
3115 4064 75
2060 1245 19
3771 1449 78
3333 3219 76
4827 1223 34
1540 84 56
2357 1458 64
1235 4213 47
2434 3790 38
284 3834 63
3325 1949 79
4199 361 25
4118 4133 26
747 3818 45
1374 4997 20
607 1538 4
1915 3895 14
4278 1482 28
2677 3916 70
914 552 4
2776 3878 5
55 4429 67
4931 4899 52
2608 646 70
3504 3372 19
623 332 57
2826 2247 5
2840 2877 87
3419 554 56
2788 1468 8
2344 597 38
3848 2004 68
2066 1935 67
4417 895 66
1938 4399 38
4457 22 70
3513 4200 69
2817 3392 47
4956 1811 53
2363 952 22
322 3296 71
2160 3496 75
4779 563 62
945 4980 9
462 1919 8
2000 1376 82
221 1241 34
690 411 27
388 1719 90
640 4082 94
3713 4404 90
3735 2916 39
4409 2695 2
4722 3641 34
930 4103 53
2889 2455 81
4870 4029 23
3756 4719 86
4682 1459 5
123 3451 87
1517 2165 43
2558 900 60
2096 1662 55
3549 1384 48
4983 3667 4
4687 1556 11
768 2779 40
4442 1535 11
3527 1217 70
4331 2692 22
569 4209 39
1211 1768 39
1122 216 53
2377 118 38
4976 101 57
1679 4788 13
2190 1908 92
1729 1350 27
2340 4877 96
761 560 41
2634 2481 50
1672 45 70
1611 1167 39
915 4896 57
252 4873 58
960 2904 98
1873 94 7
1916 3176 9
3495 1868 39
2642 3981 99
4482 1616 33
532 3288 78
1053 1251 97
1791 2167 94
2647 3771 19
4956 4732 23
3406 1605 70
2412 4873 98
472 3368 66
3410 1011 47
3261 493 15
593 2377 4
2970 3431 55
2866 1574 74
4011 4222 46
29 530 78
304 3936 35
2025 2700 60
1922 3173 29
39 1583 40
785 1196 85
4500 1789 63
2855 1111 46
1109 330 20
4235 4341 94
4780 723 25
1409 2379 61
995 4404 14
454 1326 87
3282 1365 22
3473 3502 19
510 4354 8
3572 2209 72
2769 4671 2
2188 3906 95
2182 38 18
4058 2799 49
4870 3794 53
3383 600 31
69 3883 96
1043 3708 51
1861 4218 5
820 4142 67
891 3263 38
2644 452 96
3739 3986 34
1908 3044 85
2457 2914 79
2409 2650 79
1392 2719 14
387 114 75
589 1975 45
3794 2796 40
1912 39 3
3349 2684 7
1396 1423 93
4481 4683 89
365 2140 56
43 902 6
1673 2294 77
3539 4033 92
4113 4623 19
257 4769 15
1896 1681 7
1799 1382 91
3505 2778 66
550 3611 49
1990 3976 42
1345 371 44
4702 3396 38
779 1935 71
3322 1048 46
2840 2658 15
1507 906 48
213 2705 30
2955 2563 60
2120 4465 71
2320 1455 99
4661 2801 70
2904 2503 67
4793 4634 54
716 2956 3
1261 2149 13
2928 3656 19
1275 221 77
1005 3176 92
4864 1648 57
3687 3968 12
1485 4982 65
4655 4238 21
2573 4032 7
2426 4748 16
4680 2361 65
944 289 73
1763 1565 94
1639 3922 70
430 138 70
38 3825 90
1101 311 72
4966 1318 11
4038 243 95
4096 4021 43
2111 54 56
2275 998 46
2447 2761 63
2840 752 85
2761 1182 23
4330 1220 49
2572 2322 12
4443 3640 82
1905 4030 25
3399 3126 46
993 238 100
949 3865 51
2546 2665 12
708 1857 65
2792 971 99
1366 301 72
3766 2873 94
1477 3669 86
3210 574 68
3834 3974 46
4832 4967 36
883 916 2
2933 3462 19
2745 522 76
4661 4666 47
2759 1033 1
3430 1151 26
2775 3981 95
2112 2191 22
1831 1026 96
4677 2210 15
4112 3093 84
3765 1027 98
1083 124 21
259 1137 39
405 248 72
3557 3679 76
4583 2806 57
629 1271 100
2250 3102 78
4197 2779 88
1112 1892 34
1647 657 61
644 3093 37
1516 3352 26
2055 109 74
4978 3667 5
4053 3250 12
3461 231 35
61 2482 37
4038 3031 69
1578 495 61
2211 2142 70
223 4139 63
4711 655 67
336 4062 77
1209 4041 44
2114 4446 46
2177 4260 29
3511 673 11
2947 4711 43
1515 2641 38
3327 4852 33
2149 1427 72
4063 1138 79
4330 1474 42
1058 2684 35
1453 1150 81
1450 3327 41
1678 1838 66
4389 1137 78
1483 2653 71
4072 2332 24
156 833 51
4027 4897 42
4906 579 16
1199 1637 52
1533 4442 2
1313 892 29
1706 2570 67
2771 3311 5
4900 1146 10
4671 1571 94
646 1727 28
3048 755 25
1589 2013 56
2957 3212 93
2008 4745 87
3562 2410 79
2090 468 1
3809 3240 13
1665 4492 11
3526 515 82
2719 2513 10
2746 1914 17
4022 4855 30
877 2812 94
721 1173 39
7 4735 1
185 1825 70
4286 1986 62
3050 3651 54
2960 2177 22
794 1249 35
355 3995 1
671 4370 57
4352 247 21
1245 969 94
4235 2328 29
4635 2514 7
504 3152 45
965 2554 97
2271 1866 26
444 2660 75
1130 3015 23
3731 38 93
2539 4390 92
4159 1987 13
1953 1222 42
833 858 8
2891 2714 60
1936 32 66
984 3655 32
3561 4099 45
2388 1581 12
210 312 51
3754 2851 93
2545 2011 81
3658 316 3
2099 2501 13
758 393 80
2569 3681 64
1934 1017 19
4517 4578 70
4761 1966 51
725 3528 16
1727 2282 67
2119 1180 30
851 4838 98
806 3289 100
1618 399 45
2849 2968 78
4112 4902 95
4030 4419 73
751 533 40
2702 1258 68
1317 4337 3
4135 1456 83
317 3660 73
3166 4466 14
2165 1084 13
4261 286 81
38 4398 35
1832 4781 54
4557 532 39
2896 3234 49
1115 903 86
2969 1391 95
1003 3060 55
3875 1226 73
2740 4744 57
2004 4005 95
4236 396 94
1370 2228 75
4276 1785 7
2714 1033 94
115 3501 49
500 1470 92
46 3826 52
3252 2701 79
924 1794 23
1033 3798 80
1427 3035 76
2572 4405 57
2146 33 94
2253 2748 80
3298 4215 81
246 4715 3
4938 1114 29
4041 718 83
3019 1643 77
3093 4028 27
3525 1807 14
4352 4380 72
2408 1526 5
4954 131 5
3533 4781 20
613 1380 88
1867 1318 54
596 1711 72
4730 1083 67
658 4176 95
384 4053 55
850 3406 35
721 2166 13
1977 2120 45
982 653 78
553 2618 58
4840 4486 28
1593 1434 40
4065 1164 23
883 1822 51
378 3558 5
4384 760 11
1418 1481 77
1330 4811 50
2726 793 3
3904 2698 22
1461 2539 8
1689 484 94
4980 901 58
3002 1785 32
1552 3515 42
4156 2899 55
1518 4317 36
1047 1999 99
2696 4726 44
4998 4982 43
1271 1443 82
2030 4484 66
4223 4464 20
3932 3818 5
1815 371 20
3257 879 19
1811 2398 88
3198 4797 87
749 2493 13
4092 3843 95
134 115 91
67 3497 27
485 2721 44
1804 1653 62
4908 3469 33
2879 3078 13
2397 1241 63
2584 791 12
4770 1540 57
3035 633 100
1281 2119 67
2323 2187 65
2850 4024 38
4193 828 91
706 2088 12
1239 4967 90
4003 2364 83
517 1300 75
1828 2422 67
1984 457 100
2335 3091 72
4154 414 59
3118 4616 83
1155 161 63
2197 868 51
1709 2107 18
650 2462 34
2185 2979 34
3159 1159 8
3377 4495 18
2877 1830 9
2200 984 23
2358 454 92
2892 2961 53
606 159 21
4056 3220 80
3825 222 94
958 2407 25
743 1918 84
4302 296 79
3319 4525 62
427 1725 46
4302 435 1
2793 4679 62
2797 285 73
3670 4341 93
1649 4518 68
4795 476 75
919 2571 46
3203 1873 42
1333 193 19
1294 1972 44
3592 1274 31
4992 419 10
705 3217 95
1578 1887 88
2022 4888 6
2689 4683 34
2116 1955 57
3461 158 30
1454 2843 75
3972 490 48
4567 4082 74
597 426 94
1306 1131 63
3652 2709 2
339 1084 42
2896 3773 26
929 889 81
2885 702 91
3066 2156 86
4793 2480 76
3492 2047 10
3465 3996 36
210 1654 68
1524 306 29
4725 1997 13
519 4893 39
4644 2174 80
2076 1411 83
1018 830 39
4155 623 20
1431 4115 19
492 3932 16
3628 495 22
4247 2019 29
2575 3097 78
3340 3616 24
4230 4612 98
1009 3040 62
3491 410 92
4482 4565 15
1601 996 82
3471 1489 66
4338 1469 61
1860 716 33
1040 4643 82
3569 4335 50
992 3565 14
1942 4575 54
4303 4418 64
3846 3900 29
4012 1853 78
3293 325 19
4210 1015 40
4271 4227 56
4055 267 51
1936 189 87
1137 1181 4
4950 4475 31
3155 130 50
1770 3976 50
4950 2988 56
4127 2633 33
2497 1844 48
2336 2467 76
4243 2874 95
794 4810 84
3032 2299 18
3835 2249 93
1918 404 24
3067 2174 52
4468 3476 93
2723 2604 26
2655 1453 22
4955 142 41
130 737 15
3276 2883 77
260 915 76
1129 1103 25
121 3021 81
596 2440 7
48 1908 84
3840 984 40
1617 4991 45
2591 4946 39
1031 1428 77
2346 4705 60
4822 1317 28
950 3798 83
4326 3919 4
3107 868 96
1765 2268 4
3900 2460 40
3639 429 32
2536 3020 30
1574 4052 11
1350 2750 68
362 3924 85
289 4874 35
2671 4201 54
4426 3660 74
3621 1777 42
1076 678 2
868 669 32
651 3205 4
380 1132 8
2890 3834 58
1457 4196 35
2693 837 61
2727 3508 14
3033 4286 26
4206 4259 4
4000 336 82
1253 1204 3
2584 1855 61
3288 3587 93
747 2830 27
4605 639 24
91 4685 61
1803 2412 22
2717 1797 60
3642 2356 20
2697 1356 8
1078 2609 64
2833 1546 19
2793 1186 58
3885 1933 88
3811 2890 28
4286 4333 13
599 1137 77
1772 206 27
2231 200 35
3302 2898 91
4709 3976 52
3672 3161 50
842 954 88
1600 4839 22
1539 3 64
2118 641 98
2382 1240 87
59 4364 93
2237 1596 93
1771 1250 91
4013 960 20
216 4632 81
2966 475 36
4605 3427 27
1826 4966 30
4642 2085 24
439 4467 64
77 878 29
3569 4467 77
3613 1238 27
204 1603 39
3475 1820 72
4907 1138 99
942 743 78
4521 3922 44
3102 3564 81
2325 355 1
4141 1784 31
3969 353 99
3097 318 89
3475 1874 45
4814 349 17
2137 257 55
1287 2551 50
3864 3424 24
2759 1527 40
92 3852 95
1892 2993 79
922 3314 84
772 2763 3
3213 2591 29
2257 3757 79
4473 894 88
4179 3533 91
980 2397 16
1704 1508 95
2343 1600 99
4690 3492 45
3820 767 11
3304 2891 75
4458 1104 66
2486 4713 23
2216 538 69
3555 4717 2
2446 2050 51
1113 3754 59
1307 2449 60
1705 2139 4
2801 960 71
2212 616 15
4386 1426 71
503 3912 85
377 2481 75
2497 1036 45
3150 4834 95
1200 947 49
2110 3606 98
3269 1664 90
4273 4465 50
2395 1677 18
4761 2415 44
3232 4270 8
2768 4647 89
2842 3496 78
3986 1646 12
3532 2846 60
480 4957 18
1230 4578 82
471 203 48
4320 2599 77
137 3712 93
3732 1944 63
1239 4712 63
1228 3907 59
4957 4245 6
2168 2778 4
1679 4610 13
4797 840 92
930 2663 95
1529 1983 46
3806 3472 59
4850 2204 55
164 4796 68
126 1024 27
4937 2333 72
42 4501 50
697 2533 61
1310 2330 53
1501 4612 17
1895 1142 52
2593 4948 25
2003 1150 81
3357 1314 77
776 1441 53
2102 1378 86
2674 2772 40
2375 3469 73
335 1131 55
488 2632 67
4656 880 9
807 3473 9
1783 1828 59
1316 185 74
4292 962 67
997 3064 97
34 2090 21
3573 4466 42
997 1153 74
751 2993 6
1470 2649 38
1978 4809 63
139 1592 91
3097 2908 77
3722 3553 91
2140 902 7
1936 2288 98
2208 862 16
950 3211 21
823 315 15
4680 1785 16
4418 115 77
3980 254 70
1723 4704 30
3299 4778 35
2189 1919 89
495 207 78
2244 2416 92
4811 3366 3
4884 541 70
2950 221 55
3665 991 23
542 1324 77
363 3047 33
4444 2698 12
3431 1239 83
3319 3086 90
1848 331 6
1239 1494 24
194 1378 65
4463 4328 39
1870 4346 30
4392 1240 54
3520 2955 53
2353 3751 51
2316 2182 90
4198 1854 77
2639 54 60
3497 2646 6
2720 2840 85
3837 3655 65
175 525 63
3856 1269 3
3862 4790 10
1914 3495 62
2665 811 44
1006 1361 50
1082 352 5
4193 3849 51
3799 2922 43
1135 3111 50
4151 4638 28
1514 3494 97
1468 2356 39
4378 623 34
2391 3288 97
2586 646 10
4636 1729 63
3092 2274 64
4194 2425 38
4488 4912 49
3437 4064 87
4264 1930 34
2713 4750 42
951 480 65
4037 2871 53
2933 458 100
895 1446 81
4209 4538 7
1372 84 33
4162 4572 45
3710 4361 9
4249 4978 91
3282 2691 42
1023 4994 22
4388 4031 94
2392 3317 4
1043 4212 50
2775 4773 40
1782 1145 24
3214 307 48
910 370 61
2671 971 39
1361 4253 82
1154 1628 77
76 2368 60
3221 1113 29
1824 2156 93
1873 4932 66
4164 3066 64
187 2632 23
3486 3542 93
1146 1213 64
137 3927 69
1818 81 50
4846 1509 18
1906 4730 83
4986 2906 40
2279 4779 24
4344 295 42
259 482 74
1482 320 16
4426 2819 82
3342 2956 61
1510 4774 94
4011 4621 4
2529 2879 86
3511 2865 93
3002 1496 24
3777 2193 20
2618 2452 54
4091 3934 75
459 3361 94
4392 1703 50
2252 4565 76
2897 3577 97
3700 2458 28
1938 2321 94
1730 1676 42
4005 453 35
224 3072 88
4630 3515 74
3004 3974 87
549 4718 42
1050 3322 8
2677 1220 37
3926 1272 47
3053 3210 20
1398 4940 96
1240 298 50
3274 522 74
4113 1504 41
3887 860 68
3373 1409 86
915 3811 9
4374 1489 81
1410 1767 53
3608 4820 64
3127 2571 56
4323 3811 6
2324 3437 29
4749 2551 85
689 1438 46
1956 4811 7
4294 2078 19
4954 1452 60
1834 4214 27
1338 2822 99
4053 2302 70
1709 1625 33
1014 301 71
2194 50 22
1231 2091 60
4776 400 23
1082 4694 54
2552 4648 6
1863 2834 73
2941 4172 47
3840 4578 49
3661 1287 26
2294 3653 27
4364 2200 29
337 4783 21
2748 4559 73
1322 641 67
1975 4546 67
433 1409 53
3105 4351 77
4951 3191 55
452 3204 94
2577 498 100
4 1214 52
184 1551 35
2456 651 94
128 1974 87
3846 3949 33
2212 4382 43
1116 3839 46
4193 143 89
1847 595 93
2141 4524 44
2440 880 58
2643 1065 62
1277 3521 13
4470 2 87
1008 3848 37
741 2413 71
3235 3529 63
80 2722 58
1468 922 5
2412 3063 29
3855 1855 10
1513 4498 27
3426 2127 100
4638 1597 2
2825 2605 51
1313 4698 64
535 4285 45
3597 4365 68
4506 2185 90
1010 950 5
2039 4805 12
300 2670 62
4626 1096 89
177 735 86
4379 4912 43
3781 1225 94
596 3112 79
940 3062 97
359 2568 34
700 3579 84
4104 1970 90
2067 2270 12
4528 3248 9
4116 3425 96
1653 4156 8
3148 4289 33
4341 1237 45
4819 2178 7
2367 3889 28
2101 4590 7
2784 46 77
4625 2114 99
4137 1642 47
1097 759 24
3792 2412 33
1399 560 22
1583 1253 60
4879 2425 90
1238 4792 79
165 1893 21
4023 1030 68
3499 2007 82
1597 2496 24
4295 3593 83
418 3737 48
2050 136 60
2972 3071 66
1483 2951 91
3524 541 83
3102 706 29
4975 4729 11
542 4580 18
3223 1177 15
2546 472 60
3981 2242 50
4180 4293 86
1291 3617 10
4656 100 61
446 3624 2
2381 3078 60
1209 4405 41
2419 4947 21
636 3170 98
2702 2069 22
4714 2402 64
463 2934 57
2700 577 26
3009 234 78
2621 2032 54
2774 4413 33
4985 622 38
1925 4393 38
3445 1382 60
2494 4084 81
2015 150 83
131 1965 69
2539 1018 47
3565 4027 81
1042 3001 13
3496 2127 79
380 2113 1
1669 390 95
2906 3836 77
3666 2682 13
2846 1050 16
781 1181 81
3001 3720 99
4447 3637 79
2479 4680 32
2544 4528 11
2022 1260 24
2122 2929 67
2968 2188 3
196 2206 37
2861 1404 87
676 3537 68
1808 1539 41
3959 986 78
1489 4818 10
3372 2362 90
2382 4384 50
4858 2858 32
2724 2179 20
778 2375 78
1514 1588 34
3301 2264 72
2620 425 63
660 736 1
3690 2225 19
1399 1949 81
4989 4331 17
4838 541 76
321 3265 55
1640 395 82
2869 1910 71
503 1563 87
3026 4183 12
2088 1196 100
3488 4886 77
4707 1285 26
4639 2626 58
3956 3817 99
1131 4138 17
1837 2131 12
1270 0 74
940 1855 37
579 4881 73
4290 1969 69
1442 458 55
818 1517 92
2144 1156 19
4153 112 88
1703 2595 26
2519 784 57
83 2055 10
4556 4347 17
1945 4926 99
4869 569 20
2637 2011 30
1643 2829 47
3286 1325 56
2556 478 68
643 3534 16
4221 2405 52
4929 3840 7
1990 3397 7
907 1694 33
1057 1563 2
3176 552 65
2106 3547 47
3904 3185 72
1859 742 3
1279 2737 37
4646 1958 94
3797 1888 35
1356 3878 84
3262 1137 78
1446 2194 93
3848 371 97
964 3829 96
910 4085 81
2182 2297 23
1636 3576 13
3272 4574 71
17 4723 11
4251 1079 42
3234 693 79
263 2140 74
207 2340 97
703 3304 26
1098 4215 11
1031 2749 8
353 4385 36
117 4009 62
488 4026 86
450 3278 17
4291 2864 11
4270 4480 3
2795 4687 43
1691 1743 99
768 4193 14
2578 224 63
3038 1930 100
3425 2047 9
3387 3887 36
4424 4338 66
1540 3629 30
4350 4251 62
2004 3398 50
646 89 45
3945 857 38
2810 4788 15
4425 2826 45
424 2603 92
433 990 80
820 414 70
4485 3307 99
2366 4009 3
4728 1014 1
3129 3012 43
3273 3309 100
2610 1120 40
3524 1897 18
2720 2321 22
2612 4106 64
2743 4926 79
2212 763 38
1662 3130 47
1716 4210 61
3817 2339 74
3711 612 83
4462 4574 55
2 4451 52
4719 2171 26
3392 1135 32
3056 3878 11
4486 2442 26
4223 457 8
2969 2173 18
4082 2342 57
1855 1053 69
4289 1868 96
2844 1870 47
4647 2941 18
3772 2686 6
3356 742 84
4218 1580 79
843 803 36
1951 124 61
2268 4206 4
1277 2413 9
897 1703 77
92 899 99
3738 546 41
908 4319 27
4213 4027 21
2748 3245 1
3726 440 56
1513 2391 80
1474 1012 39
129 2289 52
4837 3186 7
1414 4631 58
1212 3369 57
304 629 28
730 4842 55
4602 3943 100
3702 2669 40
4957 535 84
2689 3361 48
4627 3490 89
330 3327 27
4089 1093 58
3746 3658 80
302 3962 9
2529 1045 4
135 647 47
4634 702 68
926 659 3
961 3348 16
3360 4327 6
3048 4658 86
2274 3747 79
2484 3845 37
1063 500 52
1623 4381 97
3378 4517 96
2724 503 98
2444 2781 58
1346 94 58
1314 3454 86
3419 1502 96
204 129 95
4435 2613 92
2323 28 92
4174 3003 74
2070 1382 43
1966 458 46
3915 2902 80
172 601 74
2482 1915 29
4119 334 31
414 1891 12
3160 1326 77
4751 3649 57
1843 4176 61
4668 1246 95
2010 4564 53
1207 3480 56
3186 4 57
260 3838 72
788 2957 58
4170 4723 49
4034 2883 27
1510 2635 29
367 830 5
3579 1850 3
3173 212 68
3225 1419 100
2532 958 4
1088 2570 95
2911 3358 52
69 3880 76
469 2914 11
2196 777 98
276 2496 80
1180 2427 30
4682 600 42
4101 177 14
2000 4062 72
1256 150 42
4350 3062 52
1753 4483 84
3880 4952 51
3891 3500 28
4240 3776 76
420 4956 3
3449 991 55
1691 1444 84
2704 4797 46
1027 1053 49
1920 1755 11
2523 4860 46
2006 3741 98
756 2632 99
1635 3224 75
1362 3644 84
2164 2094 27
1270 137 71
554 4193 68
3899 220 73
3747 3492 28
3009 1015 89
1754 3021 82
1804 130 66
4002 3117 90
1328 4480 35
4963 2996 29
4589 4267 18
660 4821 11
1527 72 83
4800 172 75
1179 3181 42
2419 1288 15
2400 3092 45
1365 3446 15
3555 1126 47
741 1090 43
3669 679 10
4438 1339 83
3048 4219 56
4582 371 28
3256 1550 61
649 322 1
1063 2722 45
1608 440 43
2974 3995 70
3820 1088 60
2662 1109 91
2124 547 83
1406 4947 2
2113 4529 25
2992 2785 75
3405 3434 49
105 849 72
1250 3809 64
3544 1783 11
613 603 99
124 4618 8
315 1742 55
3197 4500 2
1650 2966 31
474 958 68
2200 4363 54
4249 821 3
372 3423 13
1935 1967 48
3845 2581 52
1843 4057 22
950 4372 64
1956 3921 16
1557 1923 82
2039 2397 41
1658 4598 56
4711 199 77
4965 571 100
4029 3858 20
4877 2703 1
1328 4546 58
101 1848 83
4264 156 4
631 1713 80
3613 104 77
3905 1762 27
4912 2825 78
1741 2790 49
1992 3172 7
4211 3049 62
4011 729 60
4221 830 60
155 1446 16
10 2077 81
1789 2042 85
966 2299 47
2444 2212 24
4122 3953 67
2722 945 39
3829 157 88
342 520 17
1402 1093 47
661 1248 93
77 1259 22
2557 3048 65
1494 4014 64
2192 2811 76
716 1933 81
3382 4655 79
4220 4836 36
4459 179 8
4075 2933 2
873 3594 50
4117 23 9
4438 3933 58
1802 427 24
2818 2619 35
1045 3335 20
3226 3069 76
2704 3641 64
3691 3100 43
198 2175 28
2799 4400 23
3001 3517 98
3109 2956 31
2618 1110 10
2494 280 30
180 1326 17
4800 904 39
427 4960 80
890 3 81
2885 201 8
2812 4353 9
2686 3706 26
2584 1815 34
2766 786 97
4728 3280 77
2957 4812 55
2225 4612 59
915 39 71
1895 930 74
2327 3815 28
4934 2979 33
3294 666 39
172 4602 6
1357 2368 92
3653 2096 24
2582 1405 89
4188 4983 1
1699 2250 93
4169 4145 75
2995 2824 42
2022 2759 21
1754 2405 87
1544 2577 89
3149 3935 10
1893 3940 58
268 2874 16
3456 2063 51
2609 3762 1
1801 4283 99
3275 2278 23
4916 4300 34
4536 2406 40
1175 3950 69
1063 3452 56
1024 345 49
4434 613 23
4249 422 38
1751 3031 100
1503 4832 84
401 3107 62
2124 4375 15
4309 3911 73
3900 86 24
1069 2502 76
3524 3526 73
2624 4312 38
3247 4913 60
2284 1664 91
1436 3168 75
4871 3569 34
4232 2045 9
598 2707 73
4371 1607 59
3446 2676 13
973 2553 92
3845 177 4
3682 4776 18
294 3413 82
4936 4849 2
4411 4720 24
4696 304 21
3005 903 28
1577 1626 36
1587 72 64
4100 2397 17
1491 1242 47
3194 1276 23
4811 1570 36
4445 2859 37
3598 2270 57
1321 3318 14
2442 2675 69
2621 4252 95
3056 2192 19
2520 1292 16
888 4135 10
4434 2329 86
4109 3493 9
2196 4290 68
133 2888 90
4141 562 8
3454 4356 84
22 1977 88
4568 34 80
4186 3906 24
2553 4794 59
2162 581 41
4400 4690 86
3208 1886 76
1227 3371 16
1516 2513 30
123 2319 86
2758 2342 16
4646 3262 2
77 2449 8
1801 1354 54
4011 4869 35
4903 621 77
4288 181 16
4315 1408 87
3583 2924 100
3412 4399 20
3950 2158 14
1465 3156 76
366 3233 77
4525 1386 84
3478 1750 5
4365 1653 26
4941 942 7
3756 257 15
2295 192 39
3346 3605 38
1717 3907 48
2430 372 4
2758 2090 90
534 1615 76
2369 1445 78
4073 810 32
1398 2104 74
3904 2212 83
4170 4507 76
1008 2854 33
3598 4571 40
4697 2002 12
2601 1112 54
1442 2998 69
1669 368 14
3647 4441 77
2278 840 33
1851 1096 45
4385 267 53
760 2627 7
2092 1225 30
3683 2275 84
4294 4876 96
3347 2670 95
367 4339 63
3833 2986 56
4461 264 96
2193 3467 45
2137 4205 12
2941 1317 91
247 4762 69
4829 3445 44
1412 4092 72
460 3791 42
1154 4159 81
3568 4344 20
423 3805 36
4471 998 56
967 3135 61
1378 2429 78
2120 2676 40
4088 3857 86
3331 270 78
3802 730 69
1943 3236 80
776 3156 24
2595 3579 29
1030 4402 79
637 369 67
3097 3099 96
3227 220 24
1766 4308 82
103 2640 4
2532 2794 86
2401 1090 22
4132 1866 78
3856 813 9
3736 3195 12
4615 3833 33
1333 1930 33
4128 157 5
951 3276 13
2984 3379 5
287 912 100
4672 4665 42
3645 3797 8
774 4005 21
1483 4094 68
2946 3709 1
4778 1394 84
1062 522 93
3918 2825 69
4731 2162 1
887 2449 65
4838 3474 30
4879 3471 79
1786 4246 37
858 729 31
4478 27 40
578 1157 86
1313 3572 8
2206 2490 85
2726 2221 47
1626 4461 49
2790 4299 75
4971 4179 46
950 2317 92
2286 4528 73
2716 4006 52
3207 936 10
92 2250 82
3851 4456 72
1787 3534 46
1886 161 7
786 2951 58
4512 4275 89
357 1577 7
1801 215 87
325 4283 45
3877 2490 81
4938 3934 83
3219 4137 91
342 2276 26
1039 514 87
1197 1300 90
655 812 65
643 2522 94
4301 675 9
3839 1000 92
2383 1229 34
3216 1167 20
1298 738 9
189 1081 86
3966 2120 100
1552 4670 53
4793 325 65
2310 2320 87
1403 1622 62
712 1813 15
655 4197 44
3089 2413 64
808 63 2
4017 1604 35
854 570 8
1853 2122 78
1857 3268 3
1322 578 75
4660 1981 49
3674 4045 63
40 1053 12
1283 4142 25
1398 1302 40
900 319 45
2834 2525 15
3241 731 90
4670 2588 58
72 3910 36
499 4923 69
2547 4949 67
1409 4989 20
820 2624 14
3996 4023 16
2236 4923 88
2080 4109 13
3846 3703 44
2735 3373 85
4892 4798 47
3979 297 70
1400 2844 19
2866 606 60
1737 1426 85
4750 1775 8
4065 4011 83
1404 2443 92
4917 2641 95
512 377 69
3696 1621 67
2143 1953 16
1864 3353 60
1535 2571 66
1194 4308 45
3478 410 20
4785 827 83
2367 2232 78
411 2149 19
805 4013 48
925 2710 70
843 1205 75
1058 3069 28
4118 4604 99
4135 2151 59
1931 629 69
1502 1767 96
1436 486 28
3813 897 29
184 3055 95
1931 3980 5
1652 4824 62
3326 882 83
4705 1352 88
2303 1840 39
1913 123 20
1933 1626 39
1429 3062 26
4508 3228 75
1089 3412 30
1683 1695 63
1339 4700 87
2200 3026 21
2482 2732 26
3721 1387 66
2111 4653 41
2483 1586 67
4621 4367 82
2246 3876 10
3473 1317 74
1402 4352 69
4664 2043 69
4102 4243 48
4423 3077 32
3800 3151 71
17 1614 24
1357 449 11
4324 71 78
3057 3669 6
18 2142 75
391 4897 27
2459 4561 70
580 16 65
3079 791 95
3310 4591 98
2632 4608 64
256 965 14
818 1641 85
747 4698 6
4553 4716 49
2379 1459 98
4558 271 11
3779 851 27
2244 282 18
1490 4944 9
239 2576 69
602 2832 35
2767 2 28
3 750 79
909 1655 47
309 4034 7
4606 3592 78
4816 2372 81
43 968 15
2412 3810 59
3021 401 35
941 2355 20
3475 123 22
355 126 72
1933 1035 27
4579 1344 14
37 2302 58
766 2119 82
3698 2162 2
1912 4574 12
70 3947 65
805 4889 21
724 4716 44
645 1423 22
2669 3356 58
1347 4288 54
4060 677 57
3070 1444 28
4451 142 42
3153 2055 68
2016 3477 16
1281 4282 57
2901 1358 25
996 3356 49
4217 1025 57
3474 3724 97
1780 4137 75
2388 2207 71
115 1658 65
1356 4811 72
3523 3180 50
990 4461 84
4698 2362 43
4475 3358 51
675 3927 28
231 2402 52
1780 534 89
4006 4274 48
4028 741 7
4192 3449 70
2764 3324 50
1165 4315 63
3848 365 77
4242 4840 87
2992 1867 15
4119 3451 69
323 231 3
663 589 77
3211 4617 70
3769 3809 19
4138 2925 43
4040 442 58
3402 4291 76
2831 4885 68
617 4230 36
2331 3349 87
2799 24 18
3801 688 7
429 3899 76
2798 2668 85
3616 3158 63
4111 2198 5
2568 1953 48
4095 4784 34
463 401 64
3698 4085 65
1736 1884 90
3653 2038 78
2511 2467 29
986 1618 97
4622 1586 55
1184 697 6
4541 4618 11
2188 3713 47
4721 528 100
2836 578 85
4301 2314 70
2142 2319 8
4319 1182 27
1747 2168 45
3195 3143 84
2801 679 33
958 220 51
1068 3761 17
2314 4834 97
314 2671 76
3750 3324 90
2719 466 62
3726 1137 44
3553 4236 65
1349 2431 8
2084 1584 39
3517 2543 12
919 3611 73
2035 2278 7
32 3944 30
4959 2694 6
2200 1766 72
1761 492 61
2505 397 97
1769 3099 80
528 183 65
1318 52 60
2329 972 23
2101 3007 1
3060 4391 97
3041 702 44
1347 2903 10
1470 4664 54
2731 3521 4
4579 1642 3
211 2170 38
2427 3489 91
2186 2170 63
1908 4272 22
261 3684 66
2557 1725 68
3900 4424 23
3361 895 40
3315 4978 61
18 4557 4
1172 1120 26
2509 3547 67
251 733 38
3965 2642 62
2039 2903 46
4504 1812 23
4023 713 100
1446 426 47
4885 3741 25
3197 3759 34
1800 4931 55
278 3793 2
2244 396 88
1381 4362 30
1142 1401 85
939 2257 97
3814 1280 62
1113 4078 89
659 315 82
1535 3513 94
1968 1665 77
4874 1943 70
1328 4188 67
3515 1921 81
4696 4416 82
3780 355 91
1028 521 71
342 1634 2
82 3645 17
3563 180 30
3508 3501 96
3385 4727 39
3406 1055 79
3824 4570 1
3604 618 17
1137 750 24
927 1779 46
3350 3473 32
1203 4907 30
3019 4822 62
4701 3331 63
1696 1716 91
1986 122 98
2817 3947 21
569 3903 39
2737 41 90
260 2320 21
4657 2022 94
2041 3225 53
3070 1245 75
631 946 6
3046 3994 22
188 2332 97
3385 149 96
2505 718 99
2244 3455 92
4085 3716 13
2705 4725 87
1150 1766 13
4502 4836 10
2676 1820 56
534 1218 2
107 1406 34
4803 1143 84
4798 3649 2
49 2245 10
340 2682 26
4304 387 3
291 2889 70
4503 3743 58
1312 1419 30
419 3305 48
3520 3413 54
305 3216 50
888 4367 99
3542 4416 96
4651 1108 78
828 413 17
1730 2056 58
751 1559 1
961 4223 72
2990 994 78
2590 866 91
2243 1171 59
744 2060 26
1542 1954 94
2289 1605 3
718 3785 68
886 1867 24
3943 2619 35
743 4932 58
315 2922 4
3192 512 70
834 4108 41
1692 4852 53
1918 2747 7
4263 1388 64
1365 2107 49
1584 4345 17
2507 3289 88
2693 4032 20
750 699 94
1153 243 59
3774 1077 67
1215 2770 71
2067 1040 70
1226 1655 11
1989 4373 18
2890 957 63
4306 4817 4
1045 2510 37
1364 4613 88
957 2118 32
2415 893 9
4333 2108 31
2456 527 23
4677 1753 79
3287 3743 52
356 2985 61
1771 2291 78
1474 4688 89
210 1052 2
2350 3361 20
3381 2129 65
489 2814 73
3072 270 1
1694 1300 54
3324 4587 49
2975 4944 34
4936 1715 77
3065 3189 65
2353 4752 69
2606 2102 83
4978 483 64
3242 2324 78
4967 1748 1
2219 3443 1
4872 1767 40
3973 1095 84
1058 2383 51
435 1800 93
851 4154 97
3672 3112 99
4854 4442 34
4517 2685 10
3346 4004 59
2446 1223 54
4198 2447 73
538 2772 20
1821 3831 3
2524 618 4
1416 1469 10
1412 1493 74
4862 1347 17
147 2216 54
2756 1915 58
3466 4361 33
2619 3560 80
1244 450 53
963 3623 84
4418 1147 2
4673 3915 23
4082 327 17
4307 1541 16
2623 1688 85
1328 797 100
2685 4263 13
1617 3235 25
4349 4479 75
3501 1794 99
2836 1212 46
2789 885 62
563 1319 41
3479 627 83
447 4602 71
4631 931 68
2082 3616 84
3894 1586 71
619 935 2
2793 788 96
4943 4976 9
1889 2765 94
4102 3328 66
1642 3160 93
2076 3607 95
4199 4590 26
2118 1672 95
4301 1918 33
2423 2537 20
24 1683 60
4420 1626 36
28 4867 53
2873 321 33
2038 3316 93
3182 392 52
2577 4591 42
4254 1710 66
900 2363 85
4132 4787 74
1003 4811 9
3662 4231 88
1297 611 55
3049 3485 29
4482 1875 45
426 58 37
4978 3987 81
471 4593 43
3989 494 6
4425 978 45
2398 1982 9
4759 644 92
3746 3294 4
3952 1343 41
4480 2177 16
3324 3956 26
3913 286 13
4093 2109 7
2335 1098 53
4292 523 31
2389 4274 65
1649 4033 62
140 2779 56
595 3083 51
887 2564 81
1703 888 37
280 4801 23
2845 246 32
3651 3933 83
2655 4578 58
2637 3319 32
4602 4968 17
3563 108 48
2170 2056 32
2120 2943 96
600 998 36
4388 1279 38
2110 4124 36
3294 4127 70
1928 1782 100
1085 4419 19
869 373 87
4685 288 95
3985 2458 3
16 4579 47
4963 1531 45
798 920 24
2787 4382 100
23 2676 27
2544 956 61
4643 2042 81
61 2911 6
447 3948 95
2293 2933 53
1196 4301 32
3042 4264 64
2238 1415 36
1362 4202 18
961 577 47
1040 3121 3
2900 4116 97
532 4177 60
3538 976 9
1832 3270 94
2584 818 48
4268 212 64
2483 2450 79
1618 164 34
135 2478 11
2681 3518 85
2536 1418 1
4432 1951 31
592 1841 7
2052 3673 29
2797 1257 47
2844 525 11
3508 3008 14
1938 978 78
4571 1114 56
4134 147 26
1818 2683 45
4970 2116 48
2300 4060 89
607 2464 14
3535 261 71
3634 4458 49
296 4318 9
4409 1256 88
39 2180 54
1794 1314 1
4772 4484 85
4168 4454 53
515 1755 65
55 3714 29
3268 3601 42
4090 3587 100
1790 3884 70
3851 4645 27
538 4684 59
4691 2831 73
3991 2603 9
2327 1771 63
4131 3638 70
4995 3693 36
4675 3313 90
4617 3755 77
368 1898 13
438 749 59
1764 2639 43
2974 2330 74
498 2673 77
2506 1353 100
320 484 38
1242 1832 83
877 1507 48
466 1124 56
3643 2845 54
2055 3283 3
1465 1399 94
4208 4373 24
1133 4871 49
662 2377 54
1961 2697 91
1899 291 23
3233 1169 30
2881 2987 7
2636 1630 52
4289 38 87
3043 2855 86
4436 3415 59
4511 4549 82
3611 211 59
4065 3524 8
1355 1775 100
477 9 21
2458 2890 8
1916 1878 91
4219 1167 81
4805 562 36
1790 1350 52
4500 861 53
2081 824 16
3391 4889 40
3751 2596 68
4402 4425 77
1222 3236 19
2381 1504 97
171 724 16
703 1881 78
4091 24 80
4542 4524 93
2246 2958 17
161 1349 59
2952 1452 55
2519 854 33
2095 3428 69
2265 810 73
2961 2333 49
2528 3037 83
2657 2128 7
4136 3022 83
2828 268 41
3697 429 43
4455 3381 47
4161 2253 2
4645 700 82
3365 2966 92
3590 2279 26
4538 4808 15
3720 2465 95
4278 1602 17
4361 782 85
3753 4479 66
847 286 99
4394 800 52
147 445 53
4328 3811 71
672 2401 50
4349 3291 58
1063 3364 24
1257 2642 78
825 3355 60
661 3461 92
926 4308 78
2276 54 78
4528 1553 76
3832 2234 87
1102 2906 40
651 2255 31
9 4670 95
3184 2279 90
2961 4456 45
3520 117 58
4911 2395 67
2941 4671 73
1770 551 27
1045 4383 61
483 1837 19
3674 2489 26
157 3850 96
3 2034 27
2492 1347 83
4689 4867 100
346 1131 47
1664 424 18
4389 2194 70
2315 4592 5
3827 1427 43
4597 1454 84
2622 1611 34
1669 1614 20
2995 459 67
129 1500 86
2380 1846 69
2026 4863 45
1343 4252 92
2564 2919 84
3169 3098 63
1963 2695 17
3246 317 80
4731 3338 47
4602 2685 6
4468 2814 6
1905 194 4
1826 3572 19
2170 1267 71
1061 3832 90
896 3353 40
3511 316 35
2579 4914 4
3259 4645 42
1905 4247 27
1010 67 93
2967 3324 39
3122 150 11
3141 2321 79
2411 4734 63
953 631 16
2592 4142 84
3279 1721 50
4282 1332 47
4976 3237 46
2002 599 13
3195 4918 37
933 3041 40
3596 1182 13
1174 4945 47
288 898 78
2755 4843 72
538 4474 46
939 3756 78
985 3732 16
1630 2087 67
2342 1634 86
2730 3919 27
4621 2515 9
3833 41 6
2780 1681 57
3709 4436 100
133 4974 74
3278 913 82
2755 3250 67
470 4880 6
137 3574 40
1074 2657 11
3700 2278 79
3860 1112 72
3965 244 54
1321 305 90
4872 438 17
2897 3716 82
1031 1472 33
4249 3294 13
4554 3431 88
2845 857 45
55 4557 75
2485 4769 87
4957 87 83
4110 1408 89
2699 2633 27
2615 530 96
4797 2913 68
229 2162 62
1893 1716 46
2132 913 3
3676 2321 13
3851 4806 82
1489 4763 69
724 3873 30
3912 2925 63
3890 540 45
2585 1689 59
4104 3270 73
2566 164 90
2163 2296 55
1265 2325 76
2629 2528 83
2411 4017 98
3631 4741 24
1260 5 49
2874 248 41
1371 2833 31
2781 3290 53
1353 2208 69
2994 4371 66
549 1988 43
424 4618 71
1458 3381 40
2256 2012 34
3279 4625 91
3579 2499 39
4419 3870 25
3301 1651 15
1806 4357 23
474 2351 46
2791 2900 34
2433 3325 4
4603 4783 85
3495 3391 50
2128 3022 75
2118 1601 26
3709 2373 49
3133 2026 52
2199 3832 9
2121 4307 61
4118 2098 61
1751 884 38
1707 487 74
43 334 65
392 2462 88
1718 933 41
544 994 14
4592 4127 93
1643 1326 25
4404 4799 84
3164 3917 35
4824 2020 19
2514 3727 58
4987 3771 93
851 515 7
1090 2234 92
2931 4130 86
3496 3722 13
1088 1717 91
3865 2473 90
948 637 59
2834 1814 80
4252 4328 59
2510 4315 82
2454 166 98
4860 2609 84
904 1892 14
1589 388 88
2754 2829 5
244 1694 79
3886 3994 68
2796 1829 82
3727 1081 10
3386 4943 77
4519 2397 96
4816 3610 5
3699 4514 97
1712 1103 37
4799 209 66
956 1806 60
4586 692 7
205 4840 36
1287 3568 69
3048 3306 13
4125 2825 62
1720 3994 72
3276 2693 38
372 758 94
4208 1909 3
874 4217 9
585 155 53
4291 361 94
1178 3000 62
4147 1048 20
2059 1525 45
3720 4597 39
344 2873 85
2833 3245 95
1426 3806 56
229 1032 74
2189 1617 81
1194 2261 42
3687 3439 94
1100 2586 95
1819 997 20
1715 4718 18
606 1414 91
2190 4247 89
2236 674 95
4191 2255 27
1716 796 96
4397 1990 57
3790 2029 49
1184 3129 35
978 1300 33
3649 3016 3
918 4974 69
1061 2164 16
4449 752 42
2995 4943 49
2573 3012 98
120 2409 88
3577 2551 70
3177 87 99
363 2417 52
3547 1067 20
1449 3337 94
3469 4398 10
4737 199 62
3030 4546 57
3579 3471 21
2628 3592 30
2315 3521 34
1736 1698 21
2935 2061 39
3138 609 58
1357 3410 95
902 1880 46
2611 2969 97
1424 999 44
1532 4578 15
4653 3558 7
1534 2226 28
967 3962 78
488 1897 40
3778 1387 1
3135 2744 11
2181 3646 43
626 2609 12
623 385 12
166 1918 42
4532 1571 1
1139 4457 27
2618 425 89
796 2265 39
2387 2395 26
4587 530 23
1549 2711 21
392 4690 83
3555 313 68
1366 1831 86
1460 1363 9
112 3854 67
4638 2825 44
4478 3621 9
2568 2360 4
2046 1947 86
4268 3496 49
2840 240 39
4022 3796 4
1942 1514 35
427 2974 51
3188 3086 57
4054 4076 82
3049 4907 55
4309 2475 15
2964 873 62
2149 1493 11
397 4334 51
4688 4708 47
4291 1650 62
726 3430 88
1228 1618 27
584 2024 55
2766 73 62
1272 4382 90
787 2346 15
3600 847 9
4910 2596 43
1461 2284 3
3159 2928 54
1372 6 36
3912 1234 6
4538 1818 30
1944 936 55
4258 2209 89
399 4348 87
2413 2948 86
921 2859 82
115 672 19
4018 3831 47
923 1556 5
2610 468 39
915 1358 9
1244 3302 98
4350 2560 59
3190 2959 7
4376 373 7
2761 1294 66
94 2762 90
4712 3132 22
3610 407 30
3866 3017 98
4004 3932 56
3665 1528 58
614 878 19
1124 4068 30
4630 4796 3
2436 2557 50
4454 4003 12
2143 3716 96
16 3678 3
4445 2545 20
694 2901 52
1949 2918 32
2859 4884 10
1329 1008 30
2758 1990 26
913 779 35
362 1585 38
3925 3728 6
620 97 37
2722 4542 34
2841 237 35
3244 3538 6
175 2749 90
4336 4078 99
3917 3189 41
1942 4102 20
228 4464 5
2517 3389 86
4875 4009 83
2263 3083 77
2196 2276 66
30 520 5
2135 695 6
477 1383 85
4827 300 74
1167 3594 28
4639 174 92
3343 4043 33
3480 3918 94
2362 1181 77
2139 3377 53
4856 4760 25
1112 3247 72
118 3724 55
3202 4903 55
827 1071 1
2554 710 75
97 405 18
1029 238 89
2322 2600 22
3050 1091 52
1054 948 12
4578 2060 11
149 3530 88
3455 1732 91
2061 3911 14
4261 2817 76
1635 2914 82
4404 295 72
1092 3969 24
314 3371 16
4265 4425 16
4328 4003 28
3990 504 11
2377 3959 95
668 2372 7
1381 1633 76
4157 4620 91
3690 4025 38
3461 1469 8
3536 3135 79
4703 3752 57
3170 4432 60
50 3423 17
460 800 28
3954 2820 1
1360 4202 34
2936 4711 7
3778 4753 84
1267 4566 53
1374 3102 41
1205 2806 93
461 976 78
72 1026 1
188 1486 53
1968 441 74
4768 3153 28
553 2441 39
2311 2571 44
3094 3839 10
1699 1565 64
3439 2770 70
283 3231 99
1560 4656 77
2612 1196 64
4465 3164 57
4138 4284 62
4365 4838 56
655 2149 27
1698 1596 66
2307 3295 84
3722 1734 54
1592 3369 38
3142 4930 94
718 3894 42
1133 3359 7
1989 3849 91
3703 3214 81
2858 3869 83
936 1919 79
2854 578 74
1337 4301 8
2590 893 29
4779 387 11
1624 1105 6
4666 2239 65
872 580 15
2714 4283 81
4395 3493 3
4577 4430 22
1355 2284 1
2780 4973 2
939 2563 47
2467 3695 34
278 319 91
1983 4985 30
3399 2209 11
3665 4924 46
3498 671 92
2200 248 22
2821 2955 58
373 735 31
2226 1674 46
1324 493 41
809 771 13
1400 4106 50
581 2506 60
343 2523 36
741 1021 7
4632 3221 7
2953 2395 62
1262 4120 49
4544 2699 75
389 4023 68
1282 1185 40
3846 2585 98
1395 4518 4
1154 4862 80
2189 603 1
3895 1587 75
2201 892 22
4814 2154 94
3162 1698 93
888 3439 17
2756 1073 54
1747 4919 39
4844 1315 9
1800 3821 71
1279 2363 26
3131 1258 13
3205 4812 5
3378 978 11
2672 493 61
4664 1381 1
2032 489 26
585 2236 46
3075 2081 13
84 3881 34
3306 1512 97
3484 4643 8
248 4201 72
2905 2579 50
2715 251 95
1928 1268 77
3228 3300 66
1953 238 55
1950 3313 36
3262 4749 69
3396 3056 81
2244 2892 76
2351 3140 77
3622 1045 57
2224 113 60
1318 2041 28
3146 1621 81
464 4926 19
18 1877 32
3005 1491 82
1225 1239 90
957 3484 82
332 835 74
3909 810 72
1417 3034 85
4176 704 78
4556 3851 99
3236 4315 77
2154 685 6
737 3690 98
4070 1267 37
1811 2224 21
2444 2556 9
1218 2817 19
2389 4234 5
25 4763 9
4702 4319 12
2352 2555 79
1280 1061 64
2086 3150 6
4383 2221 73
4271 384 49
2644 2829 6
1852 399 23
3222 2788 10
2626 4165 73
4086 219 92
750 3923 99
1728 203 12
4744 2289 62
2801 3024 35
2126 2296 72
3674 1292 1
4131 3144 100
1054 1366 40
3563 344 5
2187 782 76
130 1532 99
1980 4613 2
4891 4357 44
2304 3510 20
3291 1988 68
4662 663 60
214 4794 4
4813 2200 22
4904 2115 18
4160 4302 1
3635 784 85
2033 2764 98
1986 2655 7
581 1312 18
2201 4603 58
3820 617 21
380 831 68
1435 644 20
209 1900 36
4326 1060 90
4226 4695 75
2011 3080 39
760 66 47
3867 648 59
1836 4201 62
1793 3021 79
3766 3401 10
533 1189 6
852 1398 58
4639 724 18
2729 1303 13
1603 4666 45
4593 426 11
239 645 11
2197 2481 12
110 627 86
2288 4393 39
1649 1278 28
3006 2130 26
1263 3122 3
1932 851 58
2296 3806 24
740 3399 2
4251 3639 48
1113 836 81
2177 947 8
1262 4587 53
100 2589 31
1480 1947 14
4257 4563 36
2759 1495 87
3916 144 45
1091 884 44
3693 1487 35
3292 2601 72
372 4778 71
4432 2392 10
2884 2492 51
2615 324 99
828 4582 14
2163 3693 9
701 3962 5
3045 53 90
140 98 29
875 3390 82
3798 115 12
4020 4547 4
181 2431 49
3932 46 73
982 2226 7
2595 4389 1
2055 1442 15
1660 839 68
3501 2332 19
1829 4559 61
4111 3357 76
2522 3729 23
4678 3910 7
4326 4194 5
650 176 32
1557 2771 73
2509 4827 16
2423 2839 7
3742 1340 39
160 3169 98
1321 3632 7
3948 2507 88
1123 2185 51
729 1511 45
1733 2161 22
1316 70 45
289 2579 72
2056 2 63
4662 3745 3
953 3905 73
1802 1578 57
1009 1879 64
1648 4354 49
1198 1435 12
4943 3168 74
216 837 96
3260 1126 76
2484 3182 78
4546 4196 23
2949 149 81
873 3304 11
2429 665 42
2845 2313 96
4093 3512 31
4557 3455 52
2182 23 89
4877 3283 15
152 767 49
430 314 45
804 4615 47
1436 488 51
3647 4269 16
4088 2114 81
236 2560 93
1466 2117 100
2217 4299 23
3805 528 59
2871 681 26
119 2463 92
2916 4619 7
2214 1056 47
4816 1055 17
3083 1495 83
3663 1731 95
4108 3198 64
3007 415 63
3282 573 92
1840 3444 25
2517 4916 88
3509 4184 59
467 1398 15
2914 2566 70
982 649 18
1164 664 49
1611 4772 47
4174 4132 15
2389 2414 88
1132 606 84
556 3123 100
3795 1632 36
1653 2100 86
1920 1366 52
3241 2348 1
1058 4864 66
607 1475 90
4705 650 22
571 3039 36
2010 523 94
1894 1079 18
3045 1226 2
3381 2879 54
1466 4799 20
3470 3041 20
1122 4099 85
3087 1058 12
2529 2116 14
4750 2687 5
738 4698 28
2331 2944 7
2048 989 85
1102 722 65
2255 3541 16
1127 2011 9
2346 3133 61
4782 2573 19
3694 102 87
4607 4852 75
1264 590 25
2091 2922 69
350 1322 58
4834 2424 33
2198 1032 74
2066 2159 85
4974 857 18
3334 640 43
4105 686 45
1991 1645 98
2565 2909 40
541 1 14
109 351 89
2019 1537 13
4651 3736 97
824 2154 56
360 2128 66
3029 1815 6
3272 920 44
3616 2911 89
165 1829 99
3657 2370 52
70 3832 3
4158 851 92
2023 502 28
919 2678 34
3327 4390 63
1592 2419 30
1849 2043 50
2792 660 13
380 2177 42
2230 834 65
4081 2257 97
2635 2767 48
2727 1142 2
2906 2062 32
240 1741 74
1054 3333 93
3683 1534 37
3584 4326 49
1396 1058 78
2390 3289 65
754 3722 74
4302 1358 41
3701 437 84
3602 4695 98
3885 4935 39
3558 2341 24
2002 2376 58
2490 960 36
4990 2357 94
4668 4747 35
1532 1853 58
3357 1155 68
1597 4856 57
2332 4810 52
1481 3695 40
1019 3605 81
1594 1959 10
3703 4450 70
138 4440 27
3984 460 26
2470 1992 79
4679 1701 34
3246 3299 90
4954 1983 100
6 3465 47
2697 836 52
2729 2431 12
138 2486 14
3508 3977 54
4234 4313 15
2412 1783 59
1090 1463 61
924 1061 12
613 1016 95
1465 2374 12
1011 71 49
515 2800 32
1978 4291 18
2891 2799 47
4596 3385 60
1762 797 44
2273 1888 59
3133 4164 20
4996 4777 88
3842 2594 62
1154 3606 85
4302 473 38
1233 2451 29
2002 1694 28
3101 2642 65
2160 4405 15
4355 1678 55
3013 1163 19
4085 1159 96
1172 1 43
634 2507 49
1518 1809 74
1555 4394 25
2235 2749 71
714 850 13
2579 4362 70
1593 3718 100
199 3083 63
1617 3520 74
4164 4693 28
4306 1679 35
4406 4549 45
4979 2457 91
4355 4692 92
425 407 42
490 4338 57
1311 2283 27
3811 2482 10
2473 4099 83
3647 3263 28
2526 2570 7
2560 1976 8
756 3308 65
3347 2663 58
1390 4441 17
3932 1283 55
2188 2594 38
514 1405 20
3275 231 71
909 230 34
3236 2756 56
2242 316 85
2150 1073 93
866 772 8
2923 2162 49
3091 2446 84
1245 986 79
3034 2852 36
953 2480 67
675 3389 97
2309 1626 5
4216 3868 22
3100 2370 47
1644 3237 71
2852 2512 85
4852 604 32
3136 3201 70
366 1236 23
4001 3541 3
4220 4217 92
4668 2878 18
2873 2094 39
2746 1547 61
3692 3191 50
3114 2395 63
4698 2248 19
81 1736 72
1451 2102 8
673 1103 2
3727 323 71
170 4992 1
1888 2865 95
178 1963 94
2190 655 86
2440 121 33
1554 4819 81
2624 1253 17
1895 2704 19
3755 4729 75
4156 4808 50
1478 4978 42
1678 3218 59
324 3396 22
518 587 29
255 4379 50
2387 933 22
1768 3557 75
4236 452 31
3807 4207 12
4481 4715 20
1830 2545 98
524 4223 17
3434 4548 65
1956 1418 52
3836 1673 83
4486 4060 16
2659 2180 73
733 1417 78
4215 1576 37
2426 2409 53
445 4239 98
4794 1115 74
1010 4550 74
3327 2858 92
1230 1694 65
3513 2532 25
1728 191 58
4853 2276 27
3430 1491 3
3918 3917 12
4122 714 3
520 509 19
3845 2871 21
1718 1198 79
2361 2429 73
3325 2294 58
4701 4022 49
3258 227 26
4584 9 69
3838 3928 87
4149 3050 53
52 4922 14
3422 3767 86
1342 1837 36
3472 4198 17
2296 3875 11
3653 3577 86
1554 3187 13
1731 4124 23
3399 2962 51
337 3464 53
2990 3516 76
2503 3290 95
1240 984 33
1176 4456 83
4892 3104 59
2255 1758 88
3640 4664 27
252 1395 3
3226 4794 66
128 132 82
81 4474 50
1308 1977 40
1302 3218 76
4486 746 32
1869 638 88
4479 4245 46
2018 2885 62
2744 3138 57
3947 2716 52
4464 2845 36
3445 2926 10
2294 4234 87
785 1888 57
260 1375 3
543 4596 94
3930 4075 39
428 2445 77
1589 189 15
4146 488 83
2849 1304 28
1684 1101 6
1345 3395 40
2983 532 29
2840 792 56
4794 2687 52
3739 1618 79
1930 3398 24
3006 4987 65
3572 485 6
1854 3334 10
2982 1370 12
3387 2715 59
4379 699 92
2259 4891 36
2866 1037 76
1717 4777 94
2347 3059 92
422 1065 31
3686 4637 17
3791 1491 3
1553 825 26
4064 565 93
2674 1296 44
1817 3555 35
3105 2773 25
2080 4490 54
2673 3189 13
3016 3611 78
4698 3649 67
514 3793 10
2369 346 36
594 762 53
4238 4788 49
3582 1606 56
4168 4711 29
792 1791 71
3545 816 60
4357 184 23
1234 4882 24
452 1749 17
1162 470 15
2697 2416 29
2501 1654 18
2249 236 76
1904 4405 87
684 197 30
3954 95 98
1765 4452 34
4539 2039 68
962 2491 17
2531 3653 87
4445 2702 3
3474 203 10
3643 3804 46
418 2060 51
3256 2744 1
2885 3050 48
1034 1167 100
4367 2058 91
3934 3021 35
1603 1904 40
4741 1349 95
296 1175 50
2505 1170 55
4950 1588 15
3153 4844 12
2905 4081 14
2752 1467 34
3403 2186 92
2446 2473 65
332 4076 69
1871 169 71
3817 465 98
967 4322 69
3273 625 57
2639 3778 54
4750 3035 87
2616 787 55
1649 542 93
2740 2988 66
3205 3320 94
1925 1544 64
1995 361 81
945 2680 4
4713 953 29
1421 3593 59
4326 4695 94
1313 2311 33
1119 3960 75
3111 3053 16
2577 1258 36
2470 4535 32
3885 2883 46
766 3828 26
3321 4893 32
149 1314 25
3459 641 72
4804 3306 84
1936 4425 96
962 3888 49
2977 2817 59
4665 288 95
2896 525 30
2841 1291 10
1819 4612 3
1750 1113 17
1626 4572 10
1197 4376 68
4432 2664 93
1628 3627 34
3228 2956 51
1087 2621 39
4833 1870 65
2814 1063 8
4623 2882 73
1325 4632 86
693 2610 11
703 3808 39
370 4592 4
815 2572 83
148 801 91
2298 3240 13
1089 4425 35
405 2239 98
2364 1862 81
3936 3187 65
2974 3880 76
1584 935 36
922 2658 28
4277 3473 53
1259 4973 54
2550 3623 46
2814 1064 71
1300 1469 10
4497 186 24
1929 4122 63
3994 2096 43
21 3680 31
4856 955 89
635 232 14
339 2844 39
844 1746 14
4589 912 79
4111 2212 100
872 1709 86
4495 4991 61
2657 337 9
1052 358 42
1734 1566 97
74 3553 29
3239 3893 25
1377 4737 71
4490 4327 83
20 4790 95
2020 663 57
557 158 100
3217 4168 37
4326 1572 47
467 3306 13
2563 3380 18
1243 1619 11
4120 4348 1
2390 190 80
2925 211 70
4319 3583 33
127 4140 44
926 2358 12
3414 3036 84
1260 3503 42
2024 2418 22
1342 13 41
904 485 41
204 2876 31
183 2153 42
4953 1472 25
1737 2952 18
3680 230 28
1143 3645 64
178 1257 19
2519 3282 89
3240 976 54
1932 1880 40
1324 2085 68
4555 2268 21
4348 3573 45
2725 311 49
242 343 80
1469 1487 77
2084 1665 86
1202 537 68
442 129 96
4695 2062 77
786 4738 62
1105 4293 82
2225 3642 8
2522 1367 71
770 2961 14
601 4430 53
4077 1514 19
1515 4068 8
2234 862 37
3930 1909 51
2506 2696 90
4519 3801 83
152 2379 77
4359 4901 96
229 671 57
1443 2625 39
495 1702 5
2565 3217 73
1524 1804 35
4261 734 45
1763 3240 93
2652 4111 46
4187 4263 25
4363 4975 78
3611 204 2
4467 2999 27
1106 4847 81
610 3764 51
535 289 55
1321 902 89
4017 2665 81
761 318 92
1307 857 7
583 1572 82
4761 183 39
2314 1003 90
1140 3461 37
3020 423 54
4470 958 43
2724 3632 97
3064 4001 62
1644 4763 32
687 2422 89
346 3005 62
3627 4118 97
4817 1432 100
4007 2572 61
4395 1945 85
4900 1415 95
4342 492 79
1038 3556 81
1752 1553 44
2783 2240 18
4672 2586 23
4485 2566 94
4481 2383 26
1833 2742 51
1293 3490 96
2529 3390 63
1076 4085 55
3254 1475 64
4434 3227 17
1729 1011 57
2798 2035 96
521 2872 62
66 3705 97
1043 538 92
4593 3184 82
1440 2065 72
4703 3141 9
4809 1396 85
4824 2182 12
40 264 75
3849 3062 62
244 4935 34
4205 1 40
3253 1045 30
44 1990 14
325 3431 80
349 4486 21
809 647 69
1393 472 52
1557 1864 68
4083 713 30
3645 957 66
2430 1514 19
4921 4768 16
2951 1164 7
516 1490 90
3795 3191 28
1568 4000 75
736 1746 99
3439 3303 64
2758 3738 77
3788 3735 87
1105 1166 53
3423 2439 73
4491 390 38
1197 907 80
2686 1054 23
13 2622 75
4339 4711 21
4138 4502 76
2153 2261 15
881 2401 50
567 4858 68
4472 4633 8
3144 4124 50
4333 321 9
2012 4359 16
4234 4372 90
1809 64 53
2481 4202 56
1457 1355 69
523 2236 22
3324 4156 80
2292 3628 13
51 3124 90
4552 2458 11
1313 4470 71
4128 57 95
917 3218 11
3770 699 13
2477 3508 20
3445 4031 9
4518 2356 17
4097 1000 97
4661 2403 21
4350 1955 31
713 3268 54
1435 2396 63
2881 4666 81
4392 3436 32
1456 913 41
1228 710 24
4588 228 80
3456 677 32
952 1690 35
2924 2393 43
2355 3106 11
3960 893 60
622 3774 78
502 4518 14
3785 975 79
4225 2203 41
1401 3143 21
4580 1599 98
1464 2551 40
4398 1827 33
640 534 91
1503 4494 36
1114 116 11
391 1970 29
4456 756 56
4434 1333 11
2826 2734 54
1446 2315 53
743 131 56
4434 4529 36
519 1522 70
1061 4377 65
2497 491 81
4059 2234 4
139 1690 60
2195 2476 93
4157 302 28
2911 1748 95
4615 3843 26
223 4629 7
2658 148 29
627 1210 58
3091 59 49
2024 4118 35
2927 609 77
938 4156 53
3930 3314 7
4657 2577 7
403 2192 2
4928 3767 32
1687 1425 32
3615 2053 94
1273 1496 53
773 4872 23
2508 4151 85
3636 89 41
2241 372 55
1147 29 32
4506 1785 77
3059 1713 44
1242 3400 22
4574 3368 27
1819 993 75
4124 3118 48
546 626 51
3930 4263 93
2823 1504 65
3677 4003 94
3461 4861 31
1789 2921 45
3884 515 97
2405 89 17
4331 1909 10
4106 1033 29
105 2931 7
1607 3214 22
3199 1037 78
163 1066 34
3509 879 47
3639 4020 20
1835 2905 36
3432 310 77
4748 994 86
3410 1452 71
190 2909 55
3948 4516 21
1970 2716 10
4199 4231 28
1784 2740 8
4231 1380 28
950 4567 85
3185 2999 48
1862 4100 42
3799 3862 46
3122 4052 55
1728 3000 23
3548 1322 39
4109 522 23
736 3658 63
4595 2889 95
2475 3840 63
3259 3377 14
706 239 14
499 391 28
3096 4865 80
2250 1593 33
3625 1493 55
2715 602 29
1037 1338 88
2100 934 29
894 3409 69
608 3020 99
3322 3727 90
1487 578 81
3515 3675 46
946 2277 91
1378 902 84
4485 3618 38
4465 4655 77
3104 1755 63
4633 4002 24
1353 962 44
1451 4284 23
3141 2124 2
1573 639 77
4871 2937 54
4761 668 57
2497 1505 27
834 970 82
1862 427 90
3824 60 44
547 1413 6
1643 4217 91
1465 2358 15
1866 283 6
942 154 43
3648 1268 63
2256 3765 68
4482 951 39
2715 2814 66
2704 2990 78
3047 3538 43
4353 1533 60
1295 2998 70
361 1217 54
1418 2159 60
412 2159 28
75 4415 45
1242 249 97
4732 2965 11
3649 669 1
2626 69 91
4369 774 76
1680 3421 75
1350 134 92
2655 1552 3
4114 1964 15
1842 2039 82
4686 4634 32
4834 4366 49
1444 3016 70
2397 642 39
3239 1363 65
615 3044 86
2341 746 20
3932 4753 24
386 3867 41
4000 2061 32
3382 3100 66
3013 2934 33
1961 731 1
4282 4480 95
321 2719 59
3485 4686 55
1423 2027 53
4494 2311 6
4118 2698 25
2058 1698 87
3389 80 39
707 4445 73
2391 2758 56
2091 2041 88
3785 3714 60
3195 3551 46
2001 4974 26
1553 821 37
2210 1291 35
1735 4701 34
4673 4442 66
711 149 12
1035 2540 22
3443 4631 63
330 4769 77
1289 2964 29
3287 1318 55
2312 4223 76
3648 1434 67
2683 4521 68
4768 546 11
1933 2609 12
4896 3644 53
618 3439 36
4732 3770 5
2561 1411 22
2589 4698 40
295 3362 15
3823 2011 1
3641 1046 22
1809 814 68
771 4099 29
4882 348 74
2886 966 65
522 2050 87
4278 4611 99
2351 3552 49
1742 3848 64
357 4023 75
1757 2664 73
4031 825 39
1850 1596 38
2279 2831 86
2704 2069 4
1568 3943 55
555 3222 18
2305 1925 71
105 3668 19
1268 377 42
794 2134 58
1366 1165 84
4104 4368 80
2294 1647 63
831 4351 33
335 2271 28
3241 2826 50
758 1483 28
1828 1589 96
3098 2857 73
3391 3652 59
1349 18 77
1484 475 45
3215 2769 92
2778 3600 95
762 287 66
2689 3528 45
4191 639 28
2618 3819 17
4713 1918 27
3537 1661 79
4495 4362 49
2971 846 76
2167 4062 45
3010 3192 46
3204 3954 33
2022 2995 14
3666 2186 53
1793 1156 72
2862 2221 42
1788 758 56
718 1606 18
1018 929 17
1794 3097 31
1690 2459 23
3835 2016 29
2620 4038 24
1285 4056 63
589 2201 19
3712 63 41
3754 3203 51
3161 273 57
1930 1292 87
1546 4438 36
1576 1128 95
4798 1316 63
4678 288 1
1202 1573 57
1264 3514 11
3834 2226 74
2274 2332 30
2825 493 3
1333 2424 95
771 322 85
3306 3251 66
4653 4401 82
3015 4080 22
1768 282 47
4576 2898 61
4586 1732 87
1012 359 72
641 3184 17
543 4517 93
3090 1641 16
74 4947 67
4539 952 20
1672 320 100
4093 3440 34
4439 3016 84
4651 3955 17
2090 4967 76
1861 608 12
3477 1151 81
3870 4241 22
937 668 22
1255 1559 26
974 3232 98
1126 3677 38
1559 4469 55
1243 4120 10
4011 1210 29
2138 4423 37
4801 4253 40
1981 4475 34
2155 1764 2
3628 3019 13
1053 345 97
151 2823 75
2688 735 44
4594 1978 16
455 2341 79
1283 831 54
4071 632 7
3011 3965 34
2544 1120 98
4097 1100 69
2209 2154 15
4906 3657 38
2632 2697 73
4827 3644 3
1142 4099 96
20 1735 27
4674 806 59
4932 169 77
4666 2713 49
2515 3162 50
3384 1724 4
4598 2982 13
4987 614 10
1112 441 54
4214 2935 6
2362 2956 41
4988 3982 99
4599 266 69
4527 4932 34
575 2448 97
2724 832 73
2027 1782 55
2691 3121 69
4701 4233 62
1706 4800 97
2811 2162 5
2003 3502 87
2002 4453 6
3522 3980 90
2755 4556 38
1503 2280 22
3327 660 56
1781 3351 78
2201 4404 63
3062 1111 63
3211 274 77
1315 2278 80
4754 632 85
3459 506 66
3448 4613 22
2238 2469 54
3211 796 14
2319 2578 18
4548 1131 22
1010 546 85
2273 3757 60
3401 1424 90
1680 1178 74
765 989 80
182 790 45
4155 3028 14
408 2591 11
3674 4910 41
291 4458 24
2664 1821 70
2501 4094 79
1260 3847 4
1 528 34
726 2645 24
1957 4179 14
2801 3334 94
1115 94 85
1577 3768 48
969 411 58
1492 3076 79
3914 577 25
92 3189 73
2695 4542 53
4181 268 50
304 2225 29
3569 26 15
1214 2493 9
1450 422 78
1597 1391 89
2555 4236 17
1685 3150 46
4910 3242 87
1982 2290 29
934 1471 49
3883 3127 74
2363 1696 53
4177 4262 98
1085 712 21
3114 2310 64
4203 1217 100
1071 2902 50
3517 4164 45
503 1146 35
3384 3432 58
1532 3667 85
1906 1030 33
10 1559 95
607 2645 59
2979 759 69
1743 1314 38
4742 2386 93
2244 2255 57
2988 4110 56
1022 2494 40
1879 4027 8
2215 2285 90
4247 3647 50
1893 606 95
251 4938 6
2272 1681 21
1861 2775 59
705 19 14
3714 3007 76
2869 381 71
3160 3612 50
767 827 87
757 1426 86
2306 4671 92
2852 4923 82
4157 3547 63
1777 408 91
3135 2466 10
3100 1180 70
2176 401 3
98 3561 16
2047 4329 43
3985 1438 22
4570 3744 93
2113 1596 68
4595 753 15
109 3883 76
3399 2018 42
3061 1471 74
2082 3647 75
1484 3745 36
4499 2144 17
4694 1129 55
1315 2051 51
3959 516 47
1527 1463 53
3993 1573 88
1868 1324 6
3561 737 77
1434 4171 76
1060 656 21
2896 1507 65
1764 1201 46
719 3868 97
1121 4180 14
3120 707 77
872 1052 2
3859 4273 79
216 2834 16
3045 621 88
872 1681 96
1093 929 3
3457 4046 57
4655 1117 77
1551 2238 57
3964 358 16
4193 2582 69
994 2793 42
1824 4362 28
2040 2407 1
2779 4631 35
526 724 64
3428 534 62
236 189 79
913 1740 18
769 2057 76
2685 2602 11
653 4948 4
4246 1773 66
2025 165 25
426 4296 57
1860 4822 33
575 4602 67
3337 4839 8
2215 752 49
3332 1521 58
1160 4206 12
1570 1211 60
4773 1809 85
3691 3835 50
15 4261 98
2323 1121 20
356 3048 75
274 1385 14
382 4953 66
3582 4637 39
3839 797 98
4402 3719 9
3561 4845 19
2198 3536 6
999 4903 67
4097 3579 40
3368 3935 88
2242 4209 26
955 4591 79
1772 3173 16
4111 3364 66
2008 2766 85
1116 2680 30
3386 1230 18
843 2229 74
1209 1326 53
400 1047 40
1288 3289 49
1265 597 93
4843 2369 18
4410 1480 35
4775 3488 53
3860 957 85
4141 695 15
4311 1539 45
4384 4100 23
3036 4501 70
1975 2141 12
1475 3406 9
1919 3249 78
1889 2659 11
223 3787 51
4027 3999 60
512 3140 56
3226 2451 47
3170 3187 99
2145 1223 100
814 4550 41
4125 2378 99
3033 649 48
663 2538 60
4773 4113 47
75 3141 46
1335 5 38
4642 3231 42
4488 2754 29
4786 4899 5
938 713 7
4230 1191 85
929 576 87
2228 1239 77
1187 2364 91
285 2440 84
3382 3775 89
972 3417 72
1013 4257 26
593 395 25
1397 2685 91
4456 1916 82
4892 2845 10
978 1425 50
955 3965 66
1397 4250 6
4980 3985 33
4920 4957 50
3091 2322 59
4017 2915 55
1193 665 40
4083 1473 8
4516 1365 5
526 2344 31
4127 4651 96
92 1048 98
4850 1028 83
3382 948 92
1684 4039 14
4242 4408 82
3548 602 99
540 1037 72
799 1906 89
3904 3784 33
4786 2911 36
3281 4355 84
3730 4205 12
1813 3940 12
2556 624 4
622 1218 12
1603 1119 66
953 1659 4
1776 2458 10
3964 2714 94
4849 2500 57
384 2133 12
1968 864 70
931 2677 10
2195 1585 86
2498 2207 4
3561 162 75
227 1115 34
4282 4243 45
243 4560 11
3636 4409 12
2644 1145 45
1007 4465 9
3576 397 38
1437 3944 24
4922 2794 31
978 2707 94
3152 4286 61
3338 3568 57
982 3811 17
2692 3799 26
3255 1443 71
4600 2451 89
3160 2379 38
750 3817 82
3573 91 28
4955 1069 35
1500 4222 22
4161 3912 42
3769 4894 54
1585 3938 5
3810 3546 1
3532 4498 4
2720 2658 83
9 3408 52
4890 3333 44
3917 3289 65
2004 1141 39
3025 1654 51
3966 423 97
71 2008 88
4976 2170 34
2676 2055 32
531 1127 42
4413 1137 3
4817 1027 88
3960 1297 29
1876 3301 71
4015 2678 25
65 1644 49
2362 3068 57
4949 3044 80
2434 2072 35
4417 2603 62
4058 3368 51
4812 3185 79
252 3497 28
3980 374 81
3850 741 59
1727 806 55
3675 3168 23
3983 4469 19
1462 1903 91
2348 1320 46
3010 1731 15
1160 2895 52
1690 3147 2
4869 3480 76
2701 2330 69
3211 4057 75
366 4084 96
1940 4420 65
1559 882 21
4601 4583 41
247 3945 72
613 105 20
4164 3148 67
2565 4369 47
2692 2071 30
3560 282 39
1587 2000 76
2782 3941 96
3446 1852 30
3718 1453 13
3959 1700 58
2282 2313 16
3501 2830 16
4220 1747 85
3418 4440 8
4947 4352 43
3238 939 43
613 3721 36
2408 3520 88
1437 2238 94
1402 2549 94
3959 4832 60
4326 4685 42
2841 3905 89
2078 2324 81
4737 3623 34
2679 1861 25
3974 2474 99
561 1234 71
2649 4024 9
3894 426 11
1839 737 95
3450 64 80
2891 2905 38
432 1335 62
2412 1073 37
97 104 99
3722 430 73
2420 992 60
990 4993 84
3150 3887 10
2860 726 47
106 4177 11
686 3420 69
1523 3852 56
1036 1265 81
4172 2714 86
4170 1436 16
2995 208 60
3054 2550 53
2137 2053 92
2998 1265 19
3244 1372 48
4907 2058 68
827 4933 21
3082 969 38
2763 141 52
3900 664 41
467 11 1
3027 3065 52
579 1554 5
4723 4552 70
3241 4148 42
3640 407 52
1107 2586 85
3779 669 6
4068 4784 48
2072 3684 64
1512 503 75
3864 3530 92
2415 462 46
4371 185 50
2593 4778 50
2186 3418 10
190 877 96
1774 4657 17
680 3725 1
1079 797 37
2142 3661 41
4568 2526 71
59 1293 85
3456 2017 70
2757 962 100
1206 3148 18
1415 3338 96
4211 1465 5
379 3497 82
4980 4576 80
968 3070 93
1108 3990 19
1131 4049 65
2967 3857 82
3637 1614 44
1788 2820 44
2006 588 35
4453 1151 100
1557 1530 49
90 2862 77
3069 3831 99
2414 1291 89
4284 3774 90
2448 1742 47
3981 1731 61
124 3519 33
2120 1877 73
2454 1330 24
605 4239 7
2253 4330 21
4829 3751 52
1827 2517 96
4167 1802 70
556 4250 64
802 3232 95
2662 4708 67
46 3180 44
3019 634 27
3494 2591 18
1852 4844 100
3073 1025 4
4476 4204 21
2171 3371 23
4993 3927 26
4556 4729 10
2203 3743 70
3369 142 51
2764 4513 37
4842 3007 29
2512 1212 25
4511 4285 51
2966 113 7
3939 3637 79
1713 3630 6
3738 4538 88
1699 3093 83
4369 1462 25
1571 579 38
4407 1773 98
4835 4285 62
2812 149 47
1814 4467 12
20 3406 49
1598 120 31
3456 3858 70
1395 558 63
4429 1279 78
2606 2850 9
3943 2257 82
992 3445 20
4253 1257 69
3151 4423 36
3515 4443 43
1163 2394 15
3794 2202 73
2315 4949 83
2577 4378 14
2006 1984 64
2014 2280 74
148 3272 19
2567 3878 28
1487 3381 51
3522 1896 46
316 3060 92
2230 3206 94
4355 521 43
3389 4450 22
3703 2809 58
3218 1175 38
4991 1323 63
209 242 41
4388 1729 74
2990 1604 71
1036 3272 83
2827 1855 41
3173 2562 62
2115 951 64
1788 1006 73
3446 4225 1
2383 568 24
2297 778 19
4737 1518 100
3263 4509 4
2333 1897 29
2167 1076 84
207 4249 98
120 2717 1
835 4505 8
4360 4303 85
4060 3039 53
1435 336 83
4053 1426 54
4753 4689 15
3408 3374 12
1688 541 40
1823 2100 90
4520 2220 7
4521 4407 64
1880 3767 20
4816 2827 59
1968 4263 95
2603 4668 21
1108 773 10
4122 534 84
385 2222 77
2724 4046 29
4313 4918 1
4971 4439 9
1487 2671 76
2306 2487 56
1164 808 19
358 4763 39
2331 871 13
3992 4993 99
4028 378 21
4604 3102 19
3633 3768 90
1233 3739 81
4593 1578 53
369 3884 92
324 48 100
894 1759 63
1132 4090 86
3496 3082 31
1394 2110 9
2867 3067 64
3385 3052 84
1526 637 75
4107 231 54
4359 1952 38
3450 3628 39
4702 4522 98
716 2006 40
2602 503 74
832 3249 37
793 1116 4
208 854 8
3391 2380 45
1665 1487 28
1518 2198 80
1608 2001 8
1746 1703 82
4995 3771 89
2334 2725 44
4107 4910 93
4343 703 10
3998 2263 16
1705 654 96
1402 2319 36
1329 190 86
4561 1798 87
68 3544 42
1450 3539 14
1190 2225 91
1433 2684 1
4925 3380 56
886 2378 19
4053 436 73
4601 1838 45
1636 4519 87
2221 4080 85
1160 501 81
1801 3303 72
2566 4493 97
1057 2278 81
4457 2203 61
4913 4442 92
2631 4847 80
2356 4448 70
752 1084 89
4338 4658 22
4722 818 75
1354 3971 78
1525 1538 71
273 2595 1
1705 3404 4
166 4669 98
3709 2301 46
2688 1009 46
4857 1761 31
2897 1099 41
18 2173 59
3992 4879 30
2621 1404 20
743 3029 67
1143 4734 72
99 4900 41
4848 4961 94
4445 2649 3
3491 3858 16
3621 1756 67
1113 3126 92
3071 3471 71
352 1092 27
4172 1836 56
3290 4331 91
4461 4430 43
1654 4279 5
1147 3724 6
3002 2215 65
2969 2188 73
4036 3301 99
3627 2724 70
4450 4429 63
1676 4953 51
1932 3243 82
3274 2705 65
4516 4359 44
2072 1858 20
2278 1212 36
2694 4182 76
4866 4570 78
1516 4549 54
286 3999 83
1500 2028 36
902 3960 80
4635 3586 37
2799 3102 96
242 1527 6
2762 157 71
3849 4203 5
2124 4069 75
53 1937 76
707 2223 76
789 75 4
2177 2329 16
456 1965 2
2792 4764 56
839 1359 35
2096 473 92
918 674 95
3922 2798 16
2848 2852 54
1324 4911 29
151 2052 57
4654 4229 86
821 1037 3
574 181 68
3429 2372 79
4164 4469 4
1407 1739 78
1502 662 76
3369 3510 80
2174 4834 43
3203 4985 96
2011 991 77
1796 1812 67
4899 2386 100
4118 2168 73
1048 2684 94
3451 4091 33
1528 1945 95
3755 1667 58
187 3841 44
1529 3396 30
1276 407 73
1605 3556 38
4323 3455 76
2222 3925 44
3846 1325 80
4939 4776 72
4124 2656 69
3970 2763 36
2327 2950 78
1871 832 26
2752 3460 34
4624 65 90
1013 740 97
4789 2963 74
2084 1809 99
2064 3101 27
2487 2225 83
4855 1195 98
243 3523 1
4472 1746 33
2097 4498 93
130 474 11
3071 1488 51
4467 1277 66
1140 3361 28
4138 1777 29
3264 4264 54
1398 4120 1
3648 715 76
3848 187 22
4880 2284 72
724 3767 47
2986 1838 87
989 1306 16
3306 3798 29
2433 2937 7
4661 2553 71
466 304 43
2467 3952 58
4342 2800 45
4316 4032 82
3787 1108 1
85 4095 39
2871 1436 97
3286 4742 96
4767 2176 85
1673 3189 38
4195 8 94
838 3827 46
3195 3169 98
2092 3837 82
4625 2625 91
925 4062 38
4063 1934 74
1212 1572 68
807 1339 96
4691 4364 38
2480 3560 46
574 4398 73
3971 3945 94
1521 2389 32
3102 3366 9
2144 4291 71
281 4707 57
1206 919 30
3226 3078 21
2421 2769 38
1158 1601 98
1255 3527 48
3827 2499 45
2273 372 35
3204 3474 1
4464 619 45
3434 2252 52
2043 4811 23
872 4389 1
3744 1810 22
981 4321 23
3130 576 51
4677 756 2
1522 3029 74
2108 2585 100
1060 2049 19
656 1835 24
4959 3878 87
181 1102 76
4833 1199 38
2254 2180 59
2629 1663 88
1531 1340 96
2932 4214 77
4705 2674 62
2656 3735 63
1227 4391 50
2050 4351 81
388 884 83
1763 718 34
2652 4324 15
1511 1953 30
3650 3484 70
2897 2768 85
173 3825 59
1386 1482 46
1000 2709 90
2449 1111 93
4129 1499 77
3264 4614 95
3597 2266 72
2463 129 25
2992 3779 62
4862 3028 30
2298 4553 56
2408 939 38
2606 1939 99
2195 4389 10
2487 4870 9
3663 3134 23
1910 1732 89
4481 547 19
357 3540 50
4718 4754 31
1848 2052 84
4155 812 24
2944 3418 63
4442 613 4
2051 4452 27
2511 4468 61
1233 1378 45
3573 2211 93
1043 2568 33
2293 3639 87
2923 1839 91
3106 994 3
581 290 74
4996 4732 39
3799 3135 92
3825 646 60
3338 3231 90
4582 3156 53
1374 4200 21
3058 2845 12
4496 768 51
2986 226 97
3641 808 87
4066 804 71
104 955 58
1947 1133 56
3258 823 87
2299 405 96
3551 3132 96
3724 2542 41
2535 2039 61
3186 1377 87
1182 1370 47
821 436 3
1543 541 11
401 3840 96
1256 2099 19
1695 4398 76
290 2950 60
4437 3026 3
77 561 94
2837 99 23
2175 2634 94
3674 3455 30
976 4998 23
1938 1751 64
4033 3008 63
1951 1055 13
2979 1345 15
2138 2134 41
192 2211 3
285 1400 2
3108 4927 36
3653 3601 43
3282 930 94
4805 2868 45
168 1902 5
3982 205 60
2194 3184 57
4709 323 91
249 1867 54
2703 2153 6
257 1613 86
4092 1618 39
4087 4900 69
4080 4705 90
2176 1225 92
3281 207 49
1792 3754 34
3001 4815 9
4991 64 76
1897 4120 81
1554 4377 46
1139 4821 64
678 3908 17
2498 4340 74
2187 2869 100
130 2502 59
3279 646 65
964 3647 80
3972 4991 97
199 1888 17
3580 3442 94
1277 934 67
4241 1612 76
3457 4110 68
3730 1298 89
1581 1428 91
992 1059 38
4156 2023 85
2136 995 28
2884 1195 16
1400 1127 11
645 2404 45
4711 2997 9
4038 2806 19
4058 2889 69
1946 4470 50
3689 1814 61
1078 2323 85
2114 811 32
3142 3695 79
1057 95 6
119 740 63
3763 1803 60
1723 842 67
2442 4900 8
2162 3198 30
4663 3239 45
3224 4317 68
3808 1432 79
3091 926 74
3570 1983 21
1527 3455 13
1889 3570 16
1601 294 10
4119 4088 62
4526 1250 61
755 914 100
151 490 70
518 4298 2
3048 3741 28
2921 2311 63
593 3839 70
4005 2080 41
4221 3681 35
2982 4152 23
1644 3678 25
4856 786 91
4955 937 81
2076 1456 31
629 856 73
108 3778 36
2923 723 75
4192 4729 8
4032 302 41
518 3284 94
1092 4928 24
4269 4784 10
4711 1092 48
644 3168 56
2226 150 12
1198 258 42
186 3181 66
3012 3726 47
2919 4110 49
2860 4629 33
3305 2073 14
2428 2694 98
2338 2406 42
4537 3050 63
3192 276 13
4055 2827 71
49 3013 5
1766 2377 31
4564 297 41
1312 4509 22
2696 2814 96
4009 242 90
1459 3932 48
0 3469 98
3062 3013 27
1274 3421 54
1097 3470 19
4101 1588 96
2183 1152 45
3023 3816 54
4845 1512 20
92 1874 15
3033 3333 47
4733 4685 17
3130 2748 82
3156 374 3
2361 2823 25
4579 1924 13
527 4107 17
1771 3483 33
3877 4680 98
3796 1124 72
310 509 57
2109 242 42
1025 4725 90
4306 4233 17
2361 1595 40
3885 2526 17
3350 3053 76
3966 1177 59
4751 54 91
2048 3850 15
2571 513 25
1427 2622 19
4968 4999 44
2610 657 30
626 3018 25
1465 3256 3
581 1606 57
157 1924 34
4567 1675 40
3658 75 42
224 2646 55
2300 4073 29
4619 394 80
3014 3004 38
643 3630 8
1219 1447 16
4322 2029 74
1830 3538 99
515 4457 26
4254 3115 54
3195 3340 100
4002 640 26
2430 1611 72
2210 4626 76
3999 1621 6
158 2841 5
926 3515 86
3299 345 24
2597 860 82
1275 114 49
28 3309 41
2779 2311 82
956 1094 45
4527 4656 23
1102 7 45
2659 165 38
664 1091 53
2049 743 98
1973 4692 10
2706 967 24
2906 2347 85
1447 127 49
1980 1083 95
4124 611 51
2247 1713 58
3343 4373 75
2280 1389 19
4732 3438 14
3881 1763 6
3890 821 74
365 3728 21
1501 1527 48
1301 3507 84
2195 3983 95
4097 2582 60
4654 925 85
3081 3205 74
3951 4289 13
564 3170 28
1869 3412 50
494 129 78
115 1631 5
1214 2932 64
4749 128 47
3895 4225 30
4755 232 7
2691 4665 13
665 3616 54
3429 532 77
2956 3753 89
4657 4248 71
3734 715 2
690 3281 86
1153 3031 14
1952 1926 92
333 3033 76
4639 725 41
3503 2742 9
1657 2523 93
4333 479 46
1773 137 94
4343 223 9
3544 2266 43
2030 3419 74
1995 1723 52
2538 2056 86
3313 1696 63
105 199 5
1865 3208 28
4157 2541 59
1555 4315 48
1848 10 24
4209 4907 90
4851 3289 61
4876 284 85
3179 4175 93
4516 3840 89
1578 298 41
2734 2163 49
1413 2673 43
572 4228 10
2571 2428 20
4794 2989 27
635 4192 16
4896 420 53
2232 3600 80
1624 3116 20
4065 4695 70
1705 3781 34
3905 195 59
4999 2119 39
408 4690 19
2180 837 61
3858 2824 53
3826 2720 74
4078 4952 74
1209 2929 42
2180 1994 89
3450 51 71
3235 308 66
693 308 85
83 716 27
3253 2896 16
4413 3107 41
4766 1933 13
1891 2363 18
2616 3572 47
1457 752 41
1346 4202 92
1368 2437 100
233 4482 60
2569 917 77
947 4171 25
1515 3584 32
3555 3350 17
1019 241 80
3436 4209 52
3782 667 57
2474 3365 59
1217 4733 49
269 1318 83
4628 239 1
1056 2538 72
1733 4053 56
516 3960 59
1233 4980 52
4312 3416 62
964 3551 81
4720 1025 46
4030 2243 31
778 2512 49
4713 2140 40
3213 3197 78
884 1282 32
3491 1798 92
4449 3031 24
3353 2344 41
114 4660 44
3894 4380 69
2391 4762 12
621 1893 76
1521 1606 69
2660 4819 18
1337 2055 100
4068 546 98
2112 1348 30
135 4701 74
2927 1167 34
4270 1413 66
2991 3804 80
3954 777 73
2430 2298 31
4398 1310 2
915 2647 57
66 3068 4
4663 1532 4
2292 3019 57
3617 2299 24
4602 1569 89
1319 912 45
2799 4867 22
2523 3649 72
3854 3047 34
2707 314 81
2264 380 1
3719 1395 85
1522 3688 5
378 3657 4
1753 3260 25
4541 4579 38
2485 3730 5
2558 2606 54
1281 2812 53
1314 519 19
346 2783 51
3799 2854 46
3783 4376 86
3139 1106 44
3442 4211 4
3019 104 35
2156 3941 18
2512 1499 24
1517 4132 36
4921 446 7
4991 2145 91
441 944 45
2286 4727 74
524 4219 32
1067 2661 96
1222 2032 100
956 540 42
2125 3052 93
4548 921 26
1135 2194 24
3242 2185 69
4484 2626 13
3580 1265 93
3405 1789 12
689 4208 25
2184 430 58
135 2738 98
676 4864 3
421 764 76
4298 1900 71
3621 1494 56
90 2330 35
3854 2262 52
3698 2020 93
2761 2709 1
4486 1245 31
4595 1380 69
244 3409 33
298 182 98
1274 4480 50
4444 3101 96
1151 4543 78
485 4750 92
3788 3448 12
3880 1210 73
3180 2048 70
2910 2995 3
1731 3239 12
415 3538 94
3512 1164 26
1213 608 27
1760 3111 23
989 4949 73
2481 3737 73
2344 2618 83
4917 798 83
1438 61 78
4340 1792 18
2003 2207 8
4848 2072 72
2173 4637 32
3952 2750 95
274 3739 44
1346 2572 82
2218 4917 52
653 1186 2
2487 2624 63
965 1965 7
4034 3968 67
641 3817 39
4764 2342 28
847 1294 78
41 1568 70
4185 4266 42
3418 2837 11
269 3490 97
4270 2329 22
4685 3294 39
1891 2328 59
2657 4321 28
1847 437 71
2027 1284 65
4956 1326 34
1625 511 100
2219 281 37
4081 1902 79
778 1172 9
1451 2209 55
441 4101 36
3399 3110 57
1527 1310 47
1997 3337 31
3761 3293 57
2094 1271 20
1046 4842 1
1482 3923 3
3113 4701 28
2073 2504 37
4327 2945 90
262 1345 1
1871 4224 63
3917 1221 100
3599 4982 45
3256 3429 16
1127 4475 10
2928 2309 34
2982 1774 87
561 3847 44
350 4527 89
4239 1141 86
2591 4364 10
2253 3281 31
1604 1881 66
4249 1489 95
4516 2616 22
978 1896 83
11 1231 58
1449 3144 57
392 3494 84
3633 4086 78
3218 3029 42
3380 1635 76
4762 3239 9
1127 3840 98
2273 4709 66
4246 687 15
3529 2050 46
938 3499 90
2194 244 37
4330 3877 75
2607 3447 4
248 1827 39
2523 2942 31
3031 4069 23
1380 2695 32
2346 1941 19
1560 1822 69
3357 2760 21
3298 4955 65
3086 637 94
1960 3244 41
216 3492 21
3754 2368 63
3236 1751 84
2911 3132 79
942 1830 73
1013 4742 95
3133 3099 56
3753 2749 63
969 836 100
2062 4148 96
2955 4364 40
675 4471 8
2689 4059 12
3772 1970 44
3903 2913 74
2327 278 68
1221 3411 19
4228 2165 68
3542 3134 56
2141 197 57
1688 3152 21
4728 179 92
1487 4220 4
4998 2992 74
2993 3247 87
2818 1926 65
2385 3148 29
1403 3728 94
4523 2271 80
4830 764 77
4286 2453 81
3107 3533 12
2750 20 32
1453 1371 77
2127 4364 76
2065 2183 3
2282 920 3
910 2324 31
3055 3199 2
3334 3029 19
163 2316 72
1495 423 57
3007 4525 77
3738 979 100
166 4458 65
4842 2875 100
1444 157 20
2546 2419 96
2376 474 95
830 3809 25
48 3972 41
3071 467 16
4627 3474 93
2555 3565 24
1855 3731 82
1871 3573 58
4070 1369 67
3541 3915 87
337 2644 61
331 4826 22
3355 4874 94
47 4297 62
3514 3924 88
1507 2831 5
1830 1038 37
2964 2909 62
1973 3331 84
2491 1873 51
4077 2210 95
2490 2541 73
4711 2249 99
2257 3648 96
270 2163 72
1757 3670 4
4514 1852 42
1002 1168 4
1063 3141 35
198 633 8
3249 1062 18
295 4904 12
2168 4616 13
266 1873 61
2662 2143 24
333 252 46
2188 4766 51
82 768 19
885 3184 13
1371 3382 46
2379 1631 60
