2000 10000
397 1471 50
773 1934 76
1625 1320 67
1874 702 96
1903 629 19
144 545 25
1874 1992 98
1469 831 61
1408 1856 64
1070 402 8
577 1151 31
1478 1924 65
1253 1550 85
1871 1776 39
918 1680 20
1837 176 65
1061 50 58
1659 1519 89
471 1280 97
1386 350 51
393 927 2
1223 405 79
339 10 81
423 1881 57
1561 800 89
32 637 17
697 50 19
1354 61 91
1194 885 71
890 271 21
1341 1017 1
1294 592 58
1524 932 69
1304 1707 2
1213 1621 2
1153 1653 91
1270 350 94
1788 56 55
178 1250 92
200 493 16
573 186 33
225 1480 25
282 1005 57
702 661 65
1004 1874 86
457 1028 39
548 650 42
1041 438 98
1947 969 1
1739 1169 94
154 94 80
1586 319 12
1962 602 17
1271 1656 79
1935 1012 5
572 1470 85
862 18 35
1855 1411 74
553 1358 95
853 1449 16
1998 1603 11
977 1541 82
140 1856 84
1957 1127 93
787 1062 5
1491 1986 27
1576 1200 45
662 1056 8
187 1609 19
681 814 68
1049 1164 24
1159 493 65
1940 633 21
1676 590 48
1420 1729 62
176 1573 100
403 1501 1
999 163 57
1007 351 18
725 1032 32
1892 433 96
1015 1944 89
32 237 22
904 1913 65
904 1685 46
317 1861 19
1717 264 20
317 1264 84
325 623 35
1942 1348 19
373 1592 53
320 960 97
760 992 34
1833 248 99
1849 1152 36
1595 1470 98
913 1539 14
1733 1856 30
1068 181 53
754 123 1
1472 848 46
976 1520 6
425 280 50
110 465 98
61 315 51
1696 1910 73
1545 823 12
1659 908 20
1388 1976 53
93 730 28
145 555 28
1790 1883 48
395 660 80
344 771 45
542 1184 12
244 880 22
1768 778 46
831 789 6
102 529 83
1554 622 65
1833 768 20
960 558 56
1959 1306 16
1238 1650 87
1334 544 23
1746 1140 4
419 908 34
1916 1739 23
322 193 52
704 1747 75
168 1580 95
540 892 53
795 851 59
1710 441 62
1749 128 6
971 226 47
1426 645 7
1011 562 99
1033 884 92
1585 1588 92
1111 108 24
1757 648 17
609 1795 20
1120 1858 14
1633 1607 42
338 930 68
536 709 65
1995 1720 27
1193 754 63
936 691 3
427 154 12
203 1911 12
871 872 8
390 344 66
703 1977 25
1496 668 7
515 1556 16
180 1551 37
758 1096 43
573 33 34
1975 812 40
1838 1015 51
350 238 75
1009 629 20
1526 1684 97
1650 1533 65
1056 48 22
1524 580 25
1360 1691 22
654 264 7
639 239 71
778 78 39
1180 780 77
454 1789 58
73 1315 43
1670 1317 76
286 725 76
459 249 57
184 1961 48
1357 967 64
915 1606 3
1285 384 33
1375 1564 13
1352 19 54
309 92 21
1303 114 38
1830 401 16
406 860 17
1914 1396 31
1113 753 98
576 1668 5
630 1306 41
763 681 6
27 385 77
1081 695 21
1801 350 36
191 181 89
1306 939 49
1374 853 46
1404 1966 51
754 894 72
1710 1524 78
1050 639 59
1955 667 45
1583 1748 92
1304 1549 42
1139 1740 75
1727 1398 14
1527 773 19
724 529 37
1027 1283 83
998 993 8
275 396 99
585 351 66
929 287 14
672 1591 16
766 730 8
1040 809 7
606 688 32
1376 1413 61
113 440 97
95 1438 42
1954 65 38
453 650 42
1618 1932 29
884 604 72
51 1370 2
958 763 63
1264 1369 51
695 745 16
1008 1210 8
956 1306 98
249 1612 63
1939 65 66
332 36 98
1012 1272 2
1283 1323 25
636 281 88
1150 1898 9
0 945 54
968 305 65
375 1261 23
1573 1863 35
1187 1802 53
1452 486 41
1 1498 13
1155 1133 36
1679 121 69
966 1271 67
1974 1623 13
79 591 18
1395 1319 32
17 1244 95
604 431 49
1608 236 35
648 589 85
960 1744 70
947 1423 91
1215 741 62
1382 715 85
846 1147 29
263 542 48
1646 912 44
540 1868 27
1940 1828 63
1826 476 53
1210 1788 97
431 1087 73
1421 302 14
34 36 82
271 882 29
1099 1498 23
1598 1144 87
1341 37 7
1867 1977 35
982 1804 11
686 1366 51
134 1798 38
1006 1571 93
972 1606 29
1653 1877 64
1833 1328 14
907 926 10
894 619 47
1452 486 77
1487 1820 81
349 506 99
1000 641 97
1089 1999 69
1481 971 27
262 976 4
277 809 84
142 69 10
1151 1315 81
550 767 19
1926 254 40
1458 604 98
356 1956 91
1053 1045 91
1673 527 14
1899 1141 91
354 1418 52
137 1560 73
1198 1063 88
878 1613 56
1396 1891 10
87 1349 66
1637 1706 22
1827 1111 20
369 1136 47
1883 1035 40
725 1741 58
728 1878 70
801 1076 85
188 306 51
343 54 42
1105 494 44
822 131 2
496 1958 13
1215 328 49
813 563 36
1552 1288 77
61 16 7
482 817 35
1966 1358 41
1416 53 47
1110 1158 41
153 333 72
1606 829 83
170 44 11
1518 857 74
605 409 14
1433 470 82
139 952 100
625 1270 10
1065 1039 63
263 149 74
1604 654 7
1427 260 36
1209 430 32
1319 300 41
344 1257 2
1009 690 24
1691 1181 76
1542 1806 98
751 1223 37
13 1486 38
786 1442 92
1892 870 4
179 79 34
862 1751 86
402 95 43
703 1105 85
1826 1148 18
253 690 24
1951 1441 99
1039 1454 86
277 241 28
520 485 50
1024 1017 30
309 1879 33
247 282 80
1441 1337 37
1326 1164 85
743 1417 75
319 1720 16
1117 1112 23
1754 1389 64
1834 1909 1
783 1285 18
164 1947 98
1296 194 32
876 1635 69
264 1313 33
449 57 3
1323 728 75
1991 197 87
113 1952 28
828 1786 38
28 921 75
598 1438 22
695 1086 16
1778 1962 52
1846 227 65
1079 1028 74
433 703 54
1507 694 52
46 807 4
1973 1987 42
162 368 15
1637 966 53
1058 13 40
1026 1791 54
629 1637 33
1545 1068 61
871 1853 65
924 1361 11
1527 1759 71
82 1732 58
775 1895 78
390 1532 44
1794 942 57
285 320 100
739 1301 38
123 847 58
536 70 12
1652 994 25
1462 874 84
784 956 16
94 1732 63
1771 474 47
415 268 42
1423 554 62
223 1645 64
1012 120 63
1221 656 33
932 660 79
356 475 53
1891 1259 10
1159 1353 42
321 1125 16
1368 1892 36
1709 1315 42
722 1890 87
685 1254 60
199 476 16
1431 1408 29
10 117 4
1814 360 63
223 1519 69
716 193 46
1683 1561 38
919 1622 5
1412 344 96
1199 1382 2
1458 1581 78
725 1365 39
653 1727 8
1408 1541 68
1423 1765 88
791 833 81
1988 517 94
725 1788 68
1129 1200 12
1776 751 46
1678 561 80
407 1639 97
545 644 24
1152 53 65
120 1476 82
959 619 16
1991 607 33
936 1684 73
1503 1165 73
766 942 77
1764 972 38
343 1731 77
639 277 22
662 1781 27
578 253 55
260 1564 26
775 1555 33
159 491 69
1331 346 34
55 1113 28
1531 877 100
1921 1572 84
1949 211 61
622 1225 94
1348 155 48
1902 415 12
1427 1190 20
1911 1701 63
79 1032 10
1765 1440 75
392 1323 52
344 1596 24
27 1546 87
339 168 64
432 1517 19
1131 1771 87
1395 1551 77
1214 1462 31
1876 1894 63
1237 1659 55
1711 51 31
1414 747 27
337 774 73
175 1113 42
1590 1898 11
1161 1029 34
1147 424 85
675 1990 100
1905 219 94
520 1456 5
926 1520 8
656 934 56
1983 1272 30
855 1799 96
248 1742 94
1510 903 75
544 402 100
1480 1077 42
1879 1335 61
524 1855 70
828 781 90
1536 1438 24
991 1773 48
1220 980 48
915 1581 42
860 1091 97
1835 1987 99
1586 1468 28
1327 1699 63
1288 224 70
1409 1052 52
698 940 42
921 1931 15
769 1504 95
768 771 28
509 1632 20
1857 1819 59
1255 1405 79
82 1084 79
597 724 55
966 133 59
469 831 100
1410 1753 83
476 874 87
523 1994 59
150 855 43
1221 712 14
280 1967 19
1510 401 3
440 1350 80
1594 317 13
505 786 45
4 549 50
1786 1025 76
1425 1548 70
1483 51 25
1877 1272 37
90 1904 56
60 1415 9
1114 1855 60
893 1802 77
806 307 15
1902 663 64
1103 449 90
1178 1874 90
1247 1709 41
171 1938 14
159 380 70
114 440 85
822 1555 93
1233 800 47
1609 1606 6
1124 1860 69
1187 963 70
628 141 97
1618 1388 58
1010 1911 97
1323 70 77
245 536 70
229 1711 77
773 944 77
1119 906 36
124 382 96
144 1921 60
614 550 1
1310 520 42
67 1530 5
1115 1206 76
544 1451 64
413 32 75
189 806 20
1117 277 78
1652 754 60
48 1250 81
1759 1864 31
1611 1526 51
852 1946 34
357 1061 40
284 1605 91
747 370 75
1274 911 81
745 29 11
1122 33 17
1881 81 67
913 192 32
144 1804 10
246 1008 56
1879 1717 70
1070 353 27
1712 1453 50
387 727 61
219 1472 42
681 946 76
1897 1179 9
364 92 2
1047 588 58
1608 835 66
116 1066 36
1685 489 89
1563 201 42
1812 940 69
1325 1160 93
866 1841 91
441 91 70
450 807 15
1003 1854 3
1360 1814 90
1077 1930 57
512 1967 98
301 1531 99
1894 1695 40
215 1372 52
7 239 45
1450 680 36
71 1482 43
785 485 49
88 197 64
577 1275 46
485 1787 14
882 440 97
1833 335 44
1724 550 17
1127 909 56
371 711 88
59 783 71
201 1568 8
902 8 6
1417 586 33
1862 1423 20
627 658 13
923 843 100
1267 567 50
983 46 11
1290 417 23
277 476 6
1099 1030 26
759 284 35
616 1701 73
1748 1915 96
1019 543 6
1083 1466 49
1482 1085 68
431 420 14
994 62 84
1916 340 12
1621 1791 42
1598 902 78
1232 1518 31
1804 1618 47
152 638 90
1509 1721 8
1358 1204 46
477 1987 18
1291 981 81
874 897 21
1285 870 64
1079 821 67
1508 53 37
1639 210 56
37 714 46
978 223 67
1385 1933 23
1582 763 63
200 54 44
880 1280 94
252 917 16
1767 348 37
1833 1857 43
122 1848 53
29 1885 19
574 863 94
1192 248 80
1015 183 43
1177 383 97
672 1615 29
1417 1867 46
1033 1634 95
1821 1820 4
663 1942 52
67 323 37
185 897 100
1231 89 100
210 1456 83
304 985 18
452 1658 33
1880 1075 52
577 460 87
1623 282 7
526 1297 1
1629 1365 76
265 1902 73
116 1133 14
568 1695 23
1202 1999 8
220 451 18
1204 683 46
56 1261 58
894 884 40
1552 1763 38
504 1392 55
1779 10 57
1951 478 43
916 1046 38
1338 249 90
746 821 93
515 377 77
1360 433 90
1018 1679 26
1309 1231 41
898 1735 86
1852 1514 48
709 1817 26
1051 734 25
1440 72 74
181 1170 47
1726 1686 24
1602 1398 10
1443 768 89
520 78 73
1361 1328 8
1946 1181 23
1245 1890 92
670 1293 26
1494 1085 51
919 1267 21
1517 993 59
493 947 10
1902 742 78
1342 1262 8
14 975 37
774 1273 18
1048 518 60
1139 1541 5
317 1387 90
1567 307 9
1987 176 54
798 669 1
1007 923 95
336 266 58
1744 632 85
832 1406 59
1101 454 77
1260 1946 18
1064 263 6
1953 1830 65
814 169 41
667 967 63
1820 326 86
1714 663 4
1223 759 89
1708 1591 47
1466 692 54
1742 1952 100
1912 1368 15
1469 1673 45
1333 487 66
1725 1155 86
787 975 12
1125 689 27
80 265 86
1668 1973 77
1367 1439 69
1520 1533 73
1971 1797 93
685 1266 67
1229 599 6
294 677 61
1031 1816 88
1743 1293 30
1469 1374 95
1955 1394 68
383 761 59
1152 633 92
576 604 90
1369 1289 56
187 518 8
1492 1165 37
305 548 53
92 291 47
1273 113 73
367 420 67
1786 803 81
644 307 14
1388 1236 19
1929 605 8
1736 1144 79
143 636 96
1579 1293 44
1184 1738 36
1730 1011 1
2 1379 21
20 1517 76
800 162 84
214 1550 20
232 1479 77
1539 1215 73
69 1711 61
1764 1642 55
8 1178 93
895 1260 4
247 1614 35
1667 1635 53
242 435 15
1477 1001 17
1948 1233 48
1376 1125 15
1948 1546 78
1509 1311 73
363 1671 51
1307 918 12
910 1165 26
245 1184 13
1449 1778 1
463 1256 2
1731 1556 88
830 933 65
1144 881 11
1522 742 74
1894 1105 97
1796 412 15
607 1675 32
1385 272 16
1797 1721 95
997 536 3
1551 619 11
1338 1449 44
954 593 78
116 467 20
590 713 78
1438 510 42
853 1469 17
1784 854 41
252 1004 62
498 353 50
352 1904 69
1762 1594 18
458 548 64
35 665 31
354 1607 45
131 1045 7
1025 250 76
1241 387 83
434 639 87
995 1489 40
797 1841 45
865 1603 91
383 61 40
846 448 57
128 1155 16
124 1638 13
630 663 64
958 257 3
140 691 42
678 1686 83
1217 835 24
13 1701 79
404 436 93
1695 1634 41
3 1762 96
1918 239 35
1582 1221 98
1497 179 55
1799 671 46
1092 1349 85
1874 919 20
497 932 73
1428 1688 9
420 1383 95
1860 1386 58
808 1656 49
1394 1591 70
643 1088 2
1798 888 73
1995 1980 75
231 207 94
1303 704 78
75 484 67
1636 904 2
830 1117 41
139 277 97
1687 1671 88
809 314 29
110 464 17
434 460 49
108 1043 56
1053 698 13
931 1126 97
497 762 2
150 1944 71
1190 436 48
1887 475 19
526 1284 33
254 1746 98
1222 181 10
171 641 5
1326 1695 4
1538 626 30
235 1475 44
188 1625 40
1258 816 76
605 1055 52
1975 1933 88
1307 540 35
1456 1762 68
417 285 9
422 1964 4
1477 1502 82
1658 89 9
601 629 87
192 239 3
1868 844 10
371 1171 95
510 479 35
396 287 50
463 705 35
1524 1479 99
279 1308 54
1661 966 95
1221 1919 77
407 111 16
761 331 13
170 1054 84
1865 1565 63
451 1961 3
800 777 60
1787 301 91
385 580 99
1190 593 17
437 1815 88
313 222 51
428 984 83
1740 1506 89
224 1723 6
1538 175 20
1492 975 97
151 762 50
993 1500 82
791 1042 76
259 1479 91
1646 1792 65
1497 573 1
31 665 8
1971 889 31
1477 780 58
1296 624 34
244 776 48
1845 1769 100
26 913 43
801 1172 22
1743 1171 67
1260 668 92
1760 699 57
119 670 99
202 499 79
459 147 55
44 391 31
392 588 53
943 615 18
185 1416 90
1259 1512 61
477 772 81
268 532 32
724 1004 55
422 1206 54
1252 1665 2
707 1710 45
1289 454 34
1641 1397 1
1258 1935 17
400 1194 81
712 23 53
1693 291 38
1724 1015 42
1130 1790 48
684 1394 65
737 101 27
1533 1743 33
566 1736 31
566 1347 18
335 1747 64
1967 811 87
20 504 78
957 581 45
898 1711 35
397 747 30
1561 1484 83
788 1018 26
820 1936 63
602 855 10
671 1542 9
1934 1509 72
1220 1529 77
1149 838 10
446 88 73
1180 485 21
1661 399 57
596 1187 27
1273 359 16
1687 1314 71
1448 337 65
1308 272 74
1980 1844 56
1508 1346 46
1617 1792 35
141 1324 72
1413 1338 71
170 1934 10
648 1559 70
1063 1247 36
685 1047 73
1849 356 97
875 336 42
1782 1844 40
1527 1813 32
1713 1954 56
385 1720 94
1455 242 80
65 890 92
1386 1954 39
373 991 38
1345 841 94
942 68 82
735 1850 78
226 1729 91
1157 1443 98
1764 1828 70
1710 1635 12
1941 1700 2
1732 1086 8
1122 1459 100
1560 1157 93
705 451 13
187 1538 63
1864 1764 44
1707 1273 87
1856 1037 67
1725 747 3
1836 689 55
1189 773 94
497 1896 5
1148 1456 14
640 161 65
552 700 55
666 917 71
509 624 44
148 832 34
1966 557 81
1420 745 22
575 1934 48
1168 783 44
1924 1931 52
1838 923 13
202 1475 66
809 493 83
1179 1355 59
823 1855 91
1856 1821 100
1988 1242 45
1162 169 31
1109 1689 15
1304 1613 46
955 1451 70
1119 6 97
1984 815 43
118 346 98
876 1169 5
818 1377 78
1317 1718 20
913 1232 41
444 341 30
1110 1997 44
1355 952 95
876 71 53
225 56 20
67 174 67
1616 1403 88
1020 221 66
597 1891 36
1769 804 68
1109 1600 61
491 710 58
1134 418 10
1580 1294 33
33 1519 89
4 1586 16
1970 1554 71
1458 926 92
675 1524 35
1610 1645 40
129 1106 92
1341 1597 3
550 1083 73
359 664 67
943 1049 39
1584 1053 77
399 1024 32
1321 834 58
112 1509 34
1147 1471 31
1338 1952 38
1129 1293 87
1983 1843 71
1255 554 35
174 1497 36
612 1081 89
1340 1832 65
1271 1153 99
481 1618 60
1566 1117 31
297 455 35
486 1936 28
272 1322 43
1527 1876 29
53 1726 64
665 807 53
6 992 17
1629 497 68
110 115 27
29 1232 10
326 39 44
812 328 24
1084 600 46
579 479 75
1607 533 1
1571 1550 60
1523 1908 4
1191 1538 2
1058 0 17
1337 29 2
1498 355 93
1493 1519 21
616 604 21
1414 1183 1
440 1142 86
1192 713 36
751 588 45
7 1780 83
1408 1190 35
1276 879 17
729 377 24
222 1871 44
42 487 100
815 253 35
67 693 77
1852 1885 91
1187 989 79
783 996 11
1917 756 54
1052 384 33
568 1114 11
1143 1336 34
886 1730 73
1937 897 27
171 964 20
1548 1168 58
1990 708 47
1020 1491 95
183 1409 3
536 813 87
1768 1733 1
1730 876 89
1563 115 72
236 52 21
1514 224 86
1485 124 6
1342 466 14
540 1486 58
734 1669 19
388 557 84
75 326 17
1227 408 45
1716 1972 60
639 560 13
459 74 89
1596 1559 13
1902 1254 79
1267 1794 17
476 881 39
1094 1269 96
877 1696 74
745 924 83
1490 992 7
349 1631 67
1613 90 93
1101 39 4
713 293 58
1143 1560 5
1412 389 38
1350 1483 59
1845 713 56
1019 1810 32
601 1300 24
507 2 55
1325 1967 97
569 1069 36
1372 134 29
1782 1630 42
338 1042 31
127 392 66
1185 237 31
292 1608 42
675 561 94
1698 1420 96
704 745 64
1801 1314 85
1288 1039 19
717 821 49
410 1511 91
140 1638 35
57 1175 73
688 1468 33
1129 143 95
1222 194 15
1670 898 61
85 699 27
1569 1988 66
1187 1057 39
788 1467 50
1430 1959 40
465 16 16
1737 1056 84
969 185 79
1115 1760 25
330 1430 24
290 1515 75
268 1436 15
1286 623 72
1476 1763 91
826 1194 2
165 1659 71
680 1748 27
1015 1069 65
1846 185 25
870 515 7
793 1157 74
120 1777 10
1434 1063 85
158 540 49
348 1718 95
1202 235 6
72 1268 54
350 283 75
814 481 60
1390 1352 27
1748 497 36
1621 617 14
1282 52 29
1567 562 69
1967 1262 39
1913 464 75
1518 888 43
1223 1239 26
1997 405 60
1309 148 12
1487 1896 61
823 1870 31
288 1152 83
816 1071 97
237 1390 59
1375 1303 24
749 1173 64
1391 396 55
669 746 61
780 55 61
1891 1894 57
203 1069 27
1133 1357 32
467 526 3
363 763 94
1522 490 49
1497 1592 23
360 1335 71
815 356 17
27 1136 24
1387 1379 19
995 1583 88
474 716 98
1105 1184 24
1159 1899 39
252 1421 81
1353 918 73
1275 1631 9
1945 798 65
1714 825 54
1537 564 33
1255 1559 16
395 33 33
892 1490 69
1915 650 68
405 1254 42
1385 607 60
310 234 43
570 532 41
1186 246 66
939 135 82
72 1391 94
787 1786 27
571 678 70
1891 945 20
759 1702 26
1752 1439 86
1663 1749 72
1206 671 4
1546 1858 2
1064 797 38
1145 1221 81
1138 9 67
1517 932 97
1738 1176 94
609 287 48
734 39 87
171 1702 89
1843 908 60
46 807 18
1200 223 68
489 1720 89
1169 1211 50
1987 1080 35
1835 818 11
628 1427 98
1475 513 37
113 685 91
853 528 100
1913 926 59
1182 126 82
1601 615 2
890 136 13
891 123 93
1825 1958 63
1935 938 90
684 765 56
1472 879 41
1963 1732 21
1714 1997 99
272 1532 26
1405 1133 93
1906 23 30
1971 915 5
763 1092 64
726 1028 2
467 1712 68
722 1185 99
14 1500 83
186 1214 81
1285 1486 13
862 891 98
1406 1149 22
87 1120 89
892 236 81
7 1314 61
1708 133 26
527 1208 63
577 1574 63
360 1761 77
140 1398 15
1804 612 58
601 18 7
1774 458 80
214 1702 68
1747 1709 82
307 1769 15
1284 649 23
1446 1226 98
1108 1586 11
336 78 9
1050 234 73
1007 1188 43
466 962 1
1397 1529 3
564 1276 12
1045 1935 34
11 1220 83
186 1018 9
1583 127 96
1445 463 74
353 1866 9
577 1225 97
819 1691 11
1520 1088 92
274 1652 68
386 1049 56
619 1413 28
1853 1599 46
1961 1182 25
1656 627 41
1782 1332 7
142 261 32
1338 1080 76
200 952 64
592 1227 69
611 1613 70
918 584 83
445 437 82
991 750 16
367 407 95
207 189 79
1913 683 92
1197 21 73
172 573 25
587 1517 52
1007 129 17
829 1047 53
63 1493 42
897 836 93
912 1203 100
259 1763 41
1289 1676 24
581 1225 97
1305 1397 22
629 337 40
1533 1696 21
49 525 68
1854 589 13
95 1486 1
1087 750 57
838 1361 20
778 1003 48
1753 1584 74
1101 1241 23
1375 1870 60
814 1755 57
734 1805 34
53 1659 23
1218 106 61
1218 1194 12
774 32 25
445 1163 28
1793 1268 64
366 722 5
688 97 28
1700 911 83
408 1997 40
1641 402 51
1464 1620 58
1476 839 52
1887 1965 36
12 411 51
1491 204 20
555 922 42
859 1610 39
1386 1662 2
21 70 51
460 1712 53
911 1528 26
1820 1004 65
1923 1244 82
58 1608 93
1709 1099 49
980 1654 71
621 866 34
711 604 96
64 625 67
1766 1438 31
1870 349 59
1595 521 15
511 444 59
1393 854 67
1037 563 67
1238 1895 21
8 868 39
1093 1931 44
1489 347 69
307 113 7
1189 336 8
1247 1931 81
1013 795 25
1672 540 80
1938 1577 95
1304 815 91
677 1176 59
915 269 91
110 1737 32
769 203 38
1958 539 98
1557 822 78
571 1969 55
243 509 34
533 439 28
190 1254 70
867 782 81
134 1404 71
245 1514 60
176 636 15
1365 594 6
514 504 81
144 1427 50
698 22 60
1383 555 99
762 745 5
732 1964 88
512 451 92
34 696 58
1645 1224 94
1460 941 41
517 1808 97
397 1952 24
247 1002 46
958 385 53
108 1499 99
512 231 15
51 1095 66
994 1481 14
1452 1479 38
897 939 32
1289 1808 92
537 206 96
860 805 98
1557 1763 35
1162 223 34
1160 735 18
1474 787 65
240 1781 47
405 1585 78
1443 835 17
126 124 77
617 662 35
1412 1874 40
1561 1784 55
447 946 78
480 458 66
1449 284 5
1514 876 86
1412 1282 24
789 1077 59
1457 1555 35
285 172 49
1320 1936 76
1159 1849 12
1466 296 58
1643 1128 68
1260 578 52
1664 444 29
202 208 63
325 997 40
1635 806 95
1421 1091 19
222 411 7
897 1923 56
1708 1389 4
1817 1384 32
384 645 10
1587 309 6
1667 511 14
1029 1188 11
1468 823 69
1814 597 13
332 819 76
1490 1716 99
145 1776 40
1448 1945 25
232 329 70
1241 268 31
1047 1936 43
1060 965 83
423 786 7
943 600 56
555 1285 75
931 775 43
1581 1273 71
1621 1073 16
1045 1305 45
1466 899 13
196 1946 1
1790 1358 67
573 133 53
531 1429 5
1086 336 42
812 1267 18
254 1201 43
1824 822 16
1339 219 22
1535 1685 73
1999 233 19
400 376 29
118 1301 15
622 1832 44
1726 1270 80
820 82 100
689 688 53
1831 864 75
398 203 94
271 90 31
1043 89 16
113 841 92
542 959 93
1808 1581 77
503 1660 99
1534 832 33
185 1521 21
37 1352 85
711 102 40
1956 374 30
1238 1417 72
754 1531 65
997 425 25
542 585 58
270 1088 70
1269 622 2
701 808 75
1174 1197 79
510 1909 82
402 217 56
31 1456 25
454 562 56
1719 1559 33
295 101 18
804 724 6
1326 1993 81
679 1046 41
1554 572 38
132 1083 99
1165 1837 17
572 1868 25
1397 675 87
104 746 98
1237 1041 52
954 197 76
112 1523 69
1892 203 67
1184 109 40
1673 593 75
72 1759 12
1040 331 32
1464 80 59
802 185 5
1699 1422 46
1050 728 44
1477 840 19
1545 1084 22
1364 620 83
1755 294 77
1581 366 88
892 1406 71
775 1222 52
1334 24 37
638 75 11
1336 1126 91
231 603 84
649 501 68
1623 217 41
705 1972 35
733 1553 53
520 797 11
991 1924 33
1542 1258 9
630 249 84
1492 1937 62
1082 520 18
1865 1521 19
85 1144 88
1277 202 60
411 1287 65
615 1808 62
225 799 38
1409 693 97
617 1675 98
1900 1167 87
662 601 7
731 819 28
1301 1256 25
88 533 27
1199 1296 14
1863 1911 74
1676 488 25
1413 1897 18
761 514 93
710 766 12
596 1780 66
1002 511 85
930 1812 93
354 1900 78
332 1099 74
1597 1314 37
671 990 25
1247 756 22
165 1869 88
1109 580 54
1221 1176 35
638 531 98
522 1461 11
366 167 63
743 851 15
768 800 81
704 1823 72
1480 1071 80
1801 1236 49
1340 345 81
1293 1918 58
1379 556 41
329 1430 54
739 1796 21
1753 891 24
219 1659 24
0 363 48
1123 1843 19
1002 1996 7
1102 1336 4
1783 982 23
1992 713 31
732 1042 14
1285 133 62
5 1887 54
280 106 13
1003 458 29
1902 1581 24
1520 583 73
1078 1686 61
982 1821 43
1156 1813 9
1886 545 51
751 1830 85
1413 187 24
966 467 82
530 1822 41
458 1725 22
934 1597 58
1406 676 96
1566 1658 17
1061 1166 30
1269 1404 75
519 156 57
255 1569 44
230 535 11
312 1417 85
1204 228 10
1677 1162 8
734 568 36
1829 486 46
1097 1547 12
1826 816 16
1452 1688 72
908 295 93
903 526 80
1365 1190 98
1650 394 26
1659 423 88
1618 1158 8
253 1339 46
898 789 94
1061 615 62
277 420 2
0 1680 98
1293 584 24
1824 301 66
1421 1951 12
1598 1611 35
937 1581 45
844 1835 37
1590 1085 26
235 147 93
1696 776 13
1550 776 46
1347 421 82
22 246 83
1887 19 35
850 1970 98
1884 907 31
429 104 66
665 46 4
1690 281 51
1682 329 27
447 1879 55
1244 1226 29
625 1600 27
307 1487 98
293 689 68
242 574 76
1773 1355 80
1490 372 26
293 414 59
1595 448 88
1673 1247 20
528 491 98
508 1116 99
734 1776 38
1683 421 28
251 664 54
1726 789 9
1657 279 81
1282 925 47
1892 520 95
479 194 43
1650 1074 34
48 1934 3
398 1020 79
235 703 100
762 954 16
567 1032 5
1375 689 85
907 323 62
853 215 82
1600 1047 28
1594 697 54
1727 1097 88
1329 1495 8
1059 1731 12
859 845 18
1674 1413 51
1631 1140 92
1867 400 16
1028 1253 83
709 1205 82
1289 799 32
942 879 29
530 560 77
1489 1620 60
800 831 5
1418 857 70
1420 488 63
111 355 63
1478 1735 68
1413 445 74
394 86 73
425 1028 52
1906 1910 65
882 1400 85
1941 552 68
197 322 25
219 1742 66
1733 206 73
1295 1684 9
462 1097 6
1187 1844 92
360 621 72
763 527 83
79 1761 35
663 54 87
782 604 10
1407 1175 4
1224 908 10
1748 203 95
1656 1017 44
713 205 88
1504 917 10
1676 32 89
110 112 3
1944 1127 57
330 1910 13
1391 1669 88
195 893 96
1204 641 51
250 650 21
394 1363 78
381 1220 95
1342 1248 79
1183 1358 43
785 1654 71
441 336 81
1406 1728 2
1193 275 47
241 1479 88
1843 82 90
815 476 6
1992 1209 26
438 904 26
917 87 84
1859 872 90
281 1665 26
613 1071 54
614 617 81
1860 1210 13
100 1405 95
989 221 23
1946 213 32
123 652 88
1548 1921 75
331 132 47
1120 414 65
598 1027 36
1803 1994 5
1284 1854 15
596 1954 21
342 1296 94
564 1594 7
347 1718 11
1035 1266 32
1809 1950 17
1808 1422 31
1472 20 10
207 1824 4
264 1108 11
1530 56 17
202 398 65
1095 962 60
554 1309 78
664 344 44
1048 506 46
1564 314 69
846 1786 89
1155 345 65
1459 609 25
321 140 81
1137 342 31
1602 1438 93
1661 1992 55
1790 1008 51
1185 56 57
531 1972 71
1299 818 9
439 1974 55
1756 1785 64
180 458 56
1013 1595 99
243 1197 89
788 1210 33
994 1000 93
1544 186 2
601 1069 74
323 720 93
1832 1159 19
1686 1267 56
501 1448 14
1457 461 61
1107 1056 11
547 1844 21
331 838 22
1123 383 60
324 1336 29
1850 11 49
194 1843 60
864 1881 28
1319 383 28
584 192 89
1796 1651 97
206 550 42
1827 881 32
800 356 67
1959 1033 55
539 883 67
1839 1077 62
298 1941 44
377 1612 79
1904 548 23
244 344 26
1641 551 76
882 730 9
1665 1530 17
832 1841 50
1686 732 33
904 571 62
1966 1221 55
909 1599 19
939 1855 67
1161 100 64
1386 1741 67
513 975 49
873 640 79
1589 1824 72
1691 1863 56
675 767 27
737 733 100
1443 1994 51
1762 1285 7
980 446 7
543 184 48
1361 1049 75
909 1922 67
339 1864 92
1962 1555 55
317 230 74
1595 1319 8
95 763 54
897 525 40
1203 1505 38
1609 401 75
108 114 24
1934 1024 99
401 1363 63
692 1678 70
1198 1995 100
471 1943 72
830 390 35
1536 1287 12
1175 491 69
1964 452 70
938 913 85
1314 847 61
1612 1248 76
126 292 54
547 1842 2
1198 314 45
1169 1496 35
1903 1032 22
1514 559 65
1335 876 18
1556 1814 83
1892 1480 30
1252 1444 31
680 1570 23
1433 469 66
886 1668 32
1930 837 80
1716 1093 65
438 959 24
354 294 52
723 1851 67
5 1743 99
135 1348 44
217 28 66
591 1813 36
808 700 4
1691 630 93
71 347 38
1835 1137 98
510 1491 44
62 215 47
1780 572 91
978 1059 91
1621 1276 19
187 1868 32
1574 1028 32
629 720 63
873 791 62
211 626 51
860 1488 42
1803 1550 9
950 1330 82
192 309 93
782 282 70
1400 821 90
183 395 18
1315 1024 90
1429 1898 81
242 461 59
192 1321 48
1985 1124 98
1994 426 81
927 618 90
919 1752 24
540 1504 46
381 1688 93
899 1355 18
488 1136 68
1221 1378 81
579 1570 2
1778 1555 78
176 1901 5
256 1180 75
997 452 80
20 992 84
217 1374 24
810 625 79
779 1465 67
998 1038 45
1678 1618 67
1679 1748 75
1508 1924 28
1764 532 9
639 1881 13
1970 1902 57
453 471 83
1329 1281 8
1559 60 26
926 1058 64
22 736 34
689 767 83
1615 628 59
442 392 44
802 1383 25
1614 1353 79
1771 159 51
1653 1488 32
513 1399 45
1190 325 3
905 348 92
239 1389 11
1673 1004 39
1383 1446 32
1626 601 15
103 215 21
833 338 80
1683 1992 20
167 857 19
711 47 97
665 1304 45
1356 1895 86
1167 1568 90
1957 1304 88
788 1282 89
1355 1385 57
1627 571 95
1706 254 39
1977 773 48
1647 1484 47
1643 502 52
339 210 47
424 1377 68
1865 1687 72
1105 827 6
593 182 44
1001 1809 15
1748 1867 21
486 1844 95
786 1492 31
1132 1487 33
783 1827 44
682 603 73
149 469 60
1272 1574 88
1677 519 22
1820 1521 84
886 1269 3
207 107 48
301 893 92
583 378 31
1016 1161 58
11 1843 62
735 344 83
795 1616 57
34 1646 28
1807 1818 1
1390 705 22
1193 912 30
1192 1565 75
1035 148 53
365 1516 67
1875 1527 62
1636 263 7
570 1410 75
726 1796 21
105 1603 40
1006 1346 97
1527 891 61
508 435 26
735 1470 26
987 187 43
1105 62 22
1419 50 37
1725 620 99
351 1698 95
272 1804 51
363 1162 49
1159 689 40
1219 1198 75
1196 1933 97
1321 1272 84
1315 730 47
1189 149 49
1325 226 70
1576 577 20
1270 1201 76
1272 1916 38
620 1427 28
1211 998 78
1885 194 63
381 1868 35
1417 1535 17
515 724 18
1663 402 44
1432 1978 74
1604 1600 27
1579 873 44
717 1845 71
544 1057 22
273 1294 16
1935 28 36
1221 1797 72
1238 312 48
1755 1975 50
851 1760 28
524 1364 29
102 1295 54
1245 12 51
168 908 60
441 1181 7
908 1116 87
1244 338 84
1467 1928 96
414 1683 71
1764 886 83
1443 1762 47
723 1865 43
1228 1462 7
1579 1982 16
1338 423 97
1096 1332 66
882 928 56
465 395 84
360 1161 19
583 1277 6
565 721 68
264 1444 33
1258 673 48
264 604 30
531 294 6
1628 1391 38
545 273 18
1800 739 13
983 1451 74
201 34 52
658 952 25
526 1216 21
610 826 46
509 1090 50
39 1622 45
344 1602 36
333 147 61
1250 299 100
914 1634 4
1739 187 38
1490 846 42
666 1724 58
1287 334 84
932 844 27
1534 1235 1
78 1931 3
365 264 2
925 1866 53
577 780 87
1680 519 74
1169 362 20
1611 1380 44
1620 667 31
456 1952 27
734 1486 62
634 1916 45
488 633 61
489 1558 27
1141 487 59
1427 519 30
252 41 44
1572 4 25
967 1976 44
697 432 96
1623 1518 82
136 152 50
580 640 83
1640 1481 94
918 974 81
976 753 53
258 1006 46
1901 578 50
1277 1897 26
1321 595 11
1316 570 29
1150 1059 34
899 1639 26
1282 1632 8
1575 550 82
707 1879 88
359 137 94
404 390 24
805 1668 21
1183 989 68
1993 657 39
673 159 98
1506 1059 89
1332 693 21
991 268 24
1624 1327 3
1011 1687 92
1756 443 82
1079 1601 2
300 784 43
467 1129 1
1557 1802 60
1706 1661 71
1495 1345 64
1267 688 84
1942 312 12
144 1676 51
1187 1432 46
621 512 47
1722 1164 31
165 1983 12
1617 1893 15
1228 1599 76
1899 1446 73
1614 714 61
1598 656 25
909 1153 1
259 692 34
404 1313 98
503 1036 14
1385 1553 97
1397 1522 90
1211 750 42
1038 1001 88
562 968 54
422 566 63
946 1827 16
1499 438 60
1132 1194 74
1981 1697 62
1994 1435 15
342 832 89
584 395 39
777 1785 93
64 347 61
770 1121 79
132 67 6
999 1918 44
558 1050 90
1431 1383 88
1692 1729 23
1858 424 7
1546 1008 2
337 1785 87
481 201 86
1593 971 7
1271 1103 26
776 454 45
1071 1013 47
560 796 31
99 841 12
1073 1051 36
879 598 96
1432 1287 33
1770 120 35
455 1713 58
261 984 14
487 112 68
983 1535 33
529 447 30
1811 899 71
823 1972 22
610 1204 72
1406 988 11
338 759 31
1824 1214 44
282 1828 80
195 667 44
914 1650 79
647 531 27
1176 343 26
898 1518 50
1671 480 6
1395 1886 95
405 577 54
1888 753 20
1083 1035 48
1263 1582 15
1906 849 17
437 1496 49
1063 1024 92
940 274 62
1141 1945 42
547 1692 81
941 98 10
446 1986 63
1165 1421 51
65 684 85
1631 943 34
848 1380 82
596 795 6
1039 1735 32
1352 876 30
1793 1775 22
825 1068 20
434 1514 58
797 1032 80
899 1097 16
583 728 11
1117 1576 43
1498 524 38
1256 1915 25
1287 1267 54
1968 1413 29
1990 238 98
461 673 64
919 1822 96
1150 721 45
417 1304 74
980 773 2
922 624 79
1660 1880 94
484 1519 62
537 1488 75
718 1830 13
1967 291 38
730 1210 60
526 712 33
1770 1482 38
95 462 11
349 1384 35
1127 1044 67
1820 1881 39
133 770 79
1507 1840 9
1472 1807 100
109 538 63
921 1416 27
453 1186 9
1290 1634 23
1253 1983 8
1839 1110 4
658 1282 37
1348 1416 8
1526 1275 48
1886 747 8
537 857 46
751 130 62
1678 583 100
438 226 34
1661 1831 69
620 22 31
623 680 14
860 28 82
219 1906 57
1418 144 5
425 1034 14
322 1785 44
1635 1815 79
487 254 57
620 267 88
1441 887 11
1371 1510 91
936 722 72
1917 1293 30
174 1064 27
1530 1841 61
95 164 98
790 151 14
68 638 68
1925 1611 35
1964 1052 74
1674 775 36
417 1712 59
1540 1981 4
921 507 68
447 37 62
1359 484 26
409 1274 29
922 1343 68
41 1620 79
1427 1584 83
1700 1259 58
1835 28 22
1045 1568 4
1549 841 11
1468 1641 1
1229 1000 85
1506 1409 60
1935 683 55
1002 724 75
32 151 11
114 1851 22
971 39 50
245 1084 70
1148 985 12
910 454 53
1062 1683 5
1347 1542 67
1258 1477 50
512 831 27
1738 863 78
900 977 82
1322 300 21
123 545 57
845 45 43
408 956 49
1612 18 32
1816 1717 26
134 975 3
1136 1839 34
862 1929 49
1091 830 26
1172 504 79
1644 979 76
1553 176 22
95 584 30
1443 548 100
826 717 18
1752 851 45
506 1987 37
92 849 66
540 1941 48
318 1465 4
748 1462 36
1723 1015 12
1096 1462 49
1425 1257 97
125 435 14
894 539 66
638 1046 5
574 1490 7
792 382 100
1839 1052 65
95 1800 79
1330 1876 46
741 1324 8
1441 750 65
338 1227 1
1951 121 40
768 759 38
1573 1686 80
1579 478 63
1878 317 15
1994 412 68
1925 94 96
870 1188 20
1278 629 22
1294 967 49
1746 1271 70
738 39 82
1127 1964 68
1007 1895 46
1621 125 15
1287 472 80
1106 397 74
801 1267 62
173 897 92
294 544 59
1995 642 82
1464 1380 22
397 860 38
664 1867 34
1409 1840 59
1176 1127 31
1355 234 80
1628 1387 48
1090 1560 97
1181 207 41
591 202 84
1273 1666 16
346 416 76
1383 1080 95
668 842 35
1727 18 63
1609 1373 97
1889 1353 36
1788 443 97
584 1976 4
1925 920 58
260 545 24
1975 891 40
903 626 73
1697 1295 67
332 1374 85
94 1335 10
442 1224 63
177 1364 59
1825 1949 87
1680 226 59
1737 486 4
1813 813 47
304 1716 26
1876 1414 73
642 98 47
1778 192 82
639 986 59
854 1515 23
1864 1341 24
850 1373 50
1461 1111 88
264 924 54
663 1580 70
1688 1457 36
360 451 34
758 582 78
491 1221 64
1449 75 32
1772 1939 73
395 1142 46
1597 603 9
1284 1219 85
137 1882 66
1059 1922 75
1746 634 26
180 1392 60
1157 1884 82
1473 1685 57
1304 1457 49
828 205 91
1725 154 46
1734 1790 65
1370 280 100
235 1339 22
909 1085 57
387 1617 1
446 1127 37
1727 600 23
1436 256 32
1436 1788 79
1161 1942 24
1247 1733 88
618 13 87
1205 1704 61
467 1141 69
854 759 69
1652 1886 58
1732 838 80
1168 1446 63
956 882 52
1534 395 46
1857 1995 31
1496 965 44
1983 170 100
295 637 42
363 1843 1
283 1496 39
1940 1228 29
1371 748 75
34 1704 9
837 1238 4
1582 1447 51
413 943 16
1608 1278 39
508 1573 76
549 1936 72
1701 220 68
739 512 96
967 1884 44
993 270 100
1901 1107 38
1556 1041 37
1559 1806 80
174 1415 59
1664 275 32
1792 1176 21
1763 877 41
1230 1968 53
277 1287 89
1720 632 59
1219 885 66
308 441 60
1196 352 66
675 879 33
1785 543 8
469 335 36
1089 98 13
281 1328 33
1985 1957 20
1574 1677 52
1784 1248 37
750 1908 31
1461 1104 35
1626 132 14
1559 1917 58
118 386 93
1854 1827 44
818 108 24
1751 94 82
322 20 11
1526 1804 60
1614 906 20
144 367 77
1379 346 9
1844 257 26
501 375 65
1846 581 92
1289 1400 53
764 1503 99
1845 1825 19
956 1351 75
1667 966 82
638 1462 1
714 1193 47
922 1038 4
1400 1891 32
616 1737 13
1659 1378 65
811 143 68
409 340 94
379 1296 97
154 1315 15
1187 1954 78
939 668 23
686 1943 13
1041 1695 5
124 311 94
1437 1970 73
853 1134 68
1421 1895 8
166 275 57
614 781 72
29 320 26
1258 1259 47
1680 297 90
1493 1691 85
1549 1815 48
1342 1252 70
866 106 4
885 1879 100
893 397 27
901 1011 8
1872 1040 28
1150 298 39
1448 331 37
1689 1824 28
1273 1725 43
1872 1067 48
441 286 6
145 1171 37
96 416 34
322 1317 45
1329 1542 38
1008 1044 36
298 492 67
1534 181 43
813 1806 68
1908 1678 88
255 471 74
1412 968 45
448 1064 62
233 1386 31
677 1067 73
514 427 17
1002 726 61
1820 612 94
815 1426 100
1534 1686 30
1673 1941 54
1746 1705 22
1343 505 87
1356 1090 25
686 1767 45
1559 634 24
1827 1988 50
940 160 15
233 975 41
1333 862 27
814 535 20
767 282 77
1689 1977 34
27 1333 24
103 19 43
1599 1930 29
1523 110 17
524 1050 78
138 1283 5
1530 968 67
608 135 3
1979 902 37
1407 943 14
1340 1322 47
363 1426 18
1858 1025 49
1986 900 59
103 1425 61
732 1915 44
336 1446 65
1155 406 100
509 386 54
145 1793 98
110 1134 20
1408 1849 98
725 1707 76
325 46 76
1683 149 1
795 1233 17
1191 1921 15
555 1076 21
406 1937 59
1159 434 53
1208 544 39
580 1952 40
1377 678 100
1552 1355 46
980 1039 47
1832 186 80
600 1377 53
814 284 82
1787 690 19
1145 202 54
649 1410 98
1287 342 3
479 1720 33
1378 1624 88
675 604 79
121 437 66
800 1037 43
104 204 28
485 1991 70
804 1488 72
1557 138 35
1206 1777 77
808 256 49
1792 1986 74
1780 661 30
1158 782 19
1075 1934 57
370 39 13
1949 524 4
218 1328 92
1042 1237 82
1276 796 60
204 1604 16
853 1749 3
1126 1529 64
707 1039 99
726 467 85
134 837 24
1746 786 1
1701 1356 81
1144 398 19
726 1674 15
85 1879 71
1700 1084 20
1654 562 1
270 1269 93
1668 1995 60
1704 129 97
1428 227 35
28 1928 91
660 1073 90
178 1799 16
844 1884 47
1115 1936 83
1486 1591 45
1739 213 15
1031 233 10
790 1937 92
1738 1365 19
1824 1745 48
914 406 73
755 936 72
623 133 8
721 1600 44
1904 1086 87
1648 1177 100
662 208 33
24 1350 71
1867 1440 88
1585 1264 86
1584 531 44
1008 1638 80
1879 613 65
1338 1335 65
382 1591 4
1368 1591 81
920 606 90
352 630 40
74 849 81
1162 786 97
699 723 28
642 1731 67
1873 1611 80
1238 1301 67
202 1683 10
605 1404 2
538 324 8
327 1028 90
1818 1103 39
750 617 25
947 1316 48
26 1958 80
744 183 43
76 1421 44
1094 1976 80
1704 933 84
1905 1471 60
1064 150 88
853 1969 43
1843 1071 60
1267 18 28
1767 397 86
1998 1141 70
192 1569 43
1335 664 19
866 368 53
1801 625 76
1060 1689 27
1700 894 48
1442 737 19
154 356 90
181 123 87
519 121 80
1040 665 50
1334 1 14
1253 1219 34
457 1021 59
1484 433 100
310 133 94
1457 1928 31
1676 434 39
617 967 63
1603 1838 36
434 1230 2
483 565 55
1548 170 26
981 979 47
1391 463 33
1490 1126 18
835 935 98
917 963 32
1356 1580 52
270 1183 42
1657 1618 73
1358 453 90
1764 2 60
1390 1335 91
388 727 6
1820 569 32
90 1757 20
287 674 83
1271 30 64
1222 652 47
1715 310 17
1087 20 71
1728 137 25
539 1527 60
329 267 39
1287 440 61
1018 530 18
37 817 92
372 440 75
1935 14 79
1033 1730 89
1750 1169 62
1272 898 99
796 1437 78
7 119 45
298 1406 37
1158 776 19
127 1166 89
1770 1538 29
1796 1473 44
475 506 74
1815 608 43
1176 1880 93
674 1028 31
51 1388 2
48 1686 8
484 1196 84
1803 1323 50
291 1445 40
1571 1242 13
514 1717 72
1539 1532 80
1734 1061 13
826 1735 41
1708 1787 81
709 187 19
1116 671 15
652 826 90
1001 1469 36
1593 1041 30
1305 1907 99
1876 1447 83
1408 1181 44
820 7 80
1612 1716 19
1793 425 6
11 1894 29
1778 546 8
1219 1899 77
106 1492 70
235 798 78
433 1026 25
868 786 58
11 1606 17
890 1571 85
260 1364 11
1817 1727 57
46 1857 3
1805 1077 2
1033 1183 95
1303 1771 45
1832 556 23
1808 1424 10
965 1436 16
481 678 87
66 1291 3
428 1108 83
684 1506 40
1838 1311 69
539 345 5
1085 0 76
429 1832 32
1152 1992 9
661 957 97
128 1790 75
1167 208 66
1921 988 27
755 24 33
1095 1862 97
1215 402 94
519 1839 46
1946 269 30
1930 1773 22
1338 786 79
534 914 21
760 433 30
278 355 70
904 1110 95
1388 557 57
1184 125 11
29 996 51
874 943 72
1903 873 97
924 563 83
1254 1097 49
1375 209 83
56 487 90
1725 1391 52
1771 1132 62
1328 668 39
1990 698 35
140 1572 78
1263 1828 3
159 1104 66
193 359 63
1142 86 25
876 142 12
1317 219 56
1220 1991 88
33 1671 56
971 1661 54
906 154 79
135 1769 59
238 1929 63
903 474 22
1018 1968 8
1342 844 2
153 513 74
708 1734 17
747 119 88
1103 1091 1
508 349 55
1838 484 77
996 722 58
1259 1978 32
232 996 1
1292 338 97
845 843 11
618 1904 97
1086 651 16
1225 106 59
1026 967 8
1332 805 45
1408 1802 67
1765 1413 97
597 1997 93
1749 1289 83
1745 135 79
607 1105 83
1203 192 86
271 1417 93
429 795 60
1289 128 17
633 1888 71
1051 1654 84
1448 603 82
840 352 23
1275 449 58
553 1057 16
1735 612 60
272 1235 29
916 1665 25
175 1306 5
944 1939 93
1514 990 99
1498 790 2
1831 1983 6
1453 1258 56
1563 163 65
1130 250 77
889 522 13
769 1439 30
1093 1966 36
249 910 27
942 425 69
1640 275 60
1294 106 95
1299 1911 53
1754 1826 68
1970 956 18
447 197 40
511 1319 31
592 412 98
1979 1014 60
1305 308 85
325 1948 12
1784 1594 70
1578 894 34
982 1000 60
549 971 69
718 1770 18
1410 633 37
1540 1225 2
1989 1204 16
1349 861 24
1485 1186 24
1897 1323 19
1118 1253 65
251 588 65
1211 1489 88
1831 208 10
1000 1618 43
1137 1158 68
390 1148 24
657 849 37
1232 334 24
1755 583 99
225 1702 52
1941 1953 40
658 1516 30
345 1699 90
155 700 8
949 189 18
969 579 18
192 1236 67
981 468 54
604 575 37
1902 1153 91
805 1094 97
297 1752 13
1278 98 13
467 605 65
1274 1906 54
1591 875 33
1761 1420 21
427 401 89
1780 1357 16
69 1611 69
59 416 64
707 1065 16
520 343 66
384 810 23
948 436 30
53 380 57
1385 141 77
657 568 78
45 701 87
360 770 98
181 1181 67
744 1889 32
1411 761 76
529 1497 86
603 797 75
584 850 55
1441 587 96
1717 1244 64
747 1641 65
1133 353 87
1483 534 21
249 1630 62
432 1394 75
607 1923 72
1945 878 69
1719 1463 71
1873 904 58
168 973 54
1383 1720 95
1300 1206 48
338 1041 35
558 1642 65
1371 74 59
945 682 34
16 979 13
236 698 76
1306 923 80
1315 1091 53
568 826 26
1462 126 84
1062 465 25
1196 1375 19
960 747 93
471 1692 27
1904 61 6
216 297 4
1991 1956 79
1022 1271 70
1027 192 49
752 6 75
387 1068 92
1063 264 68
1381 1577 67
1773 48 59
1200 304 72
1957 521 22
1061 864 78
1791 1887 1
1613 914 93
261 18 100
1035 757 20
627 1820 37
1946 1553 14
12 1326 14
122 878 18
294 836 39
1467 249 56
596 40 43
996 1653 9
1941 266 27
540 1654 84
559 281 56
1195 579 9
1760 591 87
725 1065 18
1643 1711 54
1433 1178 55
88 1774 47
982 1123 53
790 1064 19
616 1956 73
1551 515 6
658 63 37
966 175 80
953 901 46
170 896 57
575 329 88
1581 770 62
979 1752 37
31 543 1
1702 1511 57
674 1415 25
632 73 40
1168 1040 15
648 345 68
1545 867 64
153 1794 46
1940 1727 68
1854 706 72
890 738 15
991 792 79
1399 1466 94
323 450 19
1662 1971 59
1529 971 56
648 516 75
664 669 69
1009 962 96
828 1168 55
399 410 93
866 1753 85
844 1153 3
589 1476 6
407 1491 77
1618 1372 100
1525 20 16
300 684 37
1220 45 51
1868 873 19
1222 1273 82
1666 491 35
902 1687 88
1956 628 17
1461 1035 60
1289 1005 32
88 883 52
1755 1183 37
444 755 82
94 623 8
1265 197 33
846 1863 24
180 1117 11
1020 1074 39
1688 535 26
1847 177 84
1378 265 67
929 373 2
1517 817 9
1799 1263 85
1658 880 82
790 1726 98
765 259 15
75 1631 89
365 1319 77
42 1166 54
1077 544 71
995 1825 96
96 1343 13
305 1494 29
1489 1152 9
1222 294 88
819 1059 99
1886 1486 30
1674 203 1
702 597 67
1907 1675 63
1730 670 88
1925 1119 83
938 1776 29
1566 1617 81
1426 839 27
1013 11 86
1211 1897 24
1040 1923 27
540 978 25
1558 885 52
1120 615 74
860 541 93
1942 1831 69
1223 1749 86
1655 1175 78
382 189 89
519 1400 38
143 793 61
321 1685 39
1097 1596 25
1548 716 92
1022 1928 33
1614 223 16
335 1446 65
672 1101 41
1849 1483 82
1389 3 34
826 498 27
187 819 65
877 1917 61
453 1817 29
645 1191 10
1729 1158 33
645 1493 79
1309 165 32
1501 367 16
1882 1756 71
16 583 21
1294 1122 92
258 1999 9
1170 453 79
1151 1450 70
1060 1179 28
1192 176 73
1122 1486 91
153 1339 58
1020 1222 66
242 1238 49
1962 532 71
854 1143 23
14 665 28
1344 1816 30
1514 876 9
1193 420 38
366 1894 76
56 48 15
465 1420 37
630 1663 27
1731 1977 60
1953 831 55
175 1198 20
1554 542 89
383 408 17
744 1602 90
1281 1968 84
1656 376 84
1370 841 5
307 1823 20
833 1554 97
244 1508 81
1150 1683 79
722 1590 73
110 1973 82
726 717 84
467 1998 4
1751 1654 32
1434 1377 25
890 1684 48
9 869 3
1458 1466 11
1738 968 46
1568 1690 36
292 1800 62
1073 879 79
1808 1346 78
863 1449 84
294 1236 61
918 126 97
1366 488 19
1720 1946 85
1582 36 5
1127 1956 96
615 248 48
76 1322 27
606 1482 26
783 346 27
967 992 63
879 1911 90
476 1629 30
1294 1349 76
1930 931 64
1534 410 20
1181 1377 68
629 1805 42
1307 412 77
1684 1547 75
1511 866 67
573 1746 78
114 574 59
143 220 8
470 502 91
833 388 2
1152 1570 31
72 199 37
665 1858 1
1093 1543 48
1867 1054 67
1634 1979 13
1663 94 39
1322 589 59
681 1060 61
972 1893 49
25 1398 71
455 1822 22
1043 839 81
395 1933 24
943 1800 30
1061 1786 61
573 1802 7
1363 1124 97
21 157 57
1533 1481 2
1433 1506 52
904 314 74
925 1709 66
805 105 99
580 1400 51
1761 461 90
922 1386 92
528 749 68
724 770 25
332 655 7
1834 88 65
1437 992 79
511 270 41
1128 1427 46
1326 8 98
28 121 59
517 1395 45
808 1924 46
927 1000 16
852 1685 71
610 1871 11
1874 1308 56
1805 171 26
1797 1299 53
1542 977 13
1039 1006 87
1349 1875 82
1045 1036 6
1490 1963 59
1057 1167 44
1279 1777 67
1589 4 75
1244 161 47
1521 1958 98
874 1852 76
938 1243 34
1124 592 61
706 1637 97
563 1479 13
1773 536 80
668 1815 10
1434 1756 66
1509 1001 27
107 522 85
356 1748 89
1583 687 32
168 163 24
629 1221 13
477 1785 44
289 1910 80
1621 579 47
1082 13 3
547 1874 56
173 333 79
109 690 79
1897 625 18
928 794 82
903 1423 55
867 1900 92
310 542 3
641 163 82
787 1245 47
689 144 22
1945 317 7
75 778 49
1953 675 75
1223 1955 69
656 858 44
1310 77 96
102 387 38
804 1028 53
437 1815 50
83 856 94
1604 1153 63
163 1228 41
1411 1534 68
1637 1109 23
305 1765 33
1100 1427 10
1796 1529 49
1385 685 77
1138 1122 44
839 1206 53
333 1162 6
847 1677 87
1788 1089 73
1755 726 34
30 1384 99
1162 484 26
724 632 8
672 18 45
1 1508 68
1496 347 26
200 1032 40
58 1880 18
1144 20 59
468 127 85
901 157 21
1451 1672 58
1428 748 90
935 1420 60
1480 1773 20
1499 1622 68
1076 1822 52
1815 1880 32
584 1376 4
442 196 32
1379 1097 89
51 900 13
1208 329 61
1350 1616 34
1861 1096 7
1881 947 81
600 375 4
351 543 36
335 1127 65
338 1922 61
821 1653 11
1462 1704 11
1774 1265 40
835 615 9
20 828 5
626 709 5
1559 1661 80
314 13 23
949 700 3
1665 1390 77
226 212 30
588 26 34
1850 1800 99
1442 987 66
650 1007 95
1306 1986 56
910 1545 18
1242 211 83
116 1160 35
470 1178 25
746 1404 89
675 344 15
661 194 68
1911 1636 7
1777 638 15
823 1945 53
578 1207 50
1995 449 61
129 918 73
963 1388 51
1188 135 7
328 1162 3
1495 1823 98
814 1735 86
1120 1864 25
786 687 22
790 1265 29
339 1613 31
451 1742 49
76 706 37
526 246 24
1085 926 39
1987 773 14
1436 1587 1
874 708 65
950 1846 4
971 637 22
199 1328 35
229 132 29
1529 208 87
218 1086 33
1393 171 12
1731 511 85
597 299 73
1197 1173 33
14 123 31
1517 1446 68
638 1998 49
1724 579 81
553 109 41
439 679 27
924 72 51
335 1804 14
519 401 13
643 1950 39
1827 1964 14
858 1834 61
877 472 59
225 549 90
57 1102 99
449 1893 78
1576 817 3
1578 1504 59
91 376 12
1255 1371 62
1593 1199 79
407 409 13
1019 1286 37
1629 1864 86
818 273 40
469 723 34
798 651 3
1200 229 8
1758 672 36
1069 279 7
683 1873 6
261 632 15
1673 1651 54
261 1632 18
1047 450 43
1286 1271 66
1419 70 17
1074 1622 98
1881 1381 22
1768 802 2
674 1485 27
1132 98 11
1998 123 14
151 385 46
520 1432 48
1163 1070 20
880 842 90
897 1916 12
1846 1797 45
1820 1565 100
1721 591 37
199 1723 36
1309 1722 11
422 225 96
1519 746 80
1066 261 51
1885 1141 93
1126 390 61
1638 237 10
234 409 27
1633 482 18
870 681 42
557 342 16
367 764 41
915 635 39
894 1701 100
296 1587 42
540 713 32
700 703 21
1009 938 30
1235 923 12
405 145 45
946 702 87
1913 1422 3
1105 337 38
1396 1583 92
1595 232 79
1288 772 44
1372 1825 48
44 834 38
1126 422 13
689 827 59
1286 125 13
1872 390 35
1927 1495 72
616 891 8
1007 839 40
1337 479 12
381 1851 89
480 248 76
1869 1374 98
181 415 77
991 1701 2
504 1926 92
1438 1853 39
1062 821 83
269 1829 22
60 1518 53
623 1899 57
1012 731 5
587 600 31
936 1134 46
112 125 100
1765 629 26
1456 420 31
1346 1482 52
128 103 33
101 163 52
554 786 3
1210 150 35
466 737 87
1096 1673 21
493 1785 47
1592 1550 76
969 1358 96
199 1057 30
251 1185 85
835 1639 48
586 193 87
941 1755 89
27 221 27
1713 1669 52
534 162 90
1480 107 92
1407 1076 51
1755 1276 60
1936 1879 97
221 714 36
1020 1653 81
958 946 36
1047 973 9
1873 686 78
1076 1572 93
65 1052 100
957 812 28
1559 919 4
1218 855 35
414 1428 50
1250 449 55
982 1407 1
118 806 74
178 679 12
1556 108 85
1800 173 89
151 1130 53
1578 689 72
634 259 28
1568 674 8
1569 276 57
1575 1258 17
175 1728 23
100 1907 55
1064 1815 63
1248 1615 36
836 118 19
1589 1696 8
1612 330 20
491 251 94
799 1820 22
1555 1396 32
423 1923 61
1746 24 20
100 1088 87
914 688 54
1901 1876 72
19 1817 68
1179 1430 99
598 1921 2
691 720 22
1764 628 18
95 1051 94
155 797 18
826 1249 58
1312 515 98
1765 417 74
336 436 92
604 1615 22
1554 213 43
755 1256 16
128 1020 44
898 1116 95
1591 1623 45
660 450 46
1169 114 62
366 1880 79
1439 568 67
330 1524 83
1003 1078 48
1598 185 5
913 666 77
1208 1564 45
554 1507 69
698 167 71
796 1336 85
1057 1702 17
87 1141 86
1553 1824 10
635 827 41
635 777 78
1539 1690 96
167 1250 60
1912 1805 67
1632 855 86
154 1651 22
790 1060 24
1659 1147 18
744 701 94
1705 1688 21
97 323 51
675 214 93
622 734 44
1782 646 49
800 630 56
1986 1136 8
507 1926 20
1083 1585 68
800 681 21
693 739 9
1765 836 85
1967 1863 99
1860 486 85
1003 620 31
303 1420 13
458 1758 49
617 266 28
1837 1701 65
556 853 99
1976 1898 38
1436 15 26
1220 1983 90
1571 1843 28
655 846 48
738 1501 20
1802 311 79
1651 1281 97
130 1118 98
546 26 51
1644 2 49
1833 1438 64
859 1011 99
100 934 42
179 1589 40
878 327 41
997 130 53
1227 133 34
1723 615 4
272 1161 30
1322 1158 84
622 1343 74
1938 202 37
1236 654 71
378 1185 61
1069 63 40
910 1061 22
1414 640 7
1199 364 74
102 636 36
1383 311 46
1018 933 89
91 1223 44
528 812 98
1898 1542 84
1210 611 99
1202 1521 60
1675 1287 53
282 486 17
1855 588 5
942 323 16
1539 1341 2
1128 1433 77
1271 313 89
420 563 31
755 126 43
1506 1328 16
965 1003 4
1769 1637 90
585 1845 31
390 787 54
857 327 96
258 1807 81
1235 1430 46
1375 202 9
706 1310 35
1000 816 15
815 133 71
270 1903 8
1860 488 53
390 1230 93
1595 88 72
1790 698 31
122 285 61
767 1661 63
328 719 25
14 1719 41
1029 886 75
1751 1157 78
1758 1369 18
1963 111 1
955 1706 89
978 1849 39
808 1971 77
68 1091 90
1882 1419 9
1007 1433 80
1299 814 18
1373 565 75
1702 324 44
520 639 7
920 1946 14
1760 924 15
1650 1732 86
1826 152 29
15 386 48
1275 1745 34
606 1045 48
824 418 14
198 121 90
1294 993 29
500 265 27
1765 377 51
879 27 35
317 206 39
845 573 25
1145 1849 71
878 807 16
1777 1631 86
1242 182 59
1031 1476 52
1811 328 17
537 446 46
539 1677 74
273 346 80
863 1192 53
1488 689 54
210 1919 62
1977 1696 93
162 939 75
821 322 3
824 486 84
1093 1023 82
1738 1915 59
411 540 6
1642 1404 50
1447 1244 91
1100 1454 10
1913 1431 58
358 1945 49
984 1118 72
1439 1943 58
222 1036 33
155 1126 100
1413 1890 41
1370 1532 97
519 979 41
1061 432 47
1170 697 30
1680 1055 27
1128 40 46
1251 1479 89
1508 53 77
1493 208 55
1392 1621 45
184 1344 30
732 215 61
172 1277 93
1770 799 91
799 479 98
126 1960 38
923 1211 69
1311 1072 22
1439 917 30
1045 661 4
190 846 48
1219 1578 15
1579 103 92
724 1873 44
566 1025 23
1463 1503 35
753 426 47
1521 89 71
695 1880 88
1724 925 49
1079 1115 47
1778 686 78
693 618 81
1236 1694 6
579 260 31
402 75 86
888 1180 12
234 1054 53
1004 1749 33
1043 1825 59
1392 1257 26
938 1035 65
415 80 83
347 1317 77
153 1896 89
1335 650 16
21 1539 97
1484 125 3
1037 1482 4
821 525 29
1179 1917 86
1357 1208 74
221 1623 54
55 323 71
1583 476 68
1371 163 18
1586 536 9
1334 21 35
136 1410 17
1391 231 42
120 1763 12
457 1120 20
182 1693 95
1636 1748 18
758 1331 46
1777 1054 62
1095 992 98
655 679 71
1989 1167 81
805 559 65
499 679 80
110 1488 52
929 1671 45
75 1659 45
1193 769 28
1490 547 34
1951 1994 26
949 649 5
671 639 73
1804 1796 32
1168 295 63
647 405 3
1598 1686 26
594 114 37
1690 1659 7
469 1149 54
302 1453 48
1127 754 49
984 1425 40
8 1229 37
1591 749 84
205 1396 42
307 1346 28
433 292 42
921 1982 53
1827 451 3
1280 753 56
1079 233 62
1880 1569 87
1319 1577 17
555 1520 66
439 1725 15
1080 32 13
1759 817 6
553 1739 40
1005 1918 92
607 1551 97
14 630 30
527 862 51
114 182 28
1282 737 48
1199 1528 73
865 608 58
1878 720 27
1535 1273 18
1174 278 37
1265 1238 88
462 1604 70
243 132 33
1594 598 67
873 1880 4
1673 1431 33
197 297 93
754 527 13
833 62 86
1002 1236 17
738 502 7
377 1316 11
999 1911 95
483 1857 93
149 731 73
904 404 57
1188 953 54
81 1708 81
45 893 43
1283 1895 79
799 986 33
1905 1715 1
967 1066 65
162 1901 22
1954 50 5
1979 1307 9
1435 495 15
1540 928 23
172 974 68
514 257 15
444 1408 1
1229 1665 69
1681 984 35
45 1146 37
267 1453 39
1571 1784 98
1632 1571 94
646 1463 22
1720 1635 48
39 501 57
253 945 17
1806 526 82
1074 208 19
1760 605 17
348 872 22
1339 796 6
1636 780 29
429 1426 92
503 1498 27
1902 1537 28
1559 1790 26
975 1948 4
409 1022 64
827 1135 70
1095 1483 94
817 822 90
322 811 70
103 1240 48
994 95 98
1873 1998 35
900 1909 78
1577 884 78
1133 1645 1
896 824 36
1265 1920 71
1211 737 46
1952 1411 57
1122 1514 49
421 861 45
1571 734 95
257 1986 4
1086 1916 40
1864 1049 86
1664 1945 62
951 1563 82
73 774 71
18 1078 83
1126 552 49
1475 974 10
271 897 96
1065 1154 83
120 241 99
59 105 48
1996 121 45
758 1424 60
1791 1497 86
1562 1868 65
1096 994 17
144 469 43
406 740 40
1401 157 95
383 277 36
1633 337 93
1932 333 14
177 1443 38
688 1235 87
1974 1149 55
338 245 2
1606 389 71
1849 795 64
988 197 21
1634 932 51
521 566 40
1513 498 73
626 1027 69
1515 1716 56
1902 1690 5
508 380 50
109 338 39
180 187 87
1695 1528 36
1367 1162 20
1317 1684 86
1956 1549 37
1281 176 16
401 43 32
756 1945 74
260 454 6
9 915 45
499 1447 84
137 1142 12
1972 862 27
1444 531 63
1481 488 12
17 121 40
285 874 84
1916 1630 81
1942 1890 87
699 251 3
1443 750 50
727 888 93
1890 1212 7
568 1008 38
930 490 78
1194 859 51
1633 1144 25
468 1413 55
1249 1355 97
835 54 48
1337 1850 51
1287 929 91
731 819 55
1037 1740 64
1874 1022 54
1904 216 13
54 202 10
1079 670 23
1733 1919 78
982 1107 84
481 444 86
731 1731 15
221 814 87
1276 1851 27
1691 78 49
244 1982 18
8 36 20
917 1467 42
1239 1553 62
1268 535 69
1704 1016 65
1989 1748 49
1204 321 63
1590 1949 67
68 1640 97
1568 236 31
1285 245 19
1556 1162 87
498 754 40
1711 22 75
31 1726 43
795 1716 43
1995 1272 17
1658 1214 66
1876 1282 59
524 1202 95
1154 488 92
172 396 55
658 894 61
1049 957 83
1975 988 62
1918 136 30
312 131 2
1028 141 68
46 17 2
704 893 4
1950 47 44
1442 572 41
448 1582 87
208 632 45
342 607 33
203 877 21
132 1542 53
1685 570 94
452 616 64
853 1672 57
809 1623 57
1252 1417 29
444 1865 11
531 425 43
1927 767 3
1959 971 32
832 1455 74
1484 1493 97
277 297 13
1792 1503 38
1849 312 61
305 1916 78
1685 361 95
295 1244 20
1890 1171 87
444 1482 10
1875 314 18
1201 1798 11
1097 428 60
1961 220 63
498 421 27
1010 1078 44
939 763 57
733 1059 1
1304 1301 72
291 1745 6
952 1620 21
1069 1173 71
1031 622 99
1291 584 72
1405 1434 45
1832 797 24
527 88 39
1583 1174 50
235 478 51
58 769 96
1363 74 69
1335 1143 42
1106 527 65
1656 1818 1
779 1575 87
324 1759 36
1299 286 25
1389 221 99
539 456 77
989 866 99
1537 582 73
1705 1917 68
1398 1375 95
1362 1032 65
614 163 93
1653 839 52
1488 138 39
1412 1880 12
862 419 21
439 1760 87
1489 1297 69
613 1002 87
1232 401 62
27 115 46
1343 730 10
235 735 49
887 223 40
177 1636 20
1688 850 91
8 1641 51
1195 1130 49
1315 95 3
1353 1328 4
767 1707 72
1212 1402 54
173 1638 89
1974 877 12
1913 1406 100
84 1094 51
674 1455 44
1376 1002 75
1024 317 22
379 23 50
1782 790 9
5 354 12
958 880 2
998 854 31
910 1119 37
1161 1203 83
263 229 38
1007 1605 40
1233 982 10
1554 1361 33
1556 1495 23
1616 1853 29
727 811 9
180 162 63
862 1424 82
598 585 37
1781 849 18
418 208 76
410 1441 58
719 1347 71
1051 903 18
525 520 71
353 1599 35
1062 132 97
624 994 21
1658 1593 6
246 1726 7
1064 496 67
191 906 8
300 1625 56
1770 676 11
1439 1201 83
610 1907 35
944 969 19
1440 1593 13
1360 1603 58
217 1850 36
276 1266 33
542 1809 39
602 109 65
9 231 93
671 1670 47
1854 280 54
1340 1224 75
958 1016 20
1922 728 24
480 946 26
1115 1574 44
247 116 53
638 1070 62
302 1079 93
1346 1751 63
1944 1957 44
449 1297 20
1923 255 89
1343 177 17
366 1009 15
1943 477 89
786 1076 58
1438 1714 28
199 368 60
1543 1715 11
205 11 68
1500 461 17
372 384 72
260 1727 1
1228 445 63
1143 388 40
983 1526 16
1292 964 31
672 1515 99
1131 1410 66
1693 1968 78
1860 1820 91
1676 192 75
99 804 55
1051 385 52
1365 1880 93
1804 863 19
1672 508 36
1254 1180 3
1204 311 14
1222 4 82
1251 216 2
1741 244 47
967 695 3
273 98 88
377 1464 68
869 1620 84
1239 1644 92
926 898 72
129 455 35
1094 1677 91
1675 928 59
428 1021 3
1726 1988 98
181 614 48
668 991 12
1388 1860 85
1323 1451 29
1414 378 80
1037 507 35
1323 1601 12
1613 1628 92
471 408 13
1925 135 53
74 668 67
321 1688 58
385 1076 70
69 399 22
1749 165 100
328 1554 7
1362 877 60
425 842 88
416 1313 96
1780 1238 83
1133 1664 51
1451 1986 40
409 371 68
1578 792 20
551 541 37
1550 870 92
1056 584 69
515 1010 12
1954 1778 77
1802 1559 68
136 1044 32
787 495 18
1478 1256 41
1597 1187 85
468 1738 27
1505 1289 49
96 697 33
1916 1565 43
579 1519 74
556 1673 85
475 1810 29
1706 949 76
1276 779 85
1568 376 72
653 1197 62
279 702 3
1127 1150 1
911 1418 18
1706 1998 89
279 906 63
763 1381 73
643 1439 74
1370 715 53
1354 284 81
877 1289 78
139 1920 32
1393 1399 34
993 310 53
862 16 3
251 295 9
1313 1410 42
537 53 81
710 1424 97
14 1130 33
1694 8 74
572 499 94
855 1892 93
289 1238 3
1141 100 72
343 703 67
803 368 30
644 905 83
1924 1967 59
272 1981 90
1256 1676 50
1529 600 49
1722 1455 93
1666 1744 83
1569 1237 36
1840 1580 39
758 735 8
1439 1379 65
174 1304 85
332 1928 66
1973 1185 94
1622 1066 46
122 1141 54
867 807 50
849 728 88
1284 920 20
775 31 56
282 1470 87
1398 1644 43
482 329 72
1900 302 9
1345 277 75
1743 751 16
1596 1618 76
1545 820 4
1084 456 25
204 1231 56
411 1865 26
1997 1264 23
1240 98 52
763 350 54
1471 1696 31
1597 1439 35
865 1387 53
940 932 73
95 369 30
1819 573 13
1926 1336 79
1152 1333 95
374 925 45
277 1688 96
130 1511 44
613 1461 35
1847 326 22
1051 1618 6
1076 1713 75
1205 1533 100
917 1459 36
847 963 22
41 1689 47
1686 1966 88
33 449 99
76 1414 60
1910 1613 38
1483 664 56
1988 1740 70
1215 1297 55
1014 567 14
150 1414 30
971 1808 19
1069 1846 38
856 1879 87
507 1955 53
1618 217 66
1056 1700 82
111 40 75
880 1255 72
1886 270 91
0 772 6
1781 95 66
899 1516 12
688 373 91
926 1232 98
578 850 67
1843 1906 67
125 18 7
851 1250 15
522 1137 37
1113 1489 9
1470 1270 56
1987 521 72
1998 1210 97
240 136 29
789 1067 80
1555 910 38
373 1387 8
879 238 59
1345 1113 48
81 578 89
1589 400 11
1896 387 84
1720 737 94
1916 1329 83
1697 118 50
328 25 12
865 398 52
1773 1629 90
283 975 55
282 1056 33
122 998 33
1232 894 72
1215 614 9
761 883 38
795 580 56
1544 1260 33
1907 125 31
1658 250 61
0 885 36
1454 1167 92
1839 1289 42
623 873 37
1795 441 3
1703 1202 86
1293 1997 18
1000 1893 78
733 1800 56
863 1459 6
975 1459 92
1710 1265 11
1854 1456 1
995 80 26
1383 1875 67
738 1930 69
975 1223 18
1793 576 11
222 1309 12
777 172 23
1935 1500 34
1978 1210 99
1188 1416 8
40 764 88
1766 147 15
284 1237 97
5 213 73
1722 358 49
1685 580 58
1096 1710 82
670 1997 82
1703 1975 45
353 1515 13
460 1556 77
999 1674 77
1413 310 14
462 315 27
734 38 85
1934 1723 18
91 1171 80
1124 193 29
1658 1896 4
1754 601 71
1266 1414 79
1543 413 5
319 179 16
684 641 31
911 1727 69
1847 1661 44
1716 104 67
1295 1580 60
1575 1238 8
1478 992 10
1601 259 76
1279 154 41
984 825 20
999 1509 13
1681 772 40
402 620 53
845 336 57
812 1984 38
1323 1559 28
1731 1390 73
1092 1343 32
1867 622 38
1407 1958 63
1127 1309 24
191 991 97
983 1393 17
1435 590 5
344 1754 41
833 1078 53
560 809 95
1632 1901 38
1315 120 12
1504 1527 71
518 1006 80
1042 1198 23
338 533 68
606 320 59
1562 1016 65
855 1849 43
1707 762 4
301 746 57
590 414 77
1501 1918 5
723 437 63
1255 1831 13
777 521 46
45 1127 19
255 1041 35
219 1896 37
1614 1955 51
1817 256 97
274 1198 11
850 700 82
1306 1423 71
769 678 54
1781 1808 75
1679 205 2
1897 460 43
1483 1031 92
919 645 47
1469 463 56
1118 1089 54
1180 291 6
1161 1598 82
283 719 60
1236 500 20
710 531 25
1663 780 37
1658 264 69
1549 1183 14
1747 1005 29
202 123 18
1856 1303 10
913 817 60
1394 1100 79
906 689 31
225 1399 63
102 1063 43
438 1073 59
1806 974 43
172 721 100
1352 924 23
1270 1132 26
1831 45 43
1990 1792 96
1220 698 85
1302 1275 36
1564 1377 51
959 168 24
969 326 98
1811 850 20
362 203 44
684 1473 28
662 1656 73
1456 1998 17
1351 1218 15
287 520 43
623 437 72
373 1748 40
1197 717 19
1346 881 69
1865 1243 72
1660 280 97
587 942 53
1912 398 3
1028 102 73
1195 389 94
989 1012 83
160 1386 83
1852 935 52
222 281 85
1090 499 29
162 159 61
1058 1099 3
1963 1363 53
865 743 55
1338 290 97
683 1279 9
817 1792 47
1051 1996 82
2 218 16
187 1308 15
1967 1822 26
27 1233 77
1381 1196 40
1485 413 84
1340 103 74
1936 1138 6
1896 1955 98
1595 1006 46
228 1361 64
1143 1900 24
909 219 47
835 598 80
563 1979 28
1303 1464 41
1138 1156 45
911 1444 83
668 1341 91
217 1288 49
1762 1516 10
1525 660 62
949 1921 81
547 1108 79
1026 1672 10
1053 975 75
1845 113 83
741 1376 28
776 45 21
766 614 9
466 377 25
1528 254 37
489 1555 59
1670 102 67
1800 1480 91
1910 885 66
1836 731 31
1270 1824 8
149 600 5
369 1718 19
229 185 48
1606 1713 55
1994 202 62
304 224 17
1371 25 97
461 287 35
879 475 66
1409 1745 42
1668 1895 43
1972 616 61
1243 846 46
1242 804 59
1496 798 14
1658 1455 38
626 1178 15
722 1991 54
56 870 29
473 632 75
715 300 70
1909 625 86
469 220 84
1567 1814 40
25 1311 91
1390 1321 46
628 1947 24
594 1021 15
848 1430 86
1576 1903 70
50 970 70
771 879 47
109 1349 19
292 1268 34
1632 1293 97
122 1036 70
67 16 17
1542 610 90
656 1810 20
993 1387 76
1962 1789 98
1584 913 78
182 1022 79
1001 1314 47
1634 1298 92
1930 1772 28
1899 191 96
167 1733 7
1808 742 69
880 1735 8
1855 50 50
504 1986 63
1681 168 85
911 1521 51
1409 1507 2
1201 1437 74
380 1688 18
1928 207 3
1734 16 45
54 896 33
1762 1103 35
1611 1607 21
373 1641 41
509 552 63
311 1962 70
1412 1515 60
638 247 100
55 175 8
1557 261 76
154 316 24
838 430 79
1572 41 38
644 766 79
1884 1275 84
998 1586 98
1620 999 65
31 1989 64
130 396 40
789 305 53
1816 459 21
91 1297 51
1469 1221 92
1159 1865 58
137 1750 85
372 1100 72
921 720 23
985 1103 64
1649 1586 60
840 727 65
644 544 77
765 635 26
1667 457 48
611 1616 13
320 105 63
1305 830 16
228 1751 88
502 1089 92
765 738 78
1424 1930 5
740 926 1
516 1691 89
1942 1711 46
589 322 14
1453 642 71
1716 299 1
1783 527 53
570 1029 42
461 146 32
290 1922 14
847 663 40
1947 1531 84
387 1825 95
932 766 17
1797 220 11
768 288 11
920 71 38
472 641 20
1465 1455 66
1548 97 41
1561 944 56
853 1244 87
1836 1631 65
530 916 31
1898 713 3
1908 1833 91
218 754 14
1056 1578 8
1627 1396 63
344 1296 12
984 1210 57
639 63 53
178 1899 84
1894 781 52
376 679 18
1079 939 51
421 1158 57
1835 566 88
594 193 36
456 889 32
767 1874 42
375 865 57
1227 1395 56
63 1641 89
1814 18 20
631 1449 60
1634 1870 18
1742 57 36
1429 651 81
1216 1459 70
1948 579 96
241 1306 62
598 886 9
1205 949 51
594 1115 21
1013 99 70
724 1733 92
1241 1475 2
676 1257 5
1008 825 65
1878 1125 96
973 1367 2
1286 317 40
995 1522 89
697 468 57
417 1834 56
1586 558 41
1329 152 68
1130 1180 77
1935 189 3
551 419 28
1746 1392 47
599 679 64
339 26 39
1379 1075 7
1535 1492 93
142 1430 4
834 759 8
1002 242 88
778 177 29
1380 728 48
1460 826 93
906 1777 72
670 116 50
308 1848 25
766 1735 69
1411 1878 51
614 712 62
673 66 4
1560 845 81
1341 577 61
1540 389 39
1132 1296 17
1403 318 85
404 978 33
480 1744 69
400 1507 99
1750 473 63
212 1146 30
915 1059 27
148 400 56
108 1940 46
1247 1425 42
515 1180 60
1899 1585 38
1484 417 34
452 818 94
2 568 67
616 780 14
945 48 25
823 196 77
1279 304 69
124 1903 94
617 418 75
1428 670 60
1217 154 77
1102 958 95
495 1312 16
714 1928 96
79 874 44
503 49 92
1679 1328 49
1147 1804 52
41 421 23
115 201 45
126 1418 99
554 873 9
1801 1720 21
1616 434 49
563 513 75
1559 1016 25
1102 695 5
950 195 10
702 588 83
1576 1055 85
1120 1181 55
1170 87 80
178 240 1
850 208 35
1450 772 49
925 683 17
801 1785 65
357 736 60
1366 1790 48
1501 1366 3
1837 838 36
1943 8 75
923 186 16
1623 1388 24
1109 838 48
1109 115 31
126 1268 69
190 1626 57
449 1344 47
1648 845 65
1902 682 3
1689 626 63
1563 1901 1
1678 1524 89
2 985 27
1449 95 43
1932 221 11
552 411 37
1908 1212 34
1406 1212 79
270 1466 14
324 1155 40
386 718 41
986 749 17
974 1103 2
152 904 49
1094 836 70
1657 1740 33
1845 1648 97
1378 1406 61
1757 1676 27
1522 352 82
1561 738 53
1853 1724 2
21 1050 5
1174 1203 9
423 649 98
244 306 38
829 504 39
625 1882 45
338 1991 74
1164 1513 26
1498 1426 65
550 1631 41
703 1652 44
1959 1179 99
119 1602 48
1116 198 7
206 1027 11
944 1653 45
1440 343 37
1613 1507 2
139 1357 29
1755 259 60
1447 962 65
190 1273 44
488 1393 46
1788 509 44
1394 1067 24
1504 11 29
200 1804 72
536 1417 79
738 1556 37
718 1663 96
1977 1111 11
1241 1301 84
36 142 77
81 1930 39
677 1324 6
300 1180 70
1928 1380 74
1899 269 43
1729 1359 52
917 77 15
365 406 26
775 0 80
810 36 22
1887 470 4
177 1499 28
1534 151 60
903 79 92
428 330 61
1371 411 72
222 1329 1
1088 1694 8
1066 821 60
345 1631 96
118 1870 66
1821 47 17
848 1582 68
1759 837 99
50 1618 29
963 1341 93
1586 1915 22
287 1003 68
1394 69 89
1205 414 72
700 532 43
1018 705 42
834 1553 76
802 1664 14
1552 67 84
281 1382 25
1773 968 40
946 1607 43
1813 1353 13
1853 558 79
1524 1259 64
1418 629 69
1360 1815 75
1235 969 91
300 522 58
983 803 40
1007 928 61
946 226 68
241 391 22
1253 244 80
1383 120 91
46 1891 72
1767 1251 88
1041 838 57
331 1491 79
41 474 34
1132 1834 14
1192 780 40
1212 1021 31
585 626 27
516 362 100
1707 760 91
1878 527 42
217 1920 32
1174 604 23
652 645 98
1638 129 84
1551 1322 16
1691 886 90
573 1471 16
52 339 30
1651 46 91
1141 277 18
234 494 91
165 20 95
1940 673 92
189 663 21
272 214 95
1487 257 33
76 1183 4
1644 1235 44
1573 886 42
263 379 71
1833 613 18
1675 1130 38
1769 1070 11
1212 1259 26
784 1883 41
1679 1371 50
1811 1799 33
1767 1443 68
62 1017 6
755 1632 85
1726 1817 50
1895 1492 33
1732 1613 3
595 825 15
120 1610 50
1860 1641 21
210 1804 73
1742 1571 16
862 1985 85
867 741 70
1604 819 87
1305 714 80
137 446 45
392 1393 23
1906 1514 33
7 1726 26
1480 1936 30
752 31 54
1467 1245 91
1904 464 84
1973 420 3
1859 1726 69
1590 1863 68
935 255 61
1457 513 27
1941 521 54
66 1 42
347 753 25
552 572 22
743 476 87
26 449 7
481 661 33
1 251 49
320 1538 4
1681 995 70
1259 1288 91
212 1354 44
1806 54 49
1430 606 21
1004 1701 98
690 80 99
1148 561 60
1333 914 64
1381 1235 2
36 1268 98
1205 527 38
1247 1092 45
1290 898 99
438 680 57
511 1684 11
1060 726 91
58 1875 4
70 1208 18
333 941 53
486 977 21
1635 535 49
73 1782 93
217 1425 91
415 215 23
1923 726 60
1133 1786 86
423 1845 13
626 267 73
96 952 14
448 1438 44
69 1074 31
569 1147 65
513 1364 90
1355 131 6
877 54 32
788 1540 19
1074 315 16
1586 1294 35
1659 1390 87
1024 1838 25
1367 259 99
597 1180 46
1962 1693 62
1103 1400 93
460 630 100
192 1418 92
62 492 7
129 431 1
463 442 91
1749 1466 82
473 1186 41
624 135 74
1921 449 19
583 1905 20
1727 365 50
1278 909 68
369 1323 13
1776 1452 96
828 267 38
919 368 56
1552 1194 94
92 1818 82
517 1739 83
636 322 88
507 402 54
656 1680 63
575 50 39
987 178 91
182 1006 11
171 277 79
1979 1829 73
1324 274 91
805 791 83
1088 1779 57
1275 286 59
180 942 40
1995 1518 42
1133 857 20
75 1392 78
1285 1563 56
1216 1894 37
1988 1219 11
931 376 55
1965 1464 34
1321 1092 21
1432 1624 15
871 1971 33
1064 1104 43
1435 1532 35
1164 1169 50
819 385 45
1008 726 16
1118 9 92
372 1974 9
1406 1647 53
1078 1079 29
1692 302 1
177 1366 57
1519 1153 89
253 318 11
1254 1489 96
1798 497 74
265 1616 35
1109 340 61
1769 98 9
1873 1176 88
1601 869 43
1653 1046 9
810 565 15
1498 1170 33
1708 424 22
656 575 72
681 1192 88
716 301 80
1428 422 79
1436 295 55
876 249 76
618 1902 74
78 712 91
692 563 61
1976 623 38
398 1631 13
21 313 57
1260 1381 59
839 809 33
517 598 29
1724 1474 30
151 444 32
1625 522 97
15 1567 60
1928 1543 83
617 293 15
1881 314 80
337 1574 61
1447 766 22
980 1635 72
1160 1711 98
1589 1863 42
272 1840 17
1668 207 84
1627 487 79
562 1104 73
776 985 39
7 1323 66
267 770 32
40 102 67
412 1262 79
609 1203 42
1603 1476 82
1119 1144 41
554 1124 29
1532 1686 33
1156 814 19
1095 821 94
960 1440 16
1943 1832 19
209 244 33
187 1206 37
380 809 13
413 280 57
654 834 33
1382 718 19
1566 1875 85
384 1322 58
1229 634 98
845 577 83
915 1138 27
247 1326 85
783 58 94
1147 472 26
656 1478 60
1288 1212 79
1959 778 6
1443 1515 80
101 744 14
550 1941 43
832 856 81
1359 1456 59
1795 239 18
1041 1387 42
566 43 20
926 1683 32
356 1642 62
1661 1086 77
992 1187 22
605 89 15
1499 922 72
1531 281 28
890 428 19
659 1469 58
1252 36 53
971 962 37
254 1670 79
667 1683 17
244 675 56
917 1632 46
1531 1131 68
1002 662 1
281 1904 29
1800 563 99
1409 1815 35
1062 1138 49
398 1744 19
1728 412 54
145 1008 29
100 1925 61
145 1456 44
1112 811 58
712 1444 63
741 1596 78
591 1006 46
477 68 36
1325 466 33
195 546 45
748 691 5
328 792 30
1540 937 38
1883 402 49
1240 1114 94
854 207 42
1032 1150 48
1729 1627 16
1564 1304 34
1496 1851 81
192 951 24
1896 1279 16
1877 819 6
1315 1054 8
1915 647 74
1608 1501 34
1250 885 84
249 614 64
1317 531 68
850 27 20
1282 572 71
406 468 3
673 346 74
1878 13 81
1485 1928 28
911 1889 81
544 1491 67
1679 1740 33
442 1057 16
510 260 96
781 1894 68
3 300 88
857 1326 34
531 1204 47
1611 1042 28
1338 1953 17
1270 849 8
88 528 48
1873 971 58
188 1833 18
883 614 64
150 969 65
238 1827 43
1023 358 47
1822 321 41
549 11 46
1517 1281 95
1624 1370 24
1823 1243 47
1080 1783 80
949 667 94
713 1169 63
1129 1759 42
871 1135 100
169 1309 73
510 210 84
1155 1727 18
1002 1351 88
1025 1526 83
371 959 66
1550 1908 85
1695 973 7
809 102 18
1751 1325 53
1402 1847 62
1375 709 72
1710 216 51
1327 1218 54
666 243 81
1248 966 40
1966 868 100
1702 915 74
960 1725 28
1978 1828 6
482 1582 53
296 957 62
319 1020 30
70 347 49
1523 1014 44
503 614 11
794 580 31
994 635 47
519 1595 24
498 1925 4
1803 408 86
1307 704 96
1520 1375 16
1950 1445 15
1598 969 29
1841 1824 44
1403 971 76
186 1965 11
1884 836 59
1307 1334 84
1262 1138 44
447 797 100
942 318 76
809 620 21
1024 218 42
604 411 19
447 167 90
1575 353 7
1337 237 43
695 1896 77
331 1158 67
726 1957 17
1826 900 35
301 61 55
573 1085 25
167 42 36
1937 489 55
326 416 60
1032 1754 97
926 801 45
154 1484 55
873 211 13
389 37 65
223 690 26
1029 1615 64
53 1782 6
1840 71 47
147 397 64
806 1781 70
55 1059 71
1199 1214 8
1854 87 19
818 476 56
682 1051 98
959 80 13
322 485 48
79 677 19
678 824 69
1693 1631 50
462 1686 10
384 1237 76
1791 1443 63
1409 261 91
1416 943 42
113 255 74
778 929 11
1225 1009 88
95 39 65
1363 1732 96
413 194 34
874 930 71
549 722 67
663 483 28
1253 1900 24
894 365 79
1319 1143 8
229 720 69
1816 816 8
580 179 40
1327 944 86
112 1818 17
135 719 91
1601 1382 74
1328 635 26
351 1881 44
1981 1200 87
189 1429 60
109 1598 76
1717 530 7
1408 1858 52
1294 322 22
462 457 42
352 58 76
1077 1739 12
1703 442 45
1046 424 46
1884 965 75
1795 1074 25
522 1143 56
1429 552 66
1632 1846 88
1653 660 46
746 1012 56
1574 89 95
685 144 90
381 1542 66
926 1779 31
1253 1574 57
1177 97 1
1632 1878 5
649 1510 3
1637 1515 63
1082 614 75
1289 188 16
1236 1225 13
1625 1606 55
790 885 86
1272 138 61
828 1667 10
1880 1652 40
1484 301 2
1286 1938 17
1748 1372 83
1574 662 71
1490 250 48
1902 1875 55
208 1017 40
294 289 30
306 1469 97
767 1350 49
1458 834 51
1659 473 41
1727 573 14
410 148 28
1632 1990 78
80 244 5
134 452 22
1425 1098 63
854 1756 32
302 523 34
1051 1981 21
453 1992 94
1793 1720 67
858 130 67
585 1762 57
914 1842 1
1118 328 6
691 105 56
553 959 13
237 1614 88
1270 665 22
1842 1470 14
535 1263 34
154 122 16
1920 1059 31
29 1974 73
381 1092 54
1186 136 59
1794 689 71
1806 1278 85
1045 901 2
266 743 24
1832 1279 87
1117 1785 61
533 57 21
63 86 47
1787 468 91
192 6 27
351 1800 17
173 1958 47
1609 1004 48
62 1622 92
1985 1454 23
1171 572 8
1184 1457 17
256 1872 56
1302 1659 24
1792 204 82
419 555 35
87 1080 45
1385 689 49
1233 751 24
1824 736 78
398 259 2
405 1795 59
1173 51 31
28 1705 43
1703 1498 47
1385 269 54
1571 708 34
1715 93 75
1216 1326 78
339 1502 66
1268 1900 77
770 657 73
80 1831 76
1263 211 82
105 1915 32
1503 1652 53
1456 1223 61
841 1290 6
1267 506 33
796 1197 87
1061 466 88
289 1588 97
961 1668 80
389 931 92
1522 1388 7
153 891 59
1405 699 34
1717 1892 24
122 1159 83
206 1955 32
145 1368 98
1984 1658 38
480 971 7
1160 1712 90
403 1234 79
1209 1739 70
19 1496 22
404 1213 14
79 1688 26
261 246 33
1993 391 54
542 375 12
680 856 35
838 368 48
1927 771 34
405 332 74
127 351 70
900 1107 36
1213 1186 24
1390 1448 70
1523 1793 62
1376 687 89
1239 1367 45
425 205 65
1324 485 88
1458 890 20
1331 1369 23
1052 269 30
1987 1835 17
610 1225 17
1832 1100 62
1445 828 49
1433 67 69
630 845 26
546 169 11
1234 1627 2
253 1310 23
1976 363 45
1157 350 80
1173 1313 57
1341 1145 58
1302 942 38
1951 727 58
319 1357 3
1244 1904 72
1007 1490 52
1660 1743 62
1682 71 25
326 1229 76
1157 754 41
1214 96 38
723 1750 80
1060 53 7
169 724 17
1771 321 73
1895 1328 63
1646 988 58
707 1022 30
132 1349 11
259 858 17
1699 72 65
636 1147 16
867 560 69
1825 729 94
141 501 67
1065 396 95
1479 42 83
1637 1101 5
218 1233 6
380 1492 65
1296 1543 89
661 531 89
128 1398 49
1296 1224 78
1541 1717 31
107 783 79
1 614 73
1235 251 75
1492 821 8
1449 1201 53
265 850 48
1154 1511 80
1542 1639 78
842 1287 54
519 829 72
1402 1288 7
680 1642 21
353 1229 25
1127 721 46
1486 523 100
1690 788 50
1438 294 13
1717 1836 52
1746 1030 91
1000 1550 72
1971 1304 61
77 1984 55
1149 337 84
473 1816 58
619 1655 81
670 1345 69
1219 783 16
1631 852 52
34 599 35
1724 1599 37
596 1922 41
1108 1999 25
1262 1500 15
645 1974 83
1454 945 38
434 1615 84
555 1186 19
970 817 24
1573 851 23
1559 927 74
1095 1523 96
1935 983 47
760 245 47
626 1243 21
308 1049 18
1998 1836 33
1033 391 19
1203 1713 88
226 1638 91
200 1198 19
1773 293 94
1268 581 78
1114 1341 75
813 319 70
133 979 20
751 977 56
1335 10 99
1106 1214 64
1693 1792 2
1484 1993 52
554 1766 98
1499 1387 79
1428 501 72
1603 1666 91
1372 152 70
543 903 100
1198 590 62
596 1696 76
411 1742 69
1513 1226 62
516 132 80
1813 1631 67
43 1060 21
1614 1015 87
1856 739 39
1078 1283 94
1277 833 37
1838 1782 33
1966 193 75
1886 58 53
1799 575 37
1478 740 69
897 784 29
817 750 44
755 959 35
846 37 18
1839 1666 52
1775 1856 34
1760 174 27
1486 60 86
791 211 13
227 42 53
1295 939 89
1775 108 92
1270 1215 51
1505 61 88
1022 1901 6
1725 28 14
210 140 89
537 1627 1
1274 418 65
938 645 7
1342 293 98
531 68 58
822 1691 73
72 1196 35
1711 570 88
1368 296 16
881 506 9
569 1395 36
1022 1021 6
1686 1959 51
744 1654 96
741 185 17
1550 1359 8
1222 1783 4
1308 1846 26
1295 1214 22
1663 447 81
171 1369 28
306 391 50
1211 429 61
1113 1173 15
1661 266 52
277 1816 11
584 1038 46
439 347 92
864 1994 58
1586 1657 6
1518 1828 75
845 486 18
1546 49 47
559 1515 20
873 1176 86
77 1805 54
287 389 92
633 828 91
1176 44 86
934 1982 43
1139 1500 24
1065 698 10
1734 244 12
480 803 27
751 29 55
1288 106 60
1641 745 49
1032 1378 29
1475 907 73
1560 1841 56
1654 1332 8
1929 749 6
691 483 3
1502 963 58
180 66 87
34 1354 93
1693 995 39
93 379 69
1673 206 28
1297 118 69
904 1773 53
12 54 2
169 745 85
923 599 48
481 779 14
67 1165 20
112 1210 15
902 1655 47
1422 1328 53
850 978 72
118 1882 97
1423 246 3
1124 768 49
1309 1691 100
808 172 80
374 592 97
1293 704 8
1560 1958 63
558 1380 44
1410 582 22
733 1053 4
181 476 3
1684 1600 71
284 909 62
1483 70 87
1814 444 79
1311 89 35
370 1 93
732 559 25
1127 322 8
148 1407 13
1404 1589 89
906 1273 41
1176 1909 51
1137 1392 73
1623 1207 69
1053 870 58
1187 1240 60
1631 324 71
1808 1804 93
567 1952 53
379 1708 42
1019 614 67
1259 1790 76
761 1280 20
333 1255 79
701 661 49
1511 200 41
322 1832 18
1692 1992 22
1737 559 26
1189 1290 35
582 309 1
1248 1568 44
175 330 24
494 1015 31
373 69 92
1473 1580 45
166 1902 77
1183 1594 21
356 1683 80
1833 872 22
1019 1454 31
820 1054 51
763 1581 33
338 428 49
1520 1153 18
1364 626 50
1408 792 52
1636 327 98
1856 1035 82
987 1221 54
1408 240 61
490 1060 67
1140 175 49
825 865 77
1173 386 30
1942 102 8
291 1510 53
894 1146 32
1091 1002 20
972 341 41
78 1749 81
638 239 94
956 1731 21
856 556 87
832 81 25
313 375 27
773 666 37
377 1912 35
308 1004 89
1627 1976 30
519 54 79
1652 1044 70
1845 1 1
917 857 10
503 42 91
827 707 67
1605 1832 85
1893 209 98
1327 870 2
467 497 30
1596 1369 37
826 1021 81
647 1218 34
1848 135 44
309 639 38
499 1818 97
1417 1776 30
1002 1669 91
851 997 61
1352 1464 11
533 1413 80
1769 591 1
402 1239 19
1035 1439 54
1230 1748 45
1819 599 16
1116 17 92
597 1371 61
287 222 10
848 1926 27
258 459 92
1037 581 83
1189 983 22
559 370 61
1712 1601 61
209 1772 61
524 888 30
967 1485 1
1079 1773 75
541 973 53
1467 1231 64
158 620 45
1792 1809 80
666 720 51
626 432 4
1039 993 76
51 1869 17
1080 836 2
1832 1916 27
1158 457 100
410 276 83
825 786 55
1822 578 16
1801 1244 36
503 223 69
1158 1614 14
1234 1665 84
902 1097 20
55 929 88
1334 439 97
1585 1201 73
1068 26 59
1522 1848 90
490 1650 86
1825 505 61
1945 1664 75
1059 1250 92
42 152 89
213 559 70
301 1893 9
1197 1479 10
722 899 37
1032 773 37
1921 1263 39
759 1089 45
1819 1034 9
846 445 11
1537 487 15
1678 701 74
747 1354 68
256 551 47
1317 1273 46
405 306 19
1342 579 35
280 1690 24
1724 1510 10
1184 708 56
246 597 95
1460 275 48
1234 1375 2
901 1631 6
399 1300 31
796 1706 37
1966 1048 69
400 1680 59
275 1757 21
1185 941 81
892 1540 79
1086 1000 6
686 234 81
1287 1487 64
792 1886 65
275 682 71
63 649 71
431 1401 51
842 1677 8
1114 862 2
95 106 42
25 1192 94
230 1878 29
1811 1518 68
1726 662 55
590 937 89
1512 1001 90
1834 1784 44
1485 626 21
1244 1741 35
297 188 41
890 213 33
484 443 64
664 606 34
331 333 96
237 923 34
1178 788 87
1119 622 71
462 459 50
1482 1704 43
1716 353 31
408 1244 44
293 1728 87
56 392 94
1689 723 79
336 1313 54
1921 491 42
507 1610 17
1230 425 76
579 1907 32
373 1976 86
3 384 30
1846 677 58
484 1085 2
1377 1126 77
1307 1463 90
161 1736 33
1802 244 96
418 1826 21
1846 757 80
977 1130 56
814 1133 93
1543 1331 22
352 1815 60
1553 1545 86
1830 852 1
1771 1013 38
204 816 34
599 1586 60
1419 1784 17
498 762 99
1906 1576 32
1698 1472 63
871 1824 78
1130 1730 75
868 1912 28
420 1683 41
1709 1887 9
1594 486 48
953 257 32
1421 756 46
1019 662 75
102 712 47
516 1935 23
746 1066 5
520 286 17
1147 1058 1
1140 768 40
300 362 27
1047 1668 36
1579 1441 92
1576 813 6
1150 915 70
548 1432 6
1771 178 24
1075 698 62
644 198 20
1544 1338 88
683 1990 3
661 1038 23
897 969 64
240 545 77
598 1696 93
1667 244 77
1024 367 7
1799 1795 57
860 439 55
980 335 45
219 1018 36
1821 32 26
1443 1281 95
859 1521 40
735 471 36
1879 491 33
455 1515 100
1561 1315 95
70 527 34
424 1507 21
821 79 92
1208 1900 24
633 1696 57
1027 907 30
318 1642 2
954 1522 93
538 329 60
137 243 27
1884 313 55
69 1089 62
590 1910 41
481 1470 94
756 103 42
312 1482 49
1741 1801 43
1642 1107 17
386 1645 47
646 1782 42
572 18 7
1026 88 96
1340 678 59
1732 1511 29
377 267 85
718 579 67
318 672 68
1561 667 75
1029 1053 20
827 51 55
868 624 25
1574 2 13
1722 1694 43
132 1427 6
12 1804 73
1996 875 4
1815 1193 29
1082 1106 96
1809 136 49
180 963 53
686 184 29
1211 110 31
175 184 26
170 316 5
1675 329 9
1800 677 36
503 492 82
231 1927 40
626 88 76
427 268 92
631 955 28
1459 518 38
289 693 75
1166 863 91
1822 539 72
283 339 2
1618 1194 46
499 1778 73
839 756 13
1666 1535 82
1809 166 89
136 1625 7
926 267 52
1900 1785 16
1542 1608 7
1866 1891 98
867 1509 92
712 361 70
837 1200 27
1049 1218 62
1882 1028 29
1670 1516 6
328 442 73
1680 694 59
1895 237 67
1353 103 58
1150 1322 19
141 34 80
1263 1223 80
789 625 51
202 507 79
1782 530 95
988 858 90
460 890 84
70 1137 73
936 490 28
45 1640 50
664 134 37
1643 1397 60
175 538 85
1925 1092 45
1055 875 75
1701 215 33
790 1027 76
926 1098 13
1650 34 4
478 432 96
979 1096 30
1515 1091 27
1275 1618 17
11 1895 10
1255 950 37
1029 1004 52
14 1794 79
1889 1072 77
901 723 64
756 1201 48
252 180 96
1881 1696 39
1260 1323 58
1528 1686 5
889 942 56
1125 323 12
1576 337 6
1407 578 79
335 1832 2
1650 588 55
1397 840 87
592 1074 35
1231 686 10
1840 214 97
344 1104 39
151 581 62
962 510 52
1920 1917 82
1598 604 14
351 255 3
657 4 95
1143 597 21
30 180 59
239 372 74
135 716 30
1325 1220 11
839 182 21
690 102 90
1471 52 95
437 755 50
1991 1764 54
737 1260 3
558 1290 35
1416 1881 7
841 17 76
1722 1342 96
833 181 30
805 1223 85
695 1047 89
1189 1484 97
290 1475 61
1395 212 73
1098 770 63
1684 539 45
291 1732 14
318 1455 8
1565 288 42
994 1445 65
878 140 12
1519 1681 96
915 1971 23
427 1367 36
1200 817 58
1614 501 97
1910 1144 82
223 1814 37
231 1379 77
772 374 22
888 1604 63
1700 1475 44
347 390 68
470 1170 87
805 370 4
262 1984 57
611 1895 54
1044 470 68
580 701 100
756 1825 26
729 714 30
843 766 58
287 1113 48
406 1935 18
1892 1092 40
547 1707 25
55 670 72
1060 1714 42
1880 294 96
79 1402 21
1004 131 87
1885 975 5
242 1614 19
1342 372 6
1611 616 99
251 1163 6
1227 1570 76
98 631 42
1791 863 36
186 942 90
759 298 73
397 183 100
802 778 66
672 120 38
477 1731 54
1727 334 69
684 1561 92
311 11 23
1652 1803 86
1639 341 80
1380 1452 78
1253 202 13
452 1004 91
1970 28 63
1507 857 95
13 585 29
33 1621 43
1624 1933 54
198 1937 9
1635 1577 3
14 957 55
1043 562 9
256 1367 65
598 1337 93
1061 844 3
1607 1209 40
487 1243 61
929 867 46
1735 1066 84
343 1053 61
1997 1068 70
1104 463 33
412 1071 100
1077 1670 37
121 1083 33
23 690 95
862 1177 38
1675 459 57
420 194 75
1455 889 29
67 887 49
1637 1991 12
121 755 84
1620 1832 6
808 306 89
1192 329 79
786 1544 8
1975 1571 19
384 1991 65
210 1799 55
1090 1866 94
1038 1503 37
1802 1624 92
1637 1596 77
1142 756 83
1730 301 64
1360 1439 60
519 1415 31
138 151 75
302 361 74
1708 1452 92
353 842 96
989 996 72
733 633 21
661 1775 29
895 1857 30
1810 1217 70
622 89 37
652 227 40
1378 881 1
1903 590 5
295 943 100
542 285 96
765 1370 82
585 383 57
1866 1630 67
1095 1440 36
116 62 25
904 1067 52
1843 797 34
1496 701 76
952 1348 71
1251 242 8
899 1007 30
1180 1945 13
1588 1811 43
206 1258 36
42 1375 98
1966 631 17
470 475 15
1855 1971 68
1830 923 16
1452 527 58
1360 1426 17
989 958 62
1354 898 25
1348 1105 84
783 1147 11
633 1465 42
1549 1935 17
1263 1790 40
30 1972 64
497 1425 91
1206 1137 69
923 126 79
936 1832 77
761 1181 82
1844 316 81
1006 949 47
447 499 34
364 114 25
955 497 49
118 994 74
160 553 11
1980 1828 90
758 764 74
435 1525 7
1568 1721 24
1849 727 25
1947 1175 24
1980 1891 91
1804 846 88
305 1317 34
1878 1829 39
941 1810 67
482 920 32
1855 1355 9
762 1276 31
337 1477 10
861 1424 37
237 1404 28
1727 1561 27
66 1866 96
1751 96 25
1990 1389 87
56 1871 8
1239 79 15
1948 1193 91
730 1530 68
591 743 92
1628 980 97
555 1059 10
1033 1477 76
828 1229 24
805 1571 14
591 1979 37
1298 1219 68
1713 1519 13
1755 601 43
923 1192 39
1514 820 19
1862 1728 31
123 1113 8
250 294 89
474 1099 60
439 42 40
275 1341 11
895 1406 30
707 1161 83
402 436 75
840 303 48
610 517 28
1440 641 41
100 891 35
1988 1365 86
1448 1804 29
1239 432 22
249 1679 80
778 386 93
612 788 30
1638 1980 33
1485 591 50
1764 383 43
1157 483 35
491 824 100
1629 272 57
809 1511 41
1682 112 20
1961 1242 6
105 1854 47
334 1492 27
1218 1330 70
620 1094 6
662 251 89
1596 1095 65
248 1076 89
1056 1885 52
296 1567 64
1215 1880 6
872 337 60
1318 1024 5
97 242 35
1466 1214 81
1571 229 33
512 1825 80
628 425 56
1017 1481 41
1268 129 60
1984 1696 92
1589 569 29
1401 239 53
705 688 48
1339 507 62
1419 78 91
103 942 69
1882 1571 46
737 940 80
1829 560 9
840 544 6
1731 134 27
1312 1887 18
1564 592 7
763 283 14
825 54 44
1467 510 39
287 392 62
1533 1482 2
612 1663 14
172 504 59
1429 587 45
1255 1899 32
25 1816 76
1131 579 11
1096 1756 17
1491 1576 27
829 1863 72
442 1748 54
995 712 69
109 1237 73
119 666 61
263 274 12
646 299 28
1621 1782 60
1583 878 68
1599 721 44
126 1903 60
1397 345 60
502 1341 25
1270 1802 62
895 1921 28
755 536 2
1218 1182 1
1498 1155 83
357 738 13
1324 337 35
220 463 38
979 212 35
1838 714 28
1762 337 30
1275 1232 3
1103 339 39
1556 1557 21
1957 1055 76
491 1764 66
256 1441 4
390 1661 19
779 992 32
1513 830 98
293 945 35
874 220 67
1377 1675 6
415 1232 16
988 1541 23
715 32 88
1181 288 29
336 1030 42
1954 161 34
137 27 16
1035 320 13
621 1194 34
1440 923 61
597 1339 93
1312 679 34
1435 1746 19
1674 927 59
1354 1263 42
695 1570 3
1028 59 82
895 1446 2
1708 68 49
1093 1508 72
153 105 63
798 1770 94
983 1205 41
1553 879 68
412 233 84
1005 1280 6
1759 660 65
541 1555 12
1994 1263 32
994 708 40
566 862 97
180 12 67
474 995 24
514 549 55
1833 1313 40
768 318 20
1273 429 80
190 970 88
201 1317 3
632 311 12
923 1229 26
1671 1410 38
190 1884 85
1913 750 86
1220 935 99
759 1704 69
1579 977 51
1410 1167 21
1149 1720 90
152 352 2
215 1627 83
1140 1299 93
429 1489 29
713 1402 31
1899 622 67
749 1734 71
270 1665 100
220 1427 20
1492 577 40
82 729 45
1335 1296 72
1817 436 23
62 865 12
542 1930 67
1773 181 41
291 1283 75
161 1553 40
1712 125 68
431 1969 97
1223 51 78
719 1738 74
1842 1908 10
265 322 27
176 864 9
1842 989 43
483 1280 26
857 1793 31
1249 1506 8
1068 289 77
1464 1512 29
1293 583 19
66 426 27
1627 691 1
405 1219 66
1113 1062 55
355 1897 88
1232 1106 81
1662 355 39
569 1775 29
1446 1591 93
726 884 77
1744 1302 55
1023 929 46
623 1334 65
1440 800 79
1247 1155 76
334 388 83
1566 402 90
305 972 66
1685 770 9
577 1848 94
405 1592 96
659 967 78
1956 1943 64
473 1383 64
403 982 20
1879 1668 60
813 1235 62
102 1892 86
1519 1577 8
880 506 56
1125 1264 1
672 275 68
1149 584 63
1313 1409 99
276 1812 81
747 43 50
1606 856 37
1220 1311 29
157 1182 58
1865 62 16
1420 1539 80
920 212 56
1388 1361 40
502 1026 49
1000 1655 13
833 402 57
1982 361 65
1070 1581 76
1698 90 11
607 1955 25
22 1376 65
702 296 77
9 36 90
1900 539 69
1200 1891 24
312 724 26
1820 1058 39
185 128 20
212 178 11
1422 785 18
1399 808 94
915 1862 91
291 223 79
1732 123 70
200 1323 62
323 1987 86
1201 1808 97
439 1993 25
1611 557 4
873 1980 41
90 1731 49
684 646 63
1926 1289 86
1556 1021 61
1726 1574 36
1787 1897 24
924 1450 84
1120 1890 77
1797 1501 34
300 374 66
1940 816 49
741 1500 95
1755 1778 36
993 1335 10
705 1413 84
1741 1552 33
1116 828 84
299 301 26
1827 98 27
1560 750 53
1978 1042 21
478 135 74
1625 1891 52
60 1236 39
1869 1941 52
1252 1682 4
1237 1150 33
320 1449 86
1645 1276 84
823 1189 34
727 1519 76
1447 1997 64
20 1622 55
724 1683 43
762 1904 84
566 1509 19
1921 746 21
105 1066 71
590 1063 47
1173 238 36
858 965 7
1586 764 5
449 785 27
1555 1861 62
1897 975 67
532 1541 76
1202 1815 74
1023 1920 92
645 511 55
1543 36 45
1279 1247 62
1237 833 26
841 1634 63
420 1189 24
33 1438 100
1551 322 93
578 1877 8
351 1252 29
1542 249 92
1796 1792 80
992 1423 27
1153 661 12
79 1502 46
141 274 87
417 308 77
1668 1859 52
460 438 29
1068 789 33
1596 332 82
1339 480 74
1118 1473 98
145 978 59
356 1057 13
554 1551 88
1940 1968 96
1117 1636 7
1320 448 45
1048 1516 87
732 1464 19
665 803 51
38 1922 76
1187 419 55
997 1127 12
662 1681 15
601 1974 35
848 1443 23
954 763 72
1499 163 88
1185 895 53
1555 1560 8
757 1950 82
1433 1490 1
1087 839 81
150 1501 62
765 102 88
51 950 31
974 257 94
345 1756 9
1584 1293 4
1936 1200 16
1444 1957 19
1577 1742 61
1778 829 100
1458 1332 54
1171 449 8
859 500 11
1989 1474 68
235 171 76
643 1756 21
299 44 73
1866 1840 30
1736 1418 73
1096 1196 54
1648 1006 86
53 177 87
912 1388 88
722 1730 14
1141 1965 38
1668 960 94
1488 1259 90
1212 1126 31
542 862 49
1966 311 97
571 1959 55
509 364 84
895 1276 73
134 1999 3
1200 1492 20
437 1161 80
1782 1001 92
1171 214 18
753 1108 32
1753 1074 95
301 1997 54
1855 506 70
1939 1402 47
1763 1888 98
1317 1088 90
836 1877 51
1667 1659 5
1758 1183 19
975 1936 27
1759 1690 53
853 343 50
259 199 57
28 490 11
1426 605 51
823 1922 40
1713 1110 69
115 777 81
1519 536 64
1137 1863 52
215 1622 94
367 828 38
869 1439 37
1877 1819 79
639 1246 84
1289 69 58
1380 1782 68
1349 250 45
1329 1769 81
844 1259 45
295 1826 19
1789 546 99
1626 1415 38
14 1644 58
892 283 4
727 1572 73
484 1305 8
1351 654 58
995 335 79
1528 1179 90
1924 1826 17
294 1615 63
1493 1593 30
130 1607 74
939 851 57
642 1578 81
767 62 86
1026 1413 92
1535 761 79
1813 641 58
55 917 37
1771 1211 4
385 704 98
414 1187 57
87 126 9
43 1121 87
1923 1888 2
1461 1266 67
1652 801 80
531 966 21
940 1021 38
1528 1144 2
1732 1529 6
1529 1943 45
1637 30 72
245 425 45
784 701 85
1385 162 51
103 166 4
1583 697 70
55 1990 44
1445 1518 88
46 1602 18
1703 1131 61
548 769 92
1871 1366 17
667 150 70
1351 1887 32
1301 343 99
756 1926 48
825 1981 90
268 1778 9
856 1824 63
973 1880 95
1385 780 16
1476 651 34
345 1318 37
266 1021 76
1998 674 19
248 1430 45
1195 255 79
485 876 57
1645 84 34
407 1409 14
653 794 46
20 623 97
754 1320 67
342 1586 88
1817 1936 14
1636 184 44
1732 1380 51
1810 217 27
19 214 63
404 973 72
669 1979 19
1714 351 42
1410 1457 14
1128 1799 100
1867 1617 37
1280 1253 73
123 1337 53
1573 1148 22
252 1519 88
1366 1923 14
1890 592 93
1208 306 44
1501 68 2
1114 1196 53
665 1415 70
153 695 75
1826 1170 13
1230 1095 13
1204 1699 32
1743 1066 55
1256 956 47
1100 516 5
1296 17 73
597 1483 21
401 500 88
1471 1006 83
497 832 53
861 414 100
373 1970 100
1404 1714 66
710 970 74
608 71 90
812 1367 59
1436 316 94
1608 717 94
1195 540 100
1829 1390 84
1633 251 99
533 625 69
1132 381 35
1149 1092 6
122 1700 29
1963 865 48
1821 653 64
1514 262 33
59 1809 26
1259 1639 16
1642 1624 19
792 157 44
1913 1289 26
747 438 70
904 912 22
1132 875 87
1079 1048 41
1694 914 55
1379 974 16
1956 585 7
1923 579 32
141 1724 89
985 1637 31
562 736 21
1231 1641 34
304 1125 61
1891 557 62
483 603 28
1689 334 54
704 290 39
1711 213 19
342 355 43
1482 1692 32
1912 606 68
1133 189 61
1266 493 87
978 384 96
1739 1219 99
119 908 34
1472 1965 76
1411 1676 42
281 370 97
875 1852 41
1458 117 47
777 1250 36
1738 868 29
176 1846 66
1171 1938 37
1121 57 98
1406 1881 63
1982 1292 91
1123 1925 61
971 1152 65
863 610 82
1009 1388 84
1696 1126 52
876 1654 51
793 1177 41
1930 650 50
327 57 31
1041 391 76
1431 1866 1
543 1189 54
1859 52 64
941 1413 4
1624 1461 82
1528 337 36
1278 1483 65
1670 1413 16
119 92 25
801 1133 68
776 564 86
1029 1107 75
82 966 79
97 259 44
1853 236 5
734 116 94
1622 1394 77
1686 1416 42
753 1535 34
1877 688 67
96 1465 83
181 494 42
1807 928 61
1837 1025 20
1632 1230 8
888 1965 24
482 1587 70
1910 1625 86
752 379 73
37 608 62
104 705 27
1438 886 73
1880 1046 1
1640 883 78
1659 516 9
619 1404 26
1342 238 13
164 501 38
49 1253 69
174 1642 78
635 98 35
913 1537 21
1685 1417 19
1737 1057 55
814 1068 71
1474 39 27
99 1382 18
663 1546 19
853 1947 72
1421 121 66
950 1108 65
1184 21 2
657 58 71
1175 147 28
929 1314 48
1551 788 88
1578 1240 22
195 1903 20
1665 756 67
36 530 41
401 1480 49
1217 665 23
1218 1322 33
988 849 81
167 131 95
767 1682 35
1054 1612 75
1427 159 79
1346 1824 87
1564 212 17
1904 966 98
1705 183 15
1879 1754 37
111 1094 38
491 1262 69
537 381 52
1372 1435 16
1446 1214 76
1776 560 52
863 476 65
479 733 83
1928 438 66
42 317 72
1830 780 67
468 1272 81
1236 1809 62
39 1181 49
807 980 63
1734 756 75
485 1619 51
1801 451 84
83 379 74
901 422 91
1824 252 72
1490 720 96
770 309 57
783 700 91
231 1507 71
893 1593 79
819 79 99
870 232 50
1653 668 29
1579 1921 3
1469 1745 56
492 1236 28
1139 358 37
1948 1142 90
1938 1373 49
1260 619 43
1338 1438 74
1388 308 6
1889 314 26
770 1893 47
72 1714 93
1979 559 81
607 50 39
1895 1998 81
236 288 7
85 1900 26
1527 1239 16
1752 979 77
1857 1221 43
1335 1991 88
381 415 2
1525 395 13
1905 1354 16
996 1249 14
1228 1486 3
834 1923 3
1411 1450 94
1779 1202 26
455 1411 47
1797 746 90
1384 1480 5
1037 1005 100
1602 1263 54
217 259 56
830 1487 94
84 674 17
1239 437 19
1984 216 73
1709 671 36
1007 820 35
296 204 15
353 1594 72
452 1196 35
258 1765 94
1665 947 34
910 1384 8
1726 623 45
696 959 62
1220 1021 85
1155 28 6
189 677 62
1055 1030 56
927 1834 4
61 444 21
1807 109 69
1040 1371 53
947 1449 28
1643 145 87
204 1365 8
141 873 89
546 1062 18
1859 118 48
767 1397 82
870 1458 79
1443 1265 88
611 657 12
1515 1604 61
1042 1600 7
1880 156 24
1740 297 97
1980 1195 12
897 1055 82
844 1822 79
977 1044 89
1555 487 55
595 1450 64
1006 965 21
866 359 21
1224 592 77
948 332 27
1896 664 22
1907 1561 77
740 405 99
618 1734 44
307 1290 31
1613 237 34
1576 1595 99
1496 461 11
1368 38 55
1045 1338 87
1371 1234 51
892 1494 64
1821 234 21
219 1205 55
14 1864 97
297 1477 34
30 1405 81
1080 902 95
490 270 33
844 1667 71
1882 1390 57
1584 283 3
847 456 90
867 675 95
974 690 59
370 987 88
356 1369 93
1936 449 47
330 1292 70
1114 488 89
1236 723 80
945 307 15
147 1507 71
288 726 98
1282 1700 88
492 423 27
1531 1131 96
1624 1067 46
1322 1750 38
1643 864 78
1632 453 1
1011 1398 9
1025 1545 68
1847 1834 94
1344 1468 47
1884 313 22
1410 1844 53
306 1820 20
3 1495 22
992 1138 39
469 770 92
670 1781 90
1530 1158 87
249 1357 73
1694 702 42
1192 586 7
1113 348 51
165 1006 24
637 1009 19
858 353 57
648 1175 80
539 197 61
180 79 72
1719 328 81
1091 22 83
1932 1567 21
1790 680 22
1493 846 28
1016 1835 90
386 1045 43
542 1694 18
1821 585 15
1234 1118 94
157 837 74
789 1928 49
1772 213 16
44 3 96
665 1496 94
293 864 29
1282 1250 27
976 145 21
1846 1966 58
560 1552 76
1706 61 13
1531 851 94
1379 975 7
794 1371 10
1242 37 59
887 682 23
368 316 74
894 1644 19
1466 1490 37
623 403 42
1251 109 55
715 1640 6
108 1372 33
1714 518 5
1676 1760 94
1134 1000 28
1808 1368 96
1381 614 40
1099 80 31
1488 1055 86
1429 306 95
1783 1022 87
1341 1482 11
225 1549 30
481 1225 90
1126 711 42
453 519 10
800 253 24
792 1704 56
1922 1192 12
1807 973 70
153 1109 44
491 450 27
202 1027 76
431 1509 53
772 635 64
114 1441 35
1175 241 88
851 1033 93
606 1307 85
1417 1466 11
887 1971 20
1730 463 22
408 1017 49
635 1800 58
87 924 46
602 1390 87
1637 566 80
1276 1417 66
268 23 73
805 1793 92
315 1032 63
1286 1114 78
707 1523 47
1155 158 47
1465 246 24
410 1200 14
1148 837 80
127 114 49
844 734 25
517 1539 18
360 206 50
174 1492 64
452 199 39
450 1707 98
249 1172 96
972 1934 96
1085 1082 86
1765 1561 100
565 406 34
1389 1275 26
6 1635 32
7 1809 77
1123 613 76
1761 1064 83
558 1313 7
305 637 41
901 1722 23
686 1839 37
937 405 43
1570 1794 70
447 153 5
1531 512 66
107 1635 32
882 1397 48
1717 307 13
1723 613 50
1664 1514 72
1038 552 12
1974 1489 69
1668 1411 63
637 211 68
1593 1742 81
711 1849 68
442 1083 65
1941 800 73
753 524 86
202 540 52
1725 1930 56
1088 257 97
856 277 8
771 1267 71
1190 860 13
1770 1923 62
690 717 46
654 658 98
1278 1763 74
163 1965 14
1266 43 97
921 1131 54
769 340 31
29 1111 98
1499 301 11
712 424 86
125 1114 4
270 120 62
1568 1399 26
93 1914 43
1159 1533 38
155 454 22
1760 1576 62
1290 1605 25
440 1104 78
802 1816 54
1087 1942 20
442 564 41
104 484 40
1881 578 6
1975 1737 39
465 244 46
86 4 22
47 1646 27
1823 438 31
1900 1240 100
754 680 42
1073 1122 58
1865 1578 95
1704 1811 73
162 139 62
1800 604 6
245 690 10
266 1089 8
1892 912 47
975 812 39
1874 1918 19
1067 1344 42
824 1209 72
1418 1266 84
942 1428 23
203 1228 27
60 1474 69
1921 92 58
1429 337 70
1375 1312 34
913 1538 5
1484 605 49
1177 1781 58
448 1552 24
1883 494 52
1457 1050 81
1635 1462 7
503 1384 99
460 1165 88
1681 892 52
67 157 90
371 1641 95
19 818 77
876 1619 29
1352 1854 75
903 1312 77
35 947 40
641 1803 24
1692 263 41
1431 297 33
483 364 90
1072 735 84
267 754 54
1595 1982 73
475 1334 80
201 590 92
978 625 91
1217 1619 94
1192 1311 10
332 1094 59
364 1577 23
905 650 58
1088 1269 64
442 1216 46
1766 43 33
945 244 23
1788 1574 48
1931 791 67
1876 335 30
437 667 25
1295 1383 54
517 641 4
826 1729 73
1889 523 41
1287 290 84
19 1587 29
1693 1376 3
1640 1307 47
1559 1535 82
1140 1973 2
1816 1268 37
70 1786 78
973 964 60
1498 854 83
1238 493 25
1022 864 13
1402 557 89
1356 549 48
102 108 83
1536 1601 56
1637 1417 77
1825 1839 63
303 813 27
1214 663 33
296 253 26
21 1627 42
1333 1029 99
373 386 49
1072 840 9
954 376 62
1162 365 80
638 191 71
252 846 36
830 60 99
615 708 5
892 729 32
34 414 14
1732 787 52
332 1859 92
1393 1166 21
54 680 86
485 1670 29
756 274 27
191 1104 87
642 71 96
1346 964 77
1677 998 92
1742 1082 31
193 1767 43
1485 1160 61
1505 1566 93
242 52 63
1523 1160 89
1649 1351 93
1836 345 65
1083 1691 81
1411 1721 79
154 1815 61
1685 9 28
1779 1846 40
1039 1351 7
1683 1945 59
1645 1468 71
233 1118 74
277 1306 20
393 741 63
1473 152 36
1903 307 52
1416 344 61
343 123 7
1135 1514 10
1141 1197 7
1551 1194 28
1121 1779 98
394 408 56
365 802 97
380 627 1
115 531 60
18 1947 4
1930 642 79
1688 1777 45
797 1270 94
556 1173 88
1783 294 19
832 1041 28
1187 1758 82
635 138 9
235 254 40
847 272 39
1802 555 82
1233 243 11
177 1393 82
671 1949 55
710 84 2
529 1268 95
1108 455 53
489 1442 44
849 29 98
1389 876 22
579 679 77
412 1912 73
23 441 66
1256 1112 15
1662 175 51
363 1056 19
809 164 26
662 1005 68
1005 1854 97
1954 1595 74
1527 175 5
1656 587 17
28 962 10
1793 218 23
1859 1881 50
361 596 58
1779 1406 74
4 420 79
23 1777 85
1719 83 81
292 1610 8
248 1618 47
116 1998 62
426 143 80
200 354 13
149 715 10
1506 846 16
1379 1202 88
609 1225 65
1693 945 48
725 1589 10
284 1838 29
431 1954 79
1892 380 23
1923 580 77
1836 1081 93
697 587 91
964 318 94
1651 927 19
115 973 16
1014 1698 6
1523 1983 96
3 766 50
482 1010 83
1104 933 15
432 769 97
476 1818 36
1367 782 7
1460 433 34
1130 900 59
1746 1914 58
1951 1790 93
698 1793 59
1399 627 69
481 1731 2
496 516 24
1944 992 42
1979 359 77
685 1819 10
671 950 63
1629 1048 77
286 1351 19
1630 49 13
1388 1448 40
508 1930 24
562 778 40
1737 722 84
730 1053 44
506 1739 15
716 762 17
530 391 65
1906 1030 16
1425 660 65
1089 401 14
1380 909 96
1755 1471 74
646 1560 48
530 291 1
773 797 92
1539 1865 54
1256 395 46
20 302 76
136 79 88
300 1520 41
265 1252 51
160 1008 74
1185 1654 35
932 536 26
85 1661 75
976 1201 41
630 457 36
675 477 90
102 965 21
541 1266 41
1382 1883 46
1484 396 54
1409 1581 60
895 866 97
672 1303 10
1247 279 11
1687 909 20
522 1936 98
364 390 63
284 1284 81
77 1018 17
1122 502 13
1527 1911 46
1586 807 64
534 1831 67
1144 1078 47
1306 765 8
1926 1640 97
1375 356 39
1789 640 23
1470 1069 41
1738 191 95
50 1718 7
295 1657 66
1759 543 97
877 39 28
1923 1346 93
583 1624 85
1179 999 41
517 788 34
1492 610 3
1132 348 47
1627 750 65
385 1398 74
302 1509 70
50 386 9
877 662 7
822 1245 31
406 424 82
699 1293 23
1632 785 85
1986 270 34
532 249 36
1149 634 34
1774 1288 43
943 1338 30
152 216 92
1058 1038 37
1941 1796 13
174 847 58
1196 831 44
1181 818 66
1866 1702 15
1301 851 1
135 626 89
829 1569 79
1558 73 95
1301 1484 85
289 1425 34
1701 1951 81
1111 1148 13
1306 681 31
1771 899 33
837 200 37
537 687 63
1877 1869 84
555 1427 58
1450 1081 42
86 1370 19
519 1424 70
1800 535 70
1912 193 3
1194 1964 2
178 801 55
14 1690 94
828 1567 63
1212 474 43
1669 1924 24
1962 363 94
32 882 70
53 1034 57
1223 1298 50
1777 492 14
879 671 67
885 1037 9
1578 1866 28
141 1078 3
483 1099 79
258 1413 42
1051 1445 77
1973 1498 11
1429 1073 10
1079 1203 54
1044 434 77
163 1319 15
971 897 81
1699 1390 11
1253 225 62
731 483 75
573 1887 72
1649 1860 22
111 1641 48
1872 1072 51
126 117 85
1402 632 4
68 1955 53
248 6 44
210 1259 69
1623 1991 5
449 916 92
720 917 52
1194 1028 45
741 1253 18
1491 1379 87
675 1133 19
1530 1202 74
1282 1802 81
777 365 40
498 1988 83
702 438 99
793 1510 16
1096 704 97
1040 1445 50
409 1288 81
1895 315 14
13 1845 16
439 1480 71
871 609 36
562 1107 24
245 1809 62
1195 954 25
711 402 29
1959 1795 27
460 204 67
340 100 83
1353 465 80
1921 1256 60
291 127 70
1378 690 29
101 935 91
1615 130 45
639 1193 100
719 1152 95
245 1964 51
1412 304 51
1246 10 69
925 1931 25
437 574 53
558 1952 43
1786 405 30
1176 20 60
1873 1011 6
972 1731 10
218 328 75
1668 92 79
1571 1338 41
1939 616 24
1915 1053 98
19 1611 2
813 1749 60
542 1278 32
754 1151 44
159 475 27
1420 693 55
294 361 100
1825 1932 38
1365 223 54
1189 491 59
1938 510 22
992 1324 72
803 1866 50
634 972 53
1829 1131 28
755 552 73
362 1198 34
413 1023 19
1450 741 94
1456 282 85
866 572 48
1888 1916 72
659 719 90
1060 1354 63
612 1535 46
991 643 98
63 1357 49
1848 1770 72
1918 1572 65
212 1380 47
1348 247 20
995 135 36
318 1146 8
1508 558 14
22 1522 49
1667 513 92
1865 928 49
1965 1128 71
736 1047 44
953 1611 24
1099 959 71
170 307 58
1158 625 56
865 485 14
630 507 36
1578 175 1
1522 392 81
470 357 10
1541 1445 57
536 398 20
559 1850 31
1182 20 38
291 1530 16
547 747 1
1712 1377 9
400 956 36
1600 478 28
81 1300 37
42 1193 82
698 81 33
1669 641 83
1599 175 55
189 466 86
1404 1365 33
1104 1078 11
1664 1478 19
751 1430 49
230 1511 1
66 1905 47
1700 955 28
1732 624 69
1966 224 96
220 413 15
5 169 80
890 1273 58
1152 1290 88
722 393 19
770 624 82
822 1042 88
68 742 43
1396 826 68
1716 792 44
212 1365 9
1878 1722 78
557 612 3
667 116 45
606 838 39
1624 1960 63
858 783 57
1997 1203 100
1739 599 78
458 668 23
1753 1232 88
1461 1110 62
1690 1667 75
1193 686 43
689 1293 82
227 1269 94
741 127 29
298 124 33
949 216 84
778 1026 52
1400 780 84
1739 593 94
1801 636 14
827 181 100
1969 870 93
302 1098 15
596 191 42
24 489 19
1008 1790 87
592 569 13
843 321 45
327 61 91
1272 214 27
1885 1393 8
1537 1362 30
481 1665 80
695 613 72
1037 989 13
207 350 4
1593 942 25
5 1785 46
1550 464 59
392 89 25
1518 1974 18
1177 1511 81
1706 1993 98
1686 688 63
209 77 4
1221 284 54
376 1877 96
100 235 34
498 137 50
956 529 39
1981 399 66
750 1576 29
530 1634 74
679 1672 15
1793 1881 44
1897 1455 29
350 1831 58
98 284 45
1983 782 82
332 90 63
1123 423 62
240 1174 90
868 56 77
1842 736 49
1856 529 31
299 426 38
1379 1129 69
689 1579 5
585 1562 87
267 246 30
1181 1369 53
495 1609 79
1384 830 36
612 672 72
1161 880 53
1943 1531 32
180 1263 13
600 304 92
1305 889 54
1143 1508 100
1424 690 22
1777 1537 83
1655 1273 13
1590 1886 37
613 1047 69
518 1342 1
849 1522 16
661 474 20
404 131 61
1357 1627 70
908 1051 12
181 828 49
1064 836 22
1128 778 8
1865 1744 7
1833 262 49
1685 1463 23
800 476 50
571 880 81
1232 589 8
1401 1849 60
964 383 40
1712 1447 28
85 927 7
345 792 3
1651 978 65
652 663 80
1526 1816 56
875 387 88
356 1971 77
1815 1724 78
1974 688 61
1666 400 60
193 838 88
1851 1183 32
1253 1186 10
917 1838 74
748 1365 42
703 592 81
1890 1300 53
18 1116 77
348 1442 18
708 1460 70
868 1654 8
307 1505 91
538 759 78
1748 28 68
1973 777 85
14 1832 78
1146 75 30
1898 445 46
727 793 41
244 1502 1
513 722 7
1621 1381 13
263 1919 24
92 19 4
1760 1992 33
1496 358 66
1473 1505 93
1455 1755 38
552 482 32
1092 1078 86
1445 1592 60
1451 1565 41
963 1828 12
1938 1921 32
1294 33 24
1426 1529 35
1743 1355 92
487 810 47
1325 1362 82
1308 455 60
793 1900 4
1704 1703 69
1644 667 50
1855 957 71
86 251 4
662 30 33
1948 125 40
739 613 50
1637 1938 13
1370 1246 20
182 391 72
585 95 75
906 1739 94
1055 1946 4
1477 385 55
1580 1047 37
1564 1347 63
1256 86 76
1405 75 14
1269 1446 12
1588 1980 3
511 565 50
1138 1823 89
431 878 87
1034 707 72
241 639 71
1477 556 18
1191 1812 56
1166 1217 32
1431 487 30
1294 427 10
1196 1291 27
1545 429 51
1985 1212 81
724 599 89
1495 1192 28
18 1021 84
1535 213 96
1491 1379 66
1522 1163 53
1703 457 32
1512 6 23
238 1903 4
1140 241 69
1273 965 68
1761 812 60
1240 830 33
1276 366 46
771 1857 78
1836 1731 93
1740 1786 50
424 1298 8
398 1888 12
802 1381 53
770 654 70
1689 415 82
1800 7 13
932 1283 79
630 407 88
1707 595 71
299 336 57
1700 1112 7
1108 1510 95
771 312 76
675 1434 82
1544 1475 49
1225 1275 57
1737 560 40
967 1190 47
406 1249 95
1576 1900 31
532 1600 95
1490 1060 5
1985 1831 70
212 506 56
1094 50 32
742 1628 59
750 1365 19
1690 685 61
1388 1091 10
1682 668 10
664 1552 63
758 1043 23
715 1380 7
984 1944 13
1039 1390 16
922 133 44
81 1235 61
1799 1277 46
1412 666 90
1921 700 10
683 1717 14
1045 827 57
819 1894 89
425 1230 86
538 270 76
1405 1544 61
1900 1625 97
1760 1777 74
658 1189 92
647 1462 45
1656 145 14
569 1190 93
878 10 88
918 787 18
903 1677 40
279 1082 85
491 982 62
1587 1095 91
1961 1753 32
1704 752 95
148 760 40
661 1681 83
706 559 45
293 1830 32
1110 1085 62
550 1716 44
1886 208 79
847 1795 74
1938 108 79
569 165 31
1015 665 43
1607 1679 24
1741 385 36
1885 678 66
1168 1788 51
129 690 68
525 928 28
1903 1776 23
728 66 84
1306 987 1
988 355 66
1430 1962 45
1553 1703 30
588 1940 8
1805 1460 49
1756 1942 91
1775 467 20
2 722 96
376 1450 14
1211 1108 53
211 96 8
1877 1878 70
1221 1783 25
951 372 65
1710 529 78
610 637 20
201 412 39
720 766 61
1367 1495 63
432 706 71
484 1270 67
1244 1147 97
1965 720 80
390 23 4
1106 1734 34
1283 696 71
1402 897 36
340 1617 54
352 1336 49
1814 1768 8
384 605 78
1402 1849 77
298 1814 97
1330 204 21
733 1311 7
666 946 3
1589 349 53
1276 1041 70
81 1394 59
382 1208 27
1389 1945 32
18 1347 81
1794 1998 48
642 1328 52
1514 61 15
472 1080 62
1775 1021 63
327 649 56
848 730 2
1058 1112 63
685 853 8
1268 1223 7
1701 1369 5
1948 12 33
751 1526 47
866 1999 27
279 126 100
393 805 49
1548 5 79
802 1064 44
1264 101 97
1671 1369 73
1777 1422 42
1882 1370 54
1666 474 33
1512 1692 84
790 1971 62
1089 716 19
389 264 24
68 1418 40
1563 682 41
1911 353 63
1483 483 85
425 717 8
1730 383 82
562 248 74
97 1390 97
1758 832 13
576 1221 29
1752 1641 48
1991 1204 30
684 1116 36
1098 599 19
582 1024 36
141 755 71
1822 1669 19
1547 119 62
1243 229 94
7 806 15
1036 910 57
1835 1253 13
964 289 29
1151 1387 29
1469 322 5
856 463 12
627 638 34
997 185 53
758 1781 82
1351 1788 40
1518 1176 50
1326 1363 56
338 328 45
467 1831 85
1547 1301 7
3 157 70
1215 1136 8
448 134 46
1800 892 79
1733 596 19
473 114 48
474 1440 11
1729 130 91
1626 597 23
910 144 24
516 148 33
937 1715 70
1997 515 56
1594 315 100
972 400 48
842 873 62
1889 1348 54
300 1429 85
1390 1407 34
312 669 31
887 1537 31
1972 475 46
193 824 61
548 418 28
499 1742 28
1047 584 54
60 474 2
514 1126 83
1450 868 43
983 1181 12
1365 420 50
1895 744 77
140 937 1
1252 1837 19
679 337 13
859 1384 97
1912 1444 23
665 310 49
847 112 18
789 1448 51
1753 813 23
1902 709 68
878 1201 5
678 454 95
1248 1485 32
1560 696 68
456 608 64
179 1273 27
1379 473 39
1096 1614 87
698 1367 53
721 1269 62
1488 499 15
1544 1177 21
1438 777 7
21 337 3
1988 1146 64
1752 1677 37
178 1408 62
1068 857 77
1407 1555 96
559 276 66
772 116 65
186 13 95
407 1451 24
465 1473 14
1219 1813 60
934 1917 89
1571 447 49
1384 1516 6
460 923 62
1256 1834 90
1673 606 7
589 1144 72
1035 1903 23
259 720 48
172 292 62
1583 1226 31
1023 1149 79
1871 534 47
1577 1346 22
1190 954 56
1079 627 14
1437 1569 10
1808 604 14
1983 1215 86
1630 1739 78
1443 1322 5
1174 697 54
1704 569 40
1750 498 87
1071 1688 41
226 767 21
691 557 42
300 365 98
1813 700 14
751 331 53
1628 126 28
1732 1652 25
1338 1356 46
1477 1106 44
963 529 32
1756 755 52
1528 1798 61
869 99 78
1166 264 79
1031 1015 62
636 644 88
1563 728 93
1539 418 49
85 248 8
1480 1563 37
564 1319 45
415 1199 95
1527 68 94
1004 1587 59
1182 618 26
43 1254 22
1383 1169 3
375 709 21
1075 1146 21
1234 626 85
1923 1190 4
1719 1957 4
1313 1484 24
1007 489 11
1317 1671 82
994 67 88
1316 1450 58
1070 177 19
1242 1604 65
1663 1191 91
1647 1466 34
1302 1185 91
157 498 76
1081 1857 65
1943 1526 88
1424 873 55
864 541 57
1121 1611 86
439 1205 43
1255 868 34
697 867 100
1330 170 37
1921 327 87
348 1760 97
1264 1704 23
1851 1480 48
858 344 89
1666 1817 52
1004 608 58
1946 1863 78
431 561 46
382 243 68
1518 164 95
1504 512 8
1700 128 64
1775 1980 44
1074 1190 41
563 1208 58
366 212 67
1023 510 82
1253 941 95
1998 1323 39
1617 1193 55
1563 698 20
1270 750 48
1033 877 80
629 1952 70
569 867 79
326 1233 43
1044 609 54
1626 1862 95
1120 212 71
1210 1829 64
1465 1392 14
584 1015 17
1831 48 94
1411 677 98
532 1246 65
510 1925 51
1405 969 60
458 947 74
804 68 86
474 1630 67
1690 1095 11
1955 1679 26
971 1863 75
1217 1274 4
1414 1806 51
831 669 76
1481 74 97
1092 884 45
565 1688 65
602 515 95
820 557 91
430 512 22
1056 1836 85
82 1053 11
1785 819 18
735 1650 39
1962 1483 65
511 575 1
1655 1492 41
1219 94 56
765 914 65
1407 1345 78
1729 753 66
1913 835 71
1724 620 90
1693 1708 93
683 22 76
99 533 4
399 188 96
739 1759 43
1947 877 57
1711 284 54
340 13 7
805 279 94
1027 355 15
1717 400 23
761 1435 97
936 1534 31
391 285 71
987 1376 31
29 1323 60
337 1387 44
343 79 10
1101 885 41
695 1912 96
909 1981 48
1183 742 83
1831 31 69
661 422 6
32 1761 82
1514 142 58
1873 480 45
868 1175 24
1877 276 61
1517 971 26
1864 232 59
611 1767 2
1145 1599 85
1565 260 7
270 644 21
352 158 63
461 383 95
1605 1252 70
1180 1129 47
1641 999 70
718 863 3
1776 1827 70
1929 1324 21
113 1242 34
1072 1512 78
1792 216 89
1006 677 72
701 634 24
1922 1815 6
1068 1808 57
1538 878 72
592 654 51
1413 936 76
1834 1049 18
867 473 82
896 617 51
1084 1624 80
8 677 15
183 599 82
1488 1668 42
144 1558 20
16 150 26
418 1915 62
1793 1749 64
762 968 37
1596 217 7
998 1301 31
1077 1309 60
143 1493 59
1376 1333 79
417 1830 89
688 198 39
1614 616 55
1827 762 56
1442 1876 77
1531 1472 94
237 470 95
919 1900 57
278 43 2
236 1420 87
567 189 17
455 878 67
846 844 84
1152 1023 46
1207 466 22
583 1997 47
176 586 69
1423 1505 69
331 1783 65
732 371 37
1170 938 26
1087 1394 56
1553 240 52
988 1392 28
1185 951 94
1259 1887 43
805 63 81
1525 1838 86
146 169 21
810 1253 44
1246 424 35
223 1863 29
431 1768 21
1834 757 65
261 1942 68
1506 1553 55
1100 710 71
1632 236 9
1669 382 31
1489 1544 84
385 1142 60
219 1717 23
1447 148 92
1619 335 1
1535 948 95
402 807 49
1157 259 59
679 1892 47
1687 1561 81
1217 1051 25
353 1788 67
264 7 85
1687 1806 85
1230 1425 20
1530 1312 21
476 1714 28
624 1223 87
1835 254 79
1633 1942 41
1814 1511 44
1538 216 32
757 481 91
1693 520 97
777 1750 74
549 1632 86
1269 108 52
1148 1085 28
934 920 82
965 553 76
557 719 88
1200 258 56
1983 1367 37
773 1060 57
1369 1837 59
94 738 91
1779 359 52
1882 1507 37
1209 442 9
1143 1759 62
1018 316 82
757 1868 92
713 1851 59
1501 976 71
810 697 60
1868 791 99
911 922 58
62 804 18
298 366 60
1806 1509 71
219 527 87
1352 1285 55
1095 1998 58
205 1499 86
375 661 83
735 530 26
185 1441 48
1994 1855 52
1311 505 70
1422 663 79
1292 1234 7
1830 587 92
236 34 42
493 240 93
78 967 55
712 1702 37
137 239 30
836 234 85
340 1545 90
209 1320 5
1588 612 39
1494 443 26
1037 679 61
930 1525 53
674 1955 20
728 1020 75
1664 1157 14
745 1994 100
1329 686 98
770 895 18
874 483 82
213 329 25
490 1366 57
802 648 34
1354 1323 89
1226 51 9
800 68 19
965 1165 65
1717 495 51
14 1617 46
1631 492 82
212 1057 11
1589 1899 30
1997 702 78
1930 408 1
1818 1634 5
1079 786 25
1497 104 90
261 1821 37
63 1835 55
408 1818 99
1589 382 8
1452 1971 7
681 1968 9
558 1898 70
111 69 56
67 1148 95
443 645 99
1984 1258 20
21 1321 7
27 81 77
877 23 59
784 1475 83
590 156 51
1451 1066 2
720 1529 71
327 1596 71
721 391 68
1219 376 26
1890 749 99
748 1128 80
1424 5 3
483 1141 78
1865 83 86
1567 1534 53
1520 606 82
1542 1286 31
712 7 22
879 1579 50
656 1469 99
1754 570 27
934 1994 84
488 829 25
1166 1046 61
351 966 95
955 486 54
737 381 40
819 1093 99
940 325 78
1790 981 100
1740 1088 70
467 374 64
1902 862 46
479 380 92
1139 732 58
1685 39 97
838 1128 78
1629 1947 23
428 1240 100
1157 1382 34
1356 1122 22
125 1941 96
1241 196 58
1186 675 39
177 1814 23
487 1499 62
1635 690 43
1164 671 90
1786 1451 82
1438 609 64
71 1965 39
1792 91 32
239 1332 28
1548 518 55
1238 1047 69
12 1886 21
826 1873 63
768 1037 34
657 1176 86
491 614 95
1706 685 60
44 829 3
1028 1420 35
207 968 5
62 207 5
82 571 91
1602 1397 17
164 165 54
1750 1175 30
435 1666 44
1729 1372 81
1340 1769 62
1395 797 82
429 1004 51
686 1418 10
1990 1501 81
1532 1103 31
948 1620 96
1754 1370 23
1383 1805 41
1979 1886 14
1611 1578 35
73 973 84
1954 1755 40
1156 441 59
917 783 60
1250 667 15
980 1968 35
1227 74 57
650 1809 14
442 1788 52
1607 1752 31
541 177 56
624 483 63
64 1640 56
1274 909 39
1633 159 59
1799 1491 79
1586 719 53
742 1721 62
56 163 3
1959 1771 55
1441 664 32
1897 1641 15
811 1705 7
167 1331 17
305 964 28
1815 1115 20
1293 701 91
1197 1444 12
559 1852 27
61 1811 98
1667 1605 15
1450 1854 56
1716 665 13
1975 832 44
1143 1490 60
470 1305 75
1289 951 77
1531 148 73
1142 1059 25
1621 1472 88
1870 1139 93
784 941 99
1339 658 65
1951 985 97
246 128 39
1505 598 45
232 240 48
1308 1771 48
180 1266 60
1256 887 32
495 757 72
1340 1894 65
38 1233 75
1402 1537 60
1951 1783 88
1989 1641 39
1685 1873 79
684 1181 2
1832 1713 20
391 1321 7
774 1816 17
297 1156 11
762 1195 96
236 949 33
1048 900 69
1635 1242 10
1525 1279 83
1655 1964 16
1557 148 81
1428 891 2
1835 1665 18
1703 1963 75
1465 1077 70
460 1665 71
993 713 24
13 701 66
322 226 45
856 1882 61
571 1791 9
351 1219 100
1804 1406 18
721 1461 33
795 926 10
416 1387 75
987 732 89
810 745 42
227 1419 68
923 275 2
1584 1198 45
392 1901 17
444 1705 75
161 426 37
545 1574 15
1654 342 2
780 1329 86
268 491 83
1161 1070 2
1929 1994 29
1282 1578 27
779 322 28
1495 766 85
1969 1279 12
257 1824 38
1472 1478 80
425 259 62
111 879 5
893 41 76
1447 322 70
275 1956 100
302 735 22
581 582 89
918 904 20
1329 1161 45
18 985 75
697 1411 34
1058 1874 66
263 1119 59
890 566 81
1511 842 89
1710 1496 25
583 429 7
223 1347 11
1143 1028 25
1887 1398 10
461 96 73
1647 1506 47
1712 121 67
170 1011 85
1302 874 79
742 936 75
566 1520 57
1325 1743 56
987 1238 37
1811 1125 35
1973 1939 83
1545 1586 90
1344 1650 63
1910 172 27
1394 1826 1
73 568 90
599 1135 10
1907 812 5
915 1799 44
951 1963 21
737 1936 60
620 1833 46
361 1177 96
575 1087 20
1801 834 46
254 1259 15
1643 1858 2
904 118 14
1908 1033 13
503 336 76
224 1073 64
1883 45 98
1481 758 75
728 1334 15
148 1135 49
1393 1741 8
1207 1384 18
508 288 36
973 549 21
886 1052 57
1113 1628 83
1277 1512 28
1626 1345 87
800 73 73
1414 573 60
1214 1967 2
1921 1526 86
1191 387 27
226 1360 76
999 598 80
1755 1712 9
1937 1341 73
517 967 18
1503 1767 43
527 1534 17
686 748 36
939 1022 14
225 213 1
503 791 62
1330 1790 12
1209 1546 24
717 1835 65
441 352 84
1510 207 4
653 734 38
721 1773 38
1108 712 60
1021 1289 73
1322 1792 17
1335 1474 7
1946 684 5
622 1753 41
638 195 45
1622 1705 53
725 710 39
1714 1431 12
1451 539 77
563 1913 66
1535 1235 11
3 922 85
1910 1220 69
66 194 75
58 833 70
403 807 27
955 1884 38
945 1598 21
357 1401 61
833 1964 74
950 1852 61
860 1855 35
597 117 7
1017 184 54
1191 242 39
1912 997 46
339 304 82
1828 1250 32
748 1607 33
560 792 50
285 1742 2
1597 955 9
183 1904 79
342 921 63
695 113 57
233 377 55
930 1068 59
1511 896 9
42 1997 68
326 909 12
927 1195 7
1380 1144 62
1689 1328 66
467 1670 39
1781 717 4
1337 950 82
243 1880 50
1454 1743 99
1562 1785 48
1982 463 57
1193 1391 52
499 771 49
1112 460 77
1629 1279 99
1068 1060 16
1323 750 18
1604 1345 98
1306 799 41
256 714 78
1203 696 41
1059 241 84
463 1093 56
1011 557 68
1239 187 100
1137 1607 60
104 1282 62
21 1239 8
170 897 59
62 1153 73
91 708 21
583 119 15
467 582 8
1122 1945 17
941 1184 56
40 673 63
552 1129 98
1813 1150 37
772 1672 34
883 1734 39
1355 1825 47
1228 409 66
1694 1228 1
901 350 98
1369 1643 83
25 1684 8
639 236 38
536 401 40
1672 1526 13
1705 409 99
1595 116 77
1841 1696 86
559 1390 66
211 643 68
1808 13 11
942 38 95
1102 677 83
39 1566 37
478 1238 63
942 1296 24
1141 891 92
1517 1085 89
654 1996 79
1019 207 75
86 367 88
796 1310 78
1543 412 7
525 803 73
261 1633 64
1875 576 12
1898 1717 3
390 1586 40
930 592 36
860 1611 95
1434 49 63
373 1197 25
1702 740 37
1709 1618 92
1633 231 25
796 459 1
1607 357 70
1662 1099 8
1153 29 100
289 1242 11
335 676 12
397 1402 10
121 1104 2
609 813 72
252 447 4
1177 1595 15
1029 1555 24
599 1217 24
106 370 5
558 1011 47
268 1347 76
732 96 78
41 570 82
794 1531 48
1166 1784 47
121 1313 94
1535 342 49
10 1293 18
1233 1752 41
1190 310 52
388 930 51
615 1662 48
1892 55 70
626 850 1
525 368 37
871 841 50
1516 728 93
1365 738 86
782 324 38
922 1514 48
426 254 79
1276 870 93
575 1114 49
444 92 51
197 617 71
1733 1840 12
583 1357 92
127 1074 30
964 1856 54
1202 1131 20
101 1909 27
1931 1185 97
1424 113 11
1324 909 4
74 1458 73
1544 1192 14
207 127 23
1598 606 97
79 1570 5
885 772 36
1556 1226 45
482 1157 83
278 933 48
1541 257 9
896 683 68
868 579 12
1033 1138 39
555 1088 45
1503 1168 15
308 53 40
243 1609 66
440 92 75
174 722 61
21 263 70
1129 1511 54
1696 732 85
1807 1765 24
397 673 12
1593 176 32
360 484 37
1899 1080 99
1016 1520 43
1642 1694 65
1202 67 81
1372 1548 92
577 1597 24
713 1756 42
1988 154 15
352 1747 91
1883 459 76
1820 358 56
1718 1726 28
60 1369 74
1476 923 41
1156 647 89
700 1576 86
975 290 43
1016 278 49
82 630 48
973 866 8
700 1038 18
1507 1108 45
1834 1168 14
559 996 89
999 505 37
1339 1557 13
925 532 55
619 1901 86
819 1983 68
766 1308 34
1525 360 72
643 1867 80
1487 53 100
52 612 49
1540 1963 54
28 1303 11
93 580 95
447 1551 96
1432 370 32
1400 1488 40
585 1014 1
457 1657 20
1788 1496 74
640 1900 38
840 1792 2
1193 1821 5
1455 1914 85
249 713 36
945 146 58
1976 1898 46
667 483 60
1719 1292 69
639 1433 17
1612 425 69
1901 1265 62
1802 810 35
1358 265 1
1142 514 14
829 1811 12
886 139 62
784 1159 46
1695 878 90
264 1517 75
1032 1481 100
1701 1383 65
514 1537 27
1148 896 92
48 38 59
13 1220 22
125 458 62
486 1594 73
1683 1290 51
525 1906 69
799 938 2
1499 991 85
1815 1505 23
942 653 71
685 1053 61
943 1067 81
1365 1544 92
278 382 86
350 418 76
1300 943 34
120 1742 73
422 1593 16
458 1409 22
32 703 27
502 1388 81
1363 332 100
1795 49 44
1038 679 78
1524 1029 96
1651 681 39
1685 802 34
1009 1576 27
1324 386 36
1497 419 91
676 1273 80
556 988 64
207 784 65
1050 1822 44
979 1698 25
975 1350 6
1913 1387 60
946 748 36
1925 424 75
1960 1922 94
1403 598 19
234 1506 8
1397 1713 44
1313 1115 18
1556 94 17
1180 1421 19
1837 1335 58
1297 633 6
684 558 30
458 871 4
1003 626 54
822 860 12
1981 609 77
1924 1922 44
41 1830 91
209 1362 12
1727 1199 99
1336 496 85
1341 1533 43
123 1991 66
826 995 92
832 169 52
343 150 61
272 426 35
1315 467 65
805 1029 27
69 1108 79
667 445 75
251 1786 60
746 261 52
463 1440 99
807 272 68
1658 967 18
1471 1591 44
1557 907 63
1122 64 92
400 133 53
878 1153 98
205 1756 36
1064 854 98
1915 1318 38
113 125 62
832 135 81
1349 1958 73
644 1516 32
407 990 96
1550 1390 82
1802 621 87
851 826 43
1687 242 50
1136 510 68
25 975 93
1186 1808 80
18 1157 39
90 154 7
1421 913 97
1169 815 87
1402 618 60
788 1821 86
282 1860 29
631 996 91
298 1021 66
442 559 74
1074 578 84
1312 668 38
1418 442 51
866 1611 66
1352 1013 36
812 153 10
1449 435 70
329 1419 67
1719 69 40
85 864 100
610 1938 78
293 1602 98
130 1372 40
1232 238 3
1150 1942 68
37 1106 21
746 556 9
1316 1237 28
882 1309 97
1821 1394 61
1672 356 51
1749 650 53
1199 1132 25
1090 717 63
945 1867 6
1812 1904 12
1185 651 20
1345 1967 58
924 1201 67
220 1374 13
733 1047 21
1535 1148 71
1588 347 56
1012 1790 73
1027 735 40
984 547 44
1695 84 47
1667 1429 66
876 353 67
1394 926 42
1658 11 41
278 1546 89
1549 1486 89
304 851 79
1776 1878 14
1467 862 13
1062 909 98
1309 576 79
226 1804 33
1993 1198 11
1486 856 22
378 1135 68
66 1036 7
454 1340 58
984 1468 36
1897 1287 50
62 349 11
1959 10 40
1989 237 44
21 582 43
1331 420 51
1004 798 86
224 1216 22
930 23 14
487 1007 34
274 1257 21
1275 1319 23
1185 1630 33
376 1619 22
1020 1993 56
1214 1676 76
264 681 26
802 905 43
23 1835 66
1289 674 25
22 948 34
395 223 53
1117 1760 35
201 137 7
1523 1509 52
1778 723 28
806 1339 9
631 141 66
1673 517 53
1090 1806 27
1867 180 75
1900 575 50
1605 44 11
1291 246 48
597 1769 9
600 1899 84
1928 705 23
288 1689 17
1554 1714 86
1006 1157 44
1133 1024 24
559 924 52
209 881 96
1971 173 94
1870 1122 15
1278 1723 15
1761 1651 72
1935 291 61
603 1845 28
1788 1204 85
1483 689 9
1359 1600 85
1810 1809 67
657 1780 92
103 2 14
1317 1280 37
783 1393 40
1307 1329 32
1167 284 29
1446 425 85
530 1908 74
990 1267 27
375 1429 36
993 439 69
136 542 71
49 1859 4
38 995 97
1677 302 78
1960 1821 63
89 1268 88
125 1798 96
499 789 16
1177 1516 45
1664 861 36
1932 997 78
555 1398 90
810 1436 85
106 1466 87
1084 1426 8
346 1867 76
33 1993 27
1980 844 68
1195 21 84
192 1685 97
1627 1970 94
1605 877 44
146 1687 81
1330 145 99
1168 1581 77
475 1927 97
1403 312 42
481 645 38
348 1840 11
83 32 96
679 12 18
624 1617 47
1967 115 86
1099 1445 32
49 613 65
426 1440 93
1374 843 57
315 1324 2
452 24 95
962 107 79
1509 1138 91
379 1762 60
125 82 75
263 1181 72
194 1231 85
410 9 26
202 1383 21
1011 1698 98
464 502 22
1758 1464 82
1437 973 20
1479 1352 83
1139 1830 65
1265 93 98
837 639 81
1021 1049 42
998 1604 25
1819 967 75
668 1431 77
1189 1190 93
170 979 19
290 810 23
524 301 53
840 1567 98
689 756 89
1770 129 39
1563 1128 95
740 1299 62
1614 1967 93
1343 1508 35
887 31 66
1405 321 77
1628 1197 30
32 37 49
882 726 5
370 848 35
1260 412 15
1754 1504 66
1215 1118 85
460 813 45
894 1701 76
1012 1458 49
1940 1438 46
1169 1823 35
318 705 62
574 1427 62
608 688 26
474 442 30
1991 10 1
1827 470 66
1172 1716 19
547 728 78
596 668 16
193 190 91
1828 508 96
541 1082 24
454 43 12
780 869 6
961 861 16
613 1040 38
1079 212 55
1597 1112 35
1926 60 56
1694 253 46
1284 433 54
1932 974 88
1655 1429 83
418 561 53
1975 1874 66
1543 488 6
1580 1919 71
1686 1868 83
521 1795 43
376 1489 48
421 1125 82
1326 1057 56
1665 1064 37
48 1834 50
1652 1810 25
469 1353 13
1974 1285 84
44 972 52
1578 1845 47
820 221 88
1020 994 14
1301 320 71
908 337 88
1945 737 22
246 389 32
70 858 37
734 1185 23
1317 1581 47
1769 1512 92
367 684 65
455 1704 59
20 1005 31
642 266 68
329 211 6
1851 809 47
1182 880 58
571 1966 43
1245 1284 76
891 1405 88
734 1772 73
798 579 77
208 599 35
1938 1242 1
357 1571 64
1162 1422 73
1061 957 5
1818 1528 72
112 773 56
339 16 13
1727 750 85
151 1900 65
279 108 16
1765 398 58
1165 755 30
1480 270 4
605 1331 61
609 1149 41
580 1613 66
187 1952 34
1199 31 36
336 534 36
52 814 96
367 579 94
277 97 50
1758 1929 20
661 534 51
874 1144 52
966 76 17
1832 264 69
1417 1815 53
1753 503 87
1988 907 53
684 1275 85
129 1904 82
1978 1662 11
97 323 98
1899 1549 42
1202 516 18
118 700 34
1339 117 2
943 1870 57
729 1859 65
1682 895 92
1918 1024 96
1899 1355 58
161 1804 81
958 56 31
1251 1258 99
1621 1729 99
606 1420 16
1407 715 87
1416 1444 98
1980 1478 45
171 1396 21
266 1647 76
23 161 81
455 1471 89
437 723 99
935 344 80
133 1302 100
1449 1062 15
987 478 12
384 458 42
1028 981 39
1048 1247 38
776 1622 99
308 429 71
1896 867 94
1094 154 90
374 288 92
1425 89 6
840 1076 84
403 1812 42
1444 840 75
234 240 74
672 1016 48
1270 1324 78
1692 1220 97
837 315 51
678 689 91
1822 114 32
27 1306 60
711 61 72
204 1506 64
679 1740 5
752 764 21
1152 387 46
1629 79 18
1677 1269 33
1879 1947 74
722 1769 41
1653 1797 99
365 508 61
536 1064 19
252 1743 11
1856 848 76
476 0 63
773 1981 94
643 1658 63
827 1889 11
1701 611 80
1393 617 29
743 982 37
1803 1870 54
721 122 97
84 1978 97
1859 807 49
373 1932 30
1318 575 40
1181 1403 30
1343 1456 41
1274 1201 10
1003 1944 92
1591 100 15
1244 821 37
993 1257 68
1589 1116 27
890 1841 59
1819 1160 87
1111 341 42
1940 36 98
1732 1310 99
142 665 95
1885 609 95
1499 205 69
1588 1198 26
7 1140 43
1233 382 84
743 201 44
1181 1312 37
1022 1604 25
319 1689 88
1169 1831 53
1964 1716 14
858 1568 20
1278 1508 70
604 1515 62
1046 748 44
1681 1843 98
1477 1025 62
1965 47 19
490 719 8
677 240 39
1881 204 7
1695 1415 27
66 693 35
1987 1297 50
1401 695 50
844 729 46
1193 558 71
1207 523 70
825 1013 41
132 42 82
1622 276 38
1180 1971 53
307 389 99
941 376 48
1443 1777 96
1044 974 25
489 519 83
1311 1726 58
533 551 72
473 1035 66
654 657 42
1392 1838 65
1896 497 54
1446 1790 83
294 1233 12
189 630 38
1165 1119 58
699 783 84
756 1316 88
179 1789 23
1645 796 33
1738 540 71
1803 436 20
608 235 10
142 529 96
1806 1070 26
443 587 97
1600 1286 80
836 42 96
975 222 38
149 1867 34
1981 1957 26
3 1760 14
